Meest voorkomende familienamen in 2025 - Provincie/Gewest,,,,,
Rang,REFNIS,NUTS2,Provincie/Gewest,Last Names,Aantal
1,04000,BE10,Brussels Hoofdstedelijk Gewest,Diallo,"5,364"
2,04000,BE10,Brussels Hoofdstedelijk Gewest,Bah,"2,884"
3,04000,BE10,Brussels Hoofdstedelijk Gewest,Barry,"2,032"
4,04000,BE10,Brussels Hoofdstedelijk Gewest,Sow,"1,483"
5,04000,BE10,Brussels Hoofdstedelijk Gewest,Nguyen,956
6,04000,BE10,Brussels Hoofdstedelijk Gewest,Camara,779
7,04000,BE10,Brussels Hoofdstedelijk Gewest,Janssens,747
8,04000,BE10,Brussels Hoofdstedelijk Gewest,Dubois,746
9,04000,BE10,Brussels Hoofdstedelijk Gewest,Ali,726
10,04000,BE10,Brussels Hoofdstedelijk Gewest,Peeters,718
11,04000,BE10,Brussels Hoofdstedelijk Gewest,Ahmed,717
12,04000,BE10,Brussels Hoofdstedelijk Gewest,Martin,683
13,04000,BE10,Brussels Hoofdstedelijk Gewest,Balde,682
14,04000,BE10,Brussels Hoofdstedelijk Gewest,Benali,678
15,04000,BE10,Brussels Hoofdstedelijk Gewest,Hajji,638
16,04000,BE10,Brussels Hoofdstedelijk Gewest,Khan,630
17,04000,BE10,Brussels Hoofdstedelijk Gewest,Singh,619
18,04000,BE10,Brussels Hoofdstedelijk Gewest,Simon,618
19,04000,BE10,Brussels Hoofdstedelijk Gewest,Jacobs,609
20,04000,BE10,Brussels Hoofdstedelijk Gewest,Yilmaz,574
21,04000,BE10,Brussels Hoofdstedelijk Gewest,Mertens,566
22,04000,BE10,Brussels Hoofdstedelijk Gewest,Dupont,552
23,04000,BE10,Brussels Hoofdstedelijk Gewest,Maes,542
24,04000,BE10,Brussels Hoofdstedelijk Gewest,Lambert,518
25,04000,BE10,Brussels Hoofdstedelijk Gewest,Dumont,489
25,04000,BE10,Brussels Hoofdstedelijk Gewest,Messaoudi,489
27,04000,BE10,Brussels Hoofdstedelijk Gewest,Ba,485
28,04000,BE10,Brussels Hoofdstedelijk Gewest,François,477
29,04000,BE10,Brussels Hoofdstedelijk Gewest,Michiels,471
30,04000,BE10,Brussels Hoofdstedelijk Gewest,Leroy,457
31,04000,BE10,Brussels Hoofdstedelijk Gewest,El Amrani,451
31,04000,BE10,Brussels Hoofdstedelijk Gewest,Laurent,451
33,04000,BE10,Brussels Hoofdstedelijk Gewest,Thomas,450
34,04000,BE10,Brussels Hoofdstedelijk Gewest,Saidi,449
35,04000,BE10,Brussels Hoofdstedelijk Gewest,Yildirim,440
36,04000,BE10,Brussels Hoofdstedelijk Gewest,Lefebvre,431
37,04000,BE10,Brussels Hoofdstedelijk Gewest,Leclercq,426
38,04000,BE10,Brussels Hoofdstedelijk Gewest,Denis,415
39,04000,BE10,Brussels Hoofdstedelijk Gewest,Lemaire,413
40,04000,BE10,Brussels Hoofdstedelijk Gewest,Goossens,410
41,04000,BE10,Brussels Hoofdstedelijk Gewest,Willems,405
42,04000,BE10,Brussels Hoofdstedelijk Gewest,Gérard,403
43,04000,BE10,Brussels Hoofdstedelijk Gewest,Petit,398
44,04000,BE10,Brussels Hoofdstedelijk Gewest,Fontaine,394
45,04000,BE10,Brussels Hoofdstedelijk Gewest,Bertrand,383
46,04000,BE10,Brussels Hoofdstedelijk Gewest,Michel,378
46,04000,BE10,Brussels Hoofdstedelijk Gewest,Sylla,378
48,04000,BE10,Brussels Hoofdstedelijk Gewest,Bakkali,376
49,04000,BE10,Brussels Hoofdstedelijk Gewest,Demir,373
50,04000,BE10,Brussels Hoofdstedelijk Gewest,Tran,372
51,04000,BE10,Brussels Hoofdstedelijk Gewest,Ziani,363
52,04000,BE10,Brussels Hoofdstedelijk Gewest,Pauwels,360
53,04000,BE10,Brussels Hoofdstedelijk Gewest,El Moussaoui,357
54,04000,BE10,Brussels Hoofdstedelijk Gewest,Bernard,356
55,04000,BE10,Brussels Hoofdstedelijk Gewest,Tahiri,353
56,04000,BE10,Brussels Hoofdstedelijk Gewest,Moreau,352
57,04000,BE10,Brussels Hoofdstedelijk Gewest,Wang,350
58,04000,BE10,Brussels Hoofdstedelijk Gewest,Mathieu,348
58,04000,BE10,Brussels Hoofdstedelijk Gewest,Mustafa,348
60,04000,BE10,Brussels Hoofdstedelijk Gewest,Renard,341
61,04000,BE10,Brussels Hoofdstedelijk Gewest,Benamar,340
62,04000,BE10,Brussels Hoofdstedelijk Gewest,Mehmed,339
63,04000,BE10,Brussels Hoofdstedelijk Gewest,Stevens,334
64,04000,BE10,Brussels Hoofdstedelijk Gewest,Dorot,333
64,04000,BE10,Brussels Hoofdstedelijk Gewest,Kaya,333
66,04000,BE10,Brussels Hoofdstedelijk Gewest,Amrani,332
67,04000,BE10,Brussels Hoofdstedelijk Gewest,André,326
68,04000,BE10,Brussels Hoofdstedelijk Gewest,Mokhtari,325
68,04000,BE10,Brussels Hoofdstedelijk Gewest,Wauters,325
70,04000,BE10,Brussels Hoofdstedelijk Gewest,Noël,323
71,04000,BE10,Brussels Hoofdstedelijk Gewest,Wouters,322
72,04000,BE10,Brussels Hoofdstedelijk Gewest,Talbi,321
73,04000,BE10,Brussels Hoofdstedelijk Gewest,Adam,320
74,04000,BE10,Brussels Hoofdstedelijk Gewest,Hasan,319
75,04000,BE10,Brussels Hoofdstedelijk Gewest,De Greef,318
75,04000,BE10,Brussels Hoofdstedelijk Gewest,Mohammad,318
77,04000,BE10,Brussels Hoofdstedelijk Gewest,Tahri,316
78,04000,BE10,Brussels Hoofdstedelijk Gewest,Afkir,315
79,04000,BE10,Brussels Hoofdstedelijk Gewest,De Smet,314
80,04000,BE10,Brussels Hoofdstedelijk Gewest,Abdellaoui,313
81,04000,BE10,Brussels Hoofdstedelijk Gewest,Charlier,312
82,04000,BE10,Brussels Hoofdstedelijk Gewest,Carlier,311
82,04000,BE10,Brussels Hoofdstedelijk Gewest,Devos,311
82,04000,BE10,Brussels Hoofdstedelijk Gewest,Rousseau,311
85,04000,BE10,Brussels Hoofdstedelijk Gewest,Benaissa,310
85,04000,BE10,Brussels Hoofdstedelijk Gewest,Pop,310
87,04000,BE10,Brussels Hoofdstedelijk Gewest,Marchal,308
88,04000,BE10,Brussels Hoofdstedelijk Gewest,Kara,304
89,04000,BE10,Brussels Hoofdstedelijk Gewest,Timmermans,303
90,04000,BE10,Brussels Hoofdstedelijk Gewest,Desmet,302
91,04000,BE10,Brussels Hoofdstedelijk Gewest,Yildiz,300
92,04000,BE10,Brussels Hoofdstedelijk Gewest,Akin,298
92,04000,BE10,Brussels Hoofdstedelijk Gewest,Claes,298
94,04000,BE10,Brussels Hoofdstedelijk Gewest,El Idrissi,297
94,04000,BE10,Brussels Hoofdstedelijk Gewest,Robert,297
96,04000,BE10,Brussels Hoofdstedelijk Gewest,Azahaf,295
96,04000,BE10,Brussels Hoofdstedelijk Gewest,Henry,295
98,04000,BE10,Brussels Hoofdstedelijk Gewest,Lejeune,293
99,04000,BE10,Brussels Hoofdstedelijk Gewest,Haddad,292
100,04000,BE10,Brussels Hoofdstedelijk Gewest,Amri,291
101,04000,BE10,Brussels Hoofdstedelijk Gewest,Popa,290
102,04000,BE10,Brussels Hoofdstedelijk Gewest,Chen,289
102,04000,BE10,Brussels Hoofdstedelijk Gewest,Sahin,289
104,04000,BE10,Brussels Hoofdstedelijk Gewest,Lebrun,288
105,04000,BE10,Brussels Hoofdstedelijk Gewest,De Backer,287
105,04000,BE10,Brussels Hoofdstedelijk Gewest,Zekhnini,287
107,04000,BE10,Brussels Hoofdstedelijk Gewest,Herman,286
108,04000,BE10,Brussels Hoofdstedelijk Gewest,Kaba,285
109,04000,BE10,Brussels Hoofdstedelijk Gewest,Legrand,283
109,04000,BE10,Brussels Hoofdstedelijk Gewest,Touil,283
111,04000,BE10,Brussels Hoofdstedelijk Gewest,Coppens,282
112,04000,BE10,Brussels Hoofdstedelijk Gewest,De Coster,281
112,04000,BE10,Brussels Hoofdstedelijk Gewest,Ibrahim,281
114,04000,BE10,Brussels Hoofdstedelijk Gewest,Ahmad,279
114,04000,BE10,Brussels Hoofdstedelijk Gewest,Dogan,279
116,04000,BE10,Brussels Hoofdstedelijk Gewest,Gillet,278
117,04000,BE10,Brussels Hoofdstedelijk Gewest,Keita,276
118,04000,BE10,Brussels Hoofdstedelijk Gewest,Popescu,275
119,04000,BE10,Brussels Hoofdstedelijk Gewest,Van Damme,274
120,04000,BE10,Brussels Hoofdstedelijk Gewest,Azzouz,273
121,04000,BE10,Brussels Hoofdstedelijk Gewest,Moussaoui,272
122,04000,BE10,Brussels Hoofdstedelijk Gewest,Toussaint,271
123,04000,BE10,Brussels Hoofdstedelijk Gewest,Yousfi,268
124,04000,BE10,Brussels Hoofdstedelijk Gewest,Mohamed,267
125,04000,BE10,Brussels Hoofdstedelijk Gewest,David,266
126,04000,BE10,Brussels Hoofdstedelijk Gewest,Aarab,265
126,04000,BE10,Brussels Hoofdstedelijk Gewest,Evrard,265
128,04000,BE10,Brussels Hoofdstedelijk Gewest,Hubert,262
129,04000,BE10,Brussels Hoofdstedelijk Gewest,Delvaux,261
129,04000,BE10,Brussels Hoofdstedelijk Gewest,Smets,261
131,04000,BE10,Brussels Hoofdstedelijk Gewest,Meert,260
131,04000,BE10,Brussels Hoofdstedelijk Gewest,Mihai,260
133,04000,BE10,Brussels Hoofdstedelijk Gewest,Kaddouri,256
134,04000,BE10,Brussels Hoofdstedelijk Gewest,Hermans,255
135,04000,BE10,Brussels Hoofdstedelijk Gewest,El Khattabi,254
136,04000,BE10,Brussels Hoofdstedelijk Gewest,Salhi,253
137,04000,BE10,Brussels Hoofdstedelijk Gewest,Daoudi,252
137,04000,BE10,Brussels Hoofdstedelijk Gewest,Jacques,252
137,04000,BE10,Brussels Hoofdstedelijk Gewest,Vermeulen,252
140,04000,BE10,Brussels Hoofdstedelijk Gewest,Hassani,251
140,04000,BE10,Brussels Hoofdstedelijk Gewest,Ismail,251
142,04000,BE10,Brussels Hoofdstedelijk Gewest,Hendrickx,250
143,04000,BE10,Brussels Hoofdstedelijk Gewest,Traore,249
144,04000,BE10,Brussels Hoofdstedelijk Gewest,Toure,248
144,04000,BE10,Brussels Hoofdstedelijk Gewest,Zhang,248
146,04000,BE10,Brussels Hoofdstedelijk Gewest,El Ouahabi,247
147,04000,BE10,Brussels Hoofdstedelijk Gewest,El Hammouchi,246
148,04000,BE10,Brussels Hoofdstedelijk Gewest,Mahieu,244
149,04000,BE10,Brussels Hoofdstedelijk Gewest,Alali,243
149,04000,BE10,Brussels Hoofdstedelijk Gewest,El Kaddouri,243
149,04000,BE10,Brussels Hoofdstedelijk Gewest,Talhaoui,243
152,04000,BE10,Brussels Hoofdstedelijk Gewest,Amraoui,239
152,04000,BE10,Brussels Hoofdstedelijk Gewest,Stoica,239
154,04000,BE10,Brussels Hoofdstedelijk Gewest,Li,237
155,04000,BE10,Brussels Hoofdstedelijk Gewest,Bastin,236
155,04000,BE10,Brussels Hoofdstedelijk Gewest,Diop,236
155,04000,BE10,Brussels Hoofdstedelijk Gewest,Hamdaoui,236
158,04000,BE10,Brussels Hoofdstedelijk Gewest,Ouali,235
159,04000,BE10,Brussels Hoofdstedelijk Gewest,Claeys,234
159,04000,BE10,Brussels Hoofdstedelijk Gewest,Segers,234
161,04000,BE10,Brussels Hoofdstedelijk Gewest,Antoine,233
161,04000,BE10,Brussels Hoofdstedelijk Gewest,Dahmani,233
163,04000,BE10,Brussels Hoofdstedelijk Gewest,Rusu,231
163,04000,BE10,Brussels Hoofdstedelijk Gewest,Sali,231
165,04000,BE10,Brussels Hoofdstedelijk Gewest,Ndiaye,230
166,04000,BE10,Brussels Hoofdstedelijk Gewest,Liu,229
166,04000,BE10,Brussels Hoofdstedelijk Gewest,Rahmani,229
168,04000,BE10,Brussels Hoofdstedelijk Gewest,Aksoy,228
168,04000,BE10,Brussels Hoofdstedelijk Gewest,Amghar,228
168,04000,BE10,Brussels Hoofdstedelijk Gewest,Servais,228
171,04000,BE10,Brussels Hoofdstedelijk Gewest,Özdemir,226
172,04000,BE10,Brussels Hoofdstedelijk Gewest,Guillaume,225
172,04000,BE10,Brussels Hoofdstedelijk Gewest,Louis,225
172,04000,BE10,Brussels Hoofdstedelijk Gewest,Martens,225
175,04000,BE10,Brussels Hoofdstedelijk Gewest,Dia,224
176,04000,BE10,Brussels Hoofdstedelijk Gewest,Sy,223
177,04000,BE10,Brussels Hoofdstedelijk Gewest,Ben Ali,222
177,04000,BE10,Brussels Hoofdstedelijk Gewest,De Ridder,222
177,04000,BE10,Brussels Hoofdstedelijk Gewest,De Smedt,222
177,04000,BE10,Brussels Hoofdstedelijk Gewest,Frunza,222
177,04000,BE10,Brussels Hoofdstedelijk Gewest,Mercier,222
182,04000,BE10,Brussels Hoofdstedelijk Gewest,Heymans,219
182,04000,BE10,Brussels Hoofdstedelijk Gewest,Lacroix,219
184,04000,BE10,Brussels Hoofdstedelijk Gewest,Jalloh,218
185,04000,BE10,Brussels Hoofdstedelijk Gewest,Celik,217
186,04000,BE10,Brussels Hoofdstedelijk Gewest,Taybi,216
187,04000,BE10,Brussels Hoofdstedelijk Gewest,Goffin,215
187,04000,BE10,Brussels Hoofdstedelijk Gewest,Ly,215
189,04000,BE10,Brussels Hoofdstedelijk Gewest,Bouazza,212
189,04000,BE10,Brussels Hoofdstedelijk Gewest,El Bakkali,212
189,04000,BE10,Brussels Hoofdstedelijk Gewest,Radu,212
192,04000,BE10,Brussels Hoofdstedelijk Gewest,Bourgeois,211
192,04000,BE10,Brussels Hoofdstedelijk Gewest,Sall,211
194,04000,BE10,Brussels Hoofdstedelijk Gewest,Abbas,208
194,04000,BE10,Brussels Hoofdstedelijk Gewest,Collard,208
194,04000,BE10,Brussels Hoofdstedelijk Gewest,Lefèvre,208
194,04000,BE10,Brussels Hoofdstedelijk Gewest,Ramadan,208
194,04000,BE10,Brussels Hoofdstedelijk Gewest,Temsamani,208
199,04000,BE10,Brussels Hoofdstedelijk Gewest,Idrissi,207
199,04000,BE10,Brussels Hoofdstedelijk Gewest,Moussa,207
199,04000,BE10,Brussels Hoofdstedelijk Gewest,Thiry,207
202,04000,BE10,Brussels Hoofdstedelijk Gewest,Bangoura,206
202,04000,BE10,Brussels Hoofdstedelijk Gewest,Kasem,206
204,04000,BE10,Brussels Hoofdstedelijk Gewest,Aydin,205
205,04000,BE10,Brussels Hoofdstedelijk Gewest,Bas,204
205,04000,BE10,Brussels Hoofdstedelijk Gewest,Janssen,204
205,04000,BE10,Brussels Hoofdstedelijk Gewest,Vincent,204
208,04000,BE10,Brussels Hoofdstedelijk Gewest,Loukili,203
209,04000,BE10,Brussels Hoofdstedelijk Gewest,Bouali,202
209,04000,BE10,Brussels Hoofdstedelijk Gewest,Muhammad,202
209,04000,BE10,Brussels Hoofdstedelijk Gewest,Pierre,202
212,04000,BE10,Brussels Hoofdstedelijk Gewest,Cisse,201
212,04000,BE10,Brussels Hoofdstedelijk Gewest,Cornet,201
212,04000,BE10,Brussels Hoofdstedelijk Gewest,Libert,201
212,04000,BE10,Brussels Hoofdstedelijk Gewest,Özkan,201
216,04000,BE10,Brussels Hoofdstedelijk Gewest,Eryörük,200
216,04000,BE10,Brussels Hoofdstedelijk Gewest,Yüksel,200
218,04000,BE10,Brussels Hoofdstedelijk Gewest,Collin,199
218,04000,BE10,Brussels Hoofdstedelijk Gewest,De Vos,199
218,04000,BE10,Brussels Hoofdstedelijk Gewest,Grégoire,199
218,04000,BE10,Brussels Hoofdstedelijk Gewest,Marin,199
218,04000,BE10,Brussels Hoofdstedelijk Gewest,Touzani,199
218,04000,BE10,Brussels Hoofdstedelijk Gewest,Verstraeten,199
218,04000,BE10,Brussels Hoofdstedelijk Gewest,Zekri,199
218,04000,BE10,Brussels Hoofdstedelijk Gewest,Ünal,199
226,04000,BE10,Brussels Hoofdstedelijk Gewest,Belhadj,198
226,04000,BE10,Brussels Hoofdstedelijk Gewest,Pham,198
228,04000,BE10,Brussels Hoofdstedelijk Gewest,Fofana,197
228,04000,BE10,Brussels Hoofdstedelijk Gewest,Kavak,197
230,04000,BE10,Brussels Hoofdstedelijk Gewest,Constantin,196
231,04000,BE10,Brussels Hoofdstedelijk Gewest,Karaca,195
231,04000,BE10,Brussels Hoofdstedelijk Gewest,Rossi,195
233,04000,BE10,Brussels Hoofdstedelijk Gewest,Ben Haddou,193
233,04000,BE10,Brussels Hoofdstedelijk Gewest,Moens,193
233,04000,BE10,Brussels Hoofdstedelijk Gewest,Poncelet,193
236,04000,BE10,Brussels Hoofdstedelijk Gewest,Hussain,192
236,04000,BE10,Brussels Hoofdstedelijk Gewest,Michaux,192
236,04000,BE10,Brussels Hoofdstedelijk Gewest,Remy,192
239,04000,BE10,Brussels Hoofdstedelijk Gewest,M'Rabet,190
239,04000,BE10,Brussels Hoofdstedelijk Gewest,Masson,190
239,04000,BE10,Brussels Hoofdstedelijk Gewest,Verhoeven,190
242,04000,BE10,Brussels Hoofdstedelijk Gewest,Cherkaoui,189
242,04000,BE10,Brussels Hoofdstedelijk Gewest,El Messaoudi,189
242,04000,BE10,Brussels Hoofdstedelijk Gewest,Osman,189
245,04000,BE10,Brussels Hoofdstedelijk Gewest,Ben Amar,188
246,04000,BE10,Brussels Hoofdstedelijk Gewest,Alshamali,187
246,04000,BE10,Brussels Hoofdstedelijk Gewest,Berger,187
246,04000,BE10,Brussels Hoofdstedelijk Gewest,De Clercq,187
246,04000,BE10,Brussels Hoofdstedelijk Gewest,Desmedt,187
246,04000,BE10,Brussels Hoofdstedelijk Gewest,Léonard,187
246,04000,BE10,Brussels Hoofdstedelijk Gewest,Mansour,187
246,04000,BE10,Brussels Hoofdstedelijk Gewest,Meunier,187
253,04000,BE10,Brussels Hoofdstedelijk Gewest,Aerts,186
253,04000,BE10,Brussels Hoofdstedelijk Gewest,Alkhalaf,186
255,04000,BE10,Brussels Hoofdstedelijk Gewest,Belhaj,185
255,04000,BE10,Brussels Hoofdstedelijk Gewest,Snoussi,185
257,04000,BE10,Brussels Hoofdstedelijk Gewest,Caliskan,184
257,04000,BE10,Brussels Hoofdstedelijk Gewest,Gharbi,184
257,04000,BE10,Brussels Hoofdstedelijk Gewest,Lecomte,184
257,04000,BE10,Brussels Hoofdstedelijk Gewest,Paul,184
261,04000,BE10,Brussels Hoofdstedelijk Gewest,Hamza,183
261,04000,BE10,Brussels Hoofdstedelijk Gewest,Roland,183
263,04000,BE10,Brussels Hoofdstedelijk Gewest,Aslan,182
263,04000,BE10,Brussels Hoofdstedelijk Gewest,Bachiri,182
263,04000,BE10,Brussels Hoofdstedelijk Gewest,Dufour,182
263,04000,BE10,Brussels Hoofdstedelijk Gewest,Saglam,182
267,04000,BE10,Brussels Hoofdstedelijk Gewest,Piron,181
268,04000,BE10,Brussels Hoofdstedelijk Gewest,Alahmad,180
268,04000,BE10,Brussels Hoofdstedelijk Gewest,Colompar,180
268,04000,BE10,Brussels Hoofdstedelijk Gewest,Delhaye,180
271,04000,BE10,Brussels Hoofdstedelijk Gewest,Güler,179
272,04000,BE10,Brussels Hoofdstedelijk Gewest,Diaby,178
272,04000,BE10,Brussels Hoofdstedelijk Gewest,Munteanu,178
274,04000,BE10,Brussels Hoofdstedelijk Gewest,Bulduk,177
274,04000,BE10,Brussels Hoofdstedelijk Gewest,De Boeck,177
274,04000,BE10,Brussels Hoofdstedelijk Gewest,Declercq,177
274,04000,BE10,Brussels Hoofdstedelijk Gewest,Nassiri,177
274,04000,BE10,Brussels Hoofdstedelijk Gewest,Safi,177
279,04000,BE10,Brussels Hoofdstedelijk Gewest,Gashi,176
279,04000,BE10,Brussels Hoofdstedelijk Gewest,Senhaji,176
279,04000,BE10,Brussels Hoofdstedelijk Gewest,Vandevelde,176
279,04000,BE10,Brussels Hoofdstedelijk Gewest,Vlad,176
279,04000,BE10,Brussels Hoofdstedelijk Gewest,Öztürk,176
284,04000,BE10,Brussels Hoofdstedelijk Gewest,Borremans,175
284,04000,BE10,Brussels Hoofdstedelijk Gewest,Duran,175
284,04000,BE10,Brussels Hoofdstedelijk Gewest,El Filali,175
284,04000,BE10,Brussels Hoofdstedelijk Gewest,Kir,175
284,04000,BE10,Brussels Hoofdstedelijk Gewest,Massart,175
284,04000,BE10,Brussels Hoofdstedelijk Gewest,Schmitz,175
290,04000,BE10,Brussels Hoofdstedelijk Gewest,Lee,172
290,04000,BE10,Brussels Hoofdstedelijk Gewest,Maréchal,172
292,04000,BE10,Brussels Hoofdstedelijk Gewest,Allali,171
292,04000,BE10,Brussels Hoofdstedelijk Gewest,Belarbi,171
292,04000,BE10,Brussels Hoofdstedelijk Gewest,Gilson,171
292,04000,BE10,Brussels Hoofdstedelijk Gewest,Ramdani,171
292,04000,BE10,Brussels Hoofdstedelijk Gewest,Türköz,171
292,04000,BE10,Brussels Hoofdstedelijk Gewest,Zaidi,171
298,04000,BE10,Brussels Hoofdstedelijk Gewest,Cuvelier,169
298,04000,BE10,Brussels Hoofdstedelijk Gewest,El Azzouzi,169
298,04000,BE10,Brussels Hoofdstedelijk Gewest,El Hammouti,169
298,04000,BE10,Brussels Hoofdstedelijk Gewest,El Yattouti,169
302,04000,BE10,Brussels Hoofdstedelijk Gewest,Akachar,168
302,04000,BE10,Brussels Hoofdstedelijk Gewest,Yavas,168
304,04000,BE10,Brussels Hoofdstedelijk Gewest,Arslan,167
304,04000,BE10,Brussels Hoofdstedelijk Gewest,Kaur,167
304,04000,BE10,Brussels Hoofdstedelijk Gewest,Madani,167
304,04000,BE10,Brussels Hoofdstedelijk Gewest,Nicolas,167
308,04000,BE10,Brussels Hoofdstedelijk Gewest,Aktas,166
308,04000,BE10,Brussels Hoofdstedelijk Gewest,Köse,166
308,04000,BE10,Brussels Hoofdstedelijk Gewest,Riahi,166
311,04000,BE10,Brussels Hoofdstedelijk Gewest,Boulaich,165
311,04000,BE10,Brussels Hoofdstedelijk Gewest,Christiaens,165
311,04000,BE10,Brussels Hoofdstedelijk Gewest,Covaci,165
311,04000,BE10,Brussels Hoofdstedelijk Gewest,Hassan,165
311,04000,BE10,Brussels Hoofdstedelijk Gewest,Ivanova,165
311,04000,BE10,Brussels Hoofdstedelijk Gewest,Marchand,165
311,04000,BE10,Brussels Hoofdstedelijk Gewest,Stan,165
311,04000,BE10,Brussels Hoofdstedelijk Gewest,Van de Velde,165
319,04000,BE10,Brussels Hoofdstedelijk Gewest,Azizi,164
319,04000,BE10,Brussels Hoofdstedelijk Gewest,De Cock,164
319,04000,BE10,Brussels Hoofdstedelijk Gewest,Dupuis,164
319,04000,BE10,Brussels Hoofdstedelijk Gewest,Florea,164
319,04000,BE10,Brussels Hoofdstedelijk Gewest,Izmar,164
319,04000,BE10,Brussels Hoofdstedelijk Gewest,Nguyn,164
319,04000,BE10,Brussels Hoofdstedelijk Gewest,Parmentier,164
319,04000,BE10,Brussels Hoofdstedelijk Gewest,Soumah,164
327,04000,BE10,Brussels Hoofdstedelijk Gewest,Ciobanu,163
327,04000,BE10,Brussels Hoofdstedelijk Gewest,Hamzi,163
327,04000,BE10,Brussels Hoofdstedelijk Gewest,Le,163
327,04000,BE10,Brussels Hoofdstedelijk Gewest,Pavel,163
327,04000,BE10,Brussels Hoofdstedelijk Gewest,Thiam,163
332,04000,BE10,Brussels Hoofdstedelijk Gewest,Abid,162
332,04000,BE10,Brussels Hoofdstedelijk Gewest,Aouragh,162
332,04000,BE10,Brussels Hoofdstedelijk Gewest,Kane,162
335,04000,BE10,Brussels Hoofdstedelijk Gewest,Colin,161
335,04000,BE10,Brussels Hoofdstedelijk Gewest,Fares,161
335,04000,BE10,Brussels Hoofdstedelijk Gewest,Hanssens,161
338,04000,BE10,Brussels Hoofdstedelijk Gewest,Alaoui,160
338,04000,BE10,Brussels Hoofdstedelijk Gewest,Balan,160
338,04000,BE10,Brussels Hoofdstedelijk Gewest,Chevalier,160
338,04000,BE10,Brussels Hoofdstedelijk Gewest,Jacob,160
338,04000,BE10,Brussels Hoofdstedelijk Gewest,Lefevre,160
338,04000,BE10,Brussels Hoofdstedelijk Gewest,Meyer,160
344,04000,BE10,Brussels Hoofdstedelijk Gewest,Avci,159
344,04000,BE10,Brussels Hoofdstedelijk Gewest,Azzaoui,159
344,04000,BE10,Brussels Hoofdstedelijk Gewest,Ben Messaoud,159
344,04000,BE10,Brussels Hoofdstedelijk Gewest,Leemans,159
344,04000,BE10,Brussels Hoofdstedelijk Gewest,Mohammadi,159
344,04000,BE10,Brussels Hoofdstedelijk Gewest,Sulejmani,159
344,04000,BE10,Brussels Hoofdstedelijk Gewest,Wu,159
351,04000,BE10,Brussels Hoofdstedelijk Gewest,Aziz,158
351,04000,BE10,Brussels Hoofdstedelijk Gewest,Delfosse,158
351,04000,BE10,Brussels Hoofdstedelijk Gewest,Fall,158
351,04000,BE10,Brussels Hoofdstedelijk Gewest,Khalil,158
351,04000,BE10,Brussels Hoofdstedelijk Gewest,Roman,158
351,04000,BE10,Brussels Hoofdstedelijk Gewest,Sabri,158
357,04000,BE10,Brussels Hoofdstedelijk Gewest,Akel,157
357,04000,BE10,Brussels Hoofdstedelijk Gewest,Ben Moussa,157
357,04000,BE10,Brussels Hoofdstedelijk Gewest,Dujardin,157
357,04000,BE10,Brussels Hoofdstedelijk Gewest,Etienne,157
357,04000,BE10,Brussels Hoofdstedelijk Gewest,Shah,157
357,04000,BE10,Brussels Hoofdstedelijk Gewest,Soussi,157
363,04000,BE10,Brussels Hoofdstedelijk Gewest,Lauwers,156
363,04000,BE10,Brussels Hoofdstedelijk Gewest,Muller,156
363,04000,BE10,Brussels Hoofdstedelijk Gewest,Saoudi,156
363,04000,BE10,Brussels Hoofdstedelijk Gewest,Vanderlinden,156
367,04000,BE10,Brussels Hoofdstedelijk Gewest,Altintas,155
367,04000,BE10,Brussels Hoofdstedelijk Gewest,Da Silva,155
367,04000,BE10,Brussels Hoofdstedelijk Gewest,Ioanovici,155
367,04000,BE10,Brussels Hoofdstedelijk Gewest,Kumar,155
371,04000,BE10,Brussels Hoofdstedelijk Gewest,Descamps,154
371,04000,BE10,Brussels Hoofdstedelijk Gewest,El Bouzakhi,154
371,04000,BE10,Brussels Hoofdstedelijk Gewest,Sen,154
374,04000,BE10,Brussels Hoofdstedelijk Gewest,Boulanger,153
374,04000,BE10,Brussels Hoofdstedelijk Gewest,De Pauw,153
374,04000,BE10,Brussels Hoofdstedelijk Gewest,El Hassouni,153
377,04000,BE10,Brussels Hoofdstedelijk Gewest,Ayadi,152
377,04000,BE10,Brussels Hoofdstedelijk Gewest,Brasseur,152
377,04000,BE10,Brussels Hoofdstedelijk Gewest,Charles,152
377,04000,BE10,Brussels Hoofdstedelijk Gewest,Koç,152
377,04000,BE10,Brussels Hoofdstedelijk Gewest,Yang,152
382,04000,BE10,Brussels Hoofdstedelijk Gewest,Alibrahim,151
382,04000,BE10,Brussels Hoofdstedelijk Gewest,Collet,151
382,04000,BE10,Brussels Hoofdstedelijk Gewest,Dumoulin,151
382,04000,BE10,Brussels Hoofdstedelijk Gewest,Hoxha,151
382,04000,BE10,Brussels Hoofdstedelijk Gewest,Malik,151
382,04000,BE10,Brussels Hoofdstedelijk Gewest,Samadi,151
382,04000,BE10,Brussels Hoofdstedelijk Gewest,Stanciu,151
389,04000,BE10,Brussels Hoofdstedelijk Gewest,De Wolf,150
389,04000,BE10,Brussels Hoofdstedelijk Gewest,El Khattouti,150
389,04000,BE10,Brussels Hoofdstedelijk Gewest,Jacquet,150
389,04000,BE10,Brussels Hoofdstedelijk Gewest,Malki,150
389,04000,BE10,Brussels Hoofdstedelijk Gewest,Nasri,150
389,04000,BE10,Brussels Hoofdstedelijk Gewest,Verhaegen,150
395,04000,BE10,Brussels Hoofdstedelijk Gewest,Hussein,149
396,04000,BE10,Brussels Hoofdstedelijk Gewest,Cornelis,148
396,04000,BE10,Brussels Hoofdstedelijk Gewest,El Ouakili,148
396,04000,BE10,Brussels Hoofdstedelijk Gewest,Ivanov,148
399,04000,BE10,Brussels Hoofdstedelijk Gewest,El Madani,147
399,04000,BE10,Brussels Hoofdstedelijk Gewest,Gök,147
399,04000,BE10,Brussels Hoofdstedelijk Gewest,Lamarti,147
402,04000,BE10,Brussels Hoofdstedelijk Gewest,El Haddad,146
402,04000,BE10,Brussels Hoofdstedelijk Gewest,Sharma,146
404,04000,BE10,Brussels Hoofdstedelijk Gewest,Atmani,145
404,04000,BE10,Brussels Hoofdstedelijk Gewest,Conde,145
404,04000,BE10,Brussels Hoofdstedelijk Gewest,Kasmi,145
404,04000,BE10,Brussels Hoofdstedelijk Gewest,Phan,145
404,04000,BE10,Brussels Hoofdstedelijk Gewest,Toma,145
404,04000,BE10,Brussels Hoofdstedelijk Gewest,Vanderstraeten,145
404,04000,BE10,Brussels Hoofdstedelijk Gewest,Verstraete,145
411,04000,BE10,Brussels Hoofdstedelijk Gewest,Daali,144
411,04000,BE10,Brussels Hoofdstedelijk Gewest,Dierickx,144
411,04000,BE10,Brussels Hoofdstedelijk Gewest,Massaoudi,144
411,04000,BE10,Brussels Hoofdstedelijk Gewest,Richard,144
411,04000,BE10,Brussels Hoofdstedelijk Gewest,Taibi,144
416,04000,BE10,Brussels Hoofdstedelijk Gewest,Ben Salah,143
416,04000,BE10,Brussels Hoofdstedelijk Gewest,Garcia,143
416,04000,BE10,Brussels Hoofdstedelijk Gewest,Iordache,143
416,04000,BE10,Brussels Hoofdstedelijk Gewest,Kone,143
416,04000,BE10,Brussels Hoofdstedelijk Gewest,Rami,143
421,04000,BE10,Brussels Hoofdstedelijk Gewest,Cordier,142
421,04000,BE10,Brussels Hoofdstedelijk Gewest,Lamrini,142
421,04000,BE10,Brussels Hoofdstedelijk Gewest,Peters,142
421,04000,BE10,Brussels Hoofdstedelijk Gewest,Piret,142
421,04000,BE10,Brussels Hoofdstedelijk Gewest,Schmidt,142
421,04000,BE10,Brussels Hoofdstedelijk Gewest,Sterckx,142
421,04000,BE10,Brussels Hoofdstedelijk Gewest,Thys,142
421,04000,BE10,Brussels Hoofdstedelijk Gewest,Vanhamme,142
429,04000,BE10,Brussels Hoofdstedelijk Gewest,Ahmadi,141
429,04000,BE10,Brussels Hoofdstedelijk Gewest,Sahbaz,141
431,04000,BE10,Brussels Hoofdstedelijk Gewest,Ahrika,140
431,04000,BE10,Brussels Hoofdstedelijk Gewest,Bogaert,140
431,04000,BE10,Brussels Hoofdstedelijk Gewest,Jaber,140
434,04000,BE10,Brussels Hoofdstedelijk Gewest,Bauwens,139
434,04000,BE10,Brussels Hoofdstedelijk Gewest,Bodart,139
434,04000,BE10,Brussels Hoofdstedelijk Gewest,De Meyer,139
434,04000,BE10,Brussels Hoofdstedelijk Gewest,Gilbert,139
434,04000,BE10,Brussels Hoofdstedelijk Gewest,Koyuncu,139
434,04000,BE10,Brussels Hoofdstedelijk Gewest,Levy,139
434,04000,BE10,Brussels Hoofdstedelijk Gewest,Naji,139
434,04000,BE10,Brussels Hoofdstedelijk Gewest,Van Belle,139
434,04000,BE10,Brussels Hoofdstedelijk Gewest,Van Cutsem,139
434,04000,BE10,Brussels Hoofdstedelijk Gewest,Verheyden,139
434,04000,BE10,Brussels Hoofdstedelijk Gewest,Çelik,139
445,04000,BE10,Brussels Hoofdstedelijk Gewest,Beckers,138
445,04000,BE10,Brussels Hoofdstedelijk Gewest,De Bruyne,138
445,04000,BE10,Brussels Hoofdstedelijk Gewest,Hamdi,138
448,04000,BE10,Brussels Hoofdstedelijk Gewest,Aissaoui,137
448,04000,BE10,Brussels Hoofdstedelijk Gewest,Lecocq,137
448,04000,BE10,Brussels Hoofdstedelijk Gewest,Vermeiren,137
451,04000,BE10,Brussels Hoofdstedelijk Gewest,Bouzid,136
451,04000,BE10,Brussels Hoofdstedelijk Gewest,Claessens,136
451,04000,BE10,Brussels Hoofdstedelijk Gewest,El Yousfi,136
451,04000,BE10,Brussels Hoofdstedelijk Gewest,Philippe,136
451,04000,BE10,Brussels Hoofdstedelijk Gewest,Stitou,136
456,04000,BE10,Brussels Hoofdstedelijk Gewest,Acar,134
456,04000,BE10,Brussels Hoofdstedelijk Gewest,Dari,134
456,04000,BE10,Brussels Hoofdstedelijk Gewest,El Amri,134
456,04000,BE10,Brussels Hoofdstedelijk Gewest,El Haddadi,134
456,04000,BE10,Brussels Hoofdstedelijk Gewest,El Yahyaoui,134
456,04000,BE10,Brussels Hoofdstedelijk Gewest,Gilles,134
456,04000,BE10,Brussels Hoofdstedelijk Gewest,Lin,134
456,04000,BE10,Brussels Hoofdstedelijk Gewest,Zaki,134
456,04000,BE10,Brussels Hoofdstedelijk Gewest,Zerouali,134
465,04000,BE10,Brussels Hoofdstedelijk Gewest,Achalhi,133
465,04000,BE10,Brussels Hoofdstedelijk Gewest,Becker,133
465,04000,BE10,Brussels Hoofdstedelijk Gewest,Durieux,133
465,04000,BE10,Brussels Hoofdstedelijk Gewest,Dönmez,133
465,04000,BE10,Brussels Hoofdstedelijk Gewest,Naciri,133
465,04000,BE10,Brussels Hoofdstedelijk Gewest,Sari,133
465,04000,BE10,Brussels Hoofdstedelijk Gewest,Truong,133
472,04000,BE10,Brussels Hoofdstedelijk Gewest,Amyay,132
472,04000,BE10,Brussels Hoofdstedelijk Gewest,Ciurar,132
472,04000,BE10,Brussels Hoofdstedelijk Gewest,Daoud,132
472,04000,BE10,Brussels Hoofdstedelijk Gewest,Deprez,132
472,04000,BE10,Brussels Hoofdstedelijk Gewest,El Bouazzati,132
472,04000,BE10,Brussels Hoofdstedelijk Gewest,Godart,132
472,04000,BE10,Brussels Hoofdstedelijk Gewest,Housni,132
472,04000,BE10,Brussels Hoofdstedelijk Gewest,Kamara,132
472,04000,BE10,Brussels Hoofdstedelijk Gewest,Lambrechts,132
472,04000,BE10,Brussels Hoofdstedelijk Gewest,Urbain,132
482,04000,BE10,Brussels Hoofdstedelijk Gewest,Kutlu,131
482,04000,BE10,Brussels Hoofdstedelijk Gewest,Lemmens,131
482,04000,BE10,Brussels Hoofdstedelijk Gewest,Lungu,131
482,04000,BE10,Brussels Hoofdstedelijk Gewest,Simsek,131
482,04000,BE10,Brussels Hoofdstedelijk Gewest,Theys,131
482,04000,BE10,Brussels Hoofdstedelijk Gewest,Uçar,131
488,04000,BE10,Brussels Hoofdstedelijk Gewest,Ahkim,130
488,04000,BE10,Brussels Hoofdstedelijk Gewest,Azouagh,130
488,04000,BE10,Brussels Hoofdstedelijk Gewest,Coenen,130
488,04000,BE10,Brussels Hoofdstedelijk Gewest,Doumbouya,130
488,04000,BE10,Brussels Hoofdstedelijk Gewest,Jadot,130
488,04000,BE10,Brussels Hoofdstedelijk Gewest,Mitrik,130
488,04000,BE10,Brussels Hoofdstedelijk Gewest,Sbai,130
488,04000,BE10,Brussels Hoofdstedelijk Gewest,Van den Broeck,130
488,04000,BE10,Brussels Hoofdstedelijk Gewest,Walravens,130
497,04000,BE10,Brussels Hoofdstedelijk Gewest,Akrouh,129
497,04000,BE10,Brussels Hoofdstedelijk Gewest,Cambier,129
497,04000,BE10,Brussels Hoofdstedelijk Gewest,Delcourt,129
497,04000,BE10,Brussels Hoofdstedelijk Gewest,El Asri,129
497,04000,BE10,Brussels Hoofdstedelijk Gewest,Filali,129
497,04000,BE10,Brussels Hoofdstedelijk Gewest,Sandu,129
497,04000,BE10,Brussels Hoofdstedelijk Gewest,Van Roy,129
504,04000,BE10,Brussels Hoofdstedelijk Gewest,Alhasan,128
504,04000,BE10,Brussels Hoofdstedelijk Gewest,Benkaddour,128
504,04000,BE10,Brussels Hoofdstedelijk Gewest,Chentouf,128
504,04000,BE10,Brussels Hoofdstedelijk Gewest,De Coninck,128
504,04000,BE10,Brussels Hoofdstedelijk Gewest,De Groote,128
504,04000,BE10,Brussels Hoofdstedelijk Gewest,Khalifa,128
504,04000,BE10,Brussels Hoofdstedelijk Gewest,Legros,128
504,04000,BE10,Brussels Hoofdstedelijk Gewest,Mimouni,128
504,04000,BE10,Brussels Hoofdstedelijk Gewest,Ouamar,128
504,04000,BE10,Brussels Hoofdstedelijk Gewest,Saïdi,128
504,04000,BE10,Brussels Hoofdstedelijk Gewest,Vandenberghe,128
515,04000,BE10,Brussels Hoofdstedelijk Gewest,Hassoun,127
515,04000,BE10,Brussels Hoofdstedelijk Gewest,Ismaili,127
515,04000,BE10,Brussels Hoofdstedelijk Gewest,Olivier,127
515,04000,BE10,Brussels Hoofdstedelijk Gewest,Takkal,127
519,04000,BE10,Brussels Hoofdstedelijk Gewest,Almohamad,126
519,04000,BE10,Brussels Hoofdstedelijk Gewest,Azzouzi,126
519,04000,BE10,Brussels Hoofdstedelijk Gewest,Bounja,126
519,04000,BE10,Brussels Hoofdstedelijk Gewest,Coulibaly,126
519,04000,BE10,Brussels Hoofdstedelijk Gewest,Dimitrova,126
519,04000,BE10,Brussels Hoofdstedelijk Gewest,Farcas,126
519,04000,BE10,Brussels Hoofdstedelijk Gewest,Lamrani,126
519,04000,BE10,Brussels Hoofdstedelijk Gewest,Smith,126
527,04000,BE10,Brussels Hoofdstedelijk Gewest,Abdallah,125
527,04000,BE10,Brussels Hoofdstedelijk Gewest,Akhtar,125
527,04000,BE10,Brussels Hoofdstedelijk Gewest,Alexandre,125
527,04000,BE10,Brussels Hoofdstedelijk Gewest,Baert,125
527,04000,BE10,Brussels Hoofdstedelijk Gewest,Cherif,125
527,04000,BE10,Brussels Hoofdstedelijk Gewest,Huynh,125
527,04000,BE10,Brussels Hoofdstedelijk Gewest,Mitric,125
527,04000,BE10,Brussels Hoofdstedelijk Gewest,Xu,125
535,04000,BE10,Brussels Hoofdstedelijk Gewest,Hardy,124
535,04000,BE10,Brussels Hoofdstedelijk Gewest,Iordan,124
535,04000,BE10,Brussels Hoofdstedelijk Gewest,Kim,124
535,04000,BE10,Brussels Hoofdstedelijk Gewest,Matthys,124
535,04000,BE10,Brussels Hoofdstedelijk Gewest,Sefiani,124
535,04000,BE10,Brussels Hoofdstedelijk Gewest,Vandenbosch,124
535,04000,BE10,Brussels Hoofdstedelijk Gewest,Yusein,124
542,04000,BE10,Brussels Hoofdstedelijk Gewest,Arif,123
542,04000,BE10,Brussels Hoofdstedelijk Gewest,Barbu,123
542,04000,BE10,Brussels Hoofdstedelijk Gewest,Bourguignon,123
542,04000,BE10,Brussels Hoofdstedelijk Gewest,Bui,123
542,04000,BE10,Brussels Hoofdstedelijk Gewest,Burla,123
542,04000,BE10,Brussels Hoofdstedelijk Gewest,Dekeyser,123
542,04000,BE10,Brussels Hoofdstedelijk Gewest,Keskin,123
542,04000,BE10,Brussels Hoofdstedelijk Gewest,Pirard,123
542,04000,BE10,Brussels Hoofdstedelijk Gewest,Rotaru,123
542,04000,BE10,Brussels Hoofdstedelijk Gewest,Vandeputte,123
542,04000,BE10,Brussels Hoofdstedelijk Gewest,Verlinden,123
553,04000,BE10,Brussels Hoofdstedelijk Gewest,Benayad,122
553,04000,BE10,Brussels Hoofdstedelijk Gewest,Bouras,122
553,04000,BE10,Brussels Hoofdstedelijk Gewest,Devaux,122
553,04000,BE10,Brussels Hoofdstedelijk Gewest,El Ouamari,122
553,04000,BE10,Brussels Hoofdstedelijk Gewest,Georges,122
553,04000,BE10,Brussels Hoofdstedelijk Gewest,Lenoir,122
553,04000,BE10,Brussels Hoofdstedelijk Gewest,Saouti,122
553,04000,BE10,Brussels Hoofdstedelijk Gewest,Schipor,122
561,04000,BE10,Brussels Hoofdstedelijk Gewest,Azaoum,121
561,04000,BE10,Brussels Hoofdstedelijk Gewest,Chaoui,121
561,04000,BE10,Brussels Hoofdstedelijk Gewest,Dos Santos,121
561,04000,BE10,Brussels Hoofdstedelijk Gewest,El Ayadi,121
561,04000,BE10,Brussels Hoofdstedelijk Gewest,El Yakoubi,121
561,04000,BE10,Brussels Hoofdstedelijk Gewest,Lê,121
561,04000,BE10,Brussels Hoofdstedelijk Gewest,Matei,121
561,04000,BE10,Brussels Hoofdstedelijk Gewest,Ouahabi,121
561,04000,BE10,Brussels Hoofdstedelijk Gewest,Verbruggen,121
561,04000,BE10,Brussels Hoofdstedelijk Gewest,Weber,121
571,04000,BE10,Brussels Hoofdstedelijk Gewest,Bahri,120
571,04000,BE10,Brussels Hoofdstedelijk Gewest,Bensalah,120
571,04000,BE10,Brussels Hoofdstedelijk Gewest,Carpentier,120
571,04000,BE10,Brussels Hoofdstedelijk Gewest,Cheikh,120
571,04000,BE10,Brussels Hoofdstedelijk Gewest,Cohen,120
571,04000,BE10,Brussels Hoofdstedelijk Gewest,El Massaoudi,120
571,04000,BE10,Brussels Hoofdstedelijk Gewest,Hamzaoui,120
571,04000,BE10,Brussels Hoofdstedelijk Gewest,Karakaya,120
571,04000,BE10,Brussels Hoofdstedelijk Gewest,Kelzi,120
571,04000,BE10,Brussels Hoofdstedelijk Gewest,Lucas,120
571,04000,BE10,Brussels Hoofdstedelijk Gewest,Orban,120
571,04000,BE10,Brussels Hoofdstedelijk Gewest,Roy,120
571,04000,BE10,Brussels Hoofdstedelijk Gewest,Shinwari,120
584,04000,BE10,Brussels Hoofdstedelijk Gewest,Arnould,119
584,04000,BE10,Brussels Hoofdstedelijk Gewest,Bogaerts,119
584,04000,BE10,Brussels Hoofdstedelijk Gewest,Butt,119
584,04000,BE10,Brussels Hoofdstedelijk Gewest,Decoster,119
584,04000,BE10,Brussels Hoofdstedelijk Gewest,El Khamlichi,119
584,04000,BE10,Brussels Hoofdstedelijk Gewest,Mehdi,119
584,04000,BE10,Brussels Hoofdstedelijk Gewest,Vander Elst,119
591,04000,BE10,Brussels Hoofdstedelijk Gewest,El Hamdaoui,118
591,04000,BE10,Brussels Hoofdstedelijk Gewest,Joris,118
591,04000,BE10,Brussels Hoofdstedelijk Gewest,Lenaerts,118
591,04000,BE10,Brussels Hoofdstedelijk Gewest,Nys,118
591,04000,BE10,Brussels Hoofdstedelijk Gewest,Ouedraogo,118
591,04000,BE10,Brussels Hoofdstedelijk Gewest,Sidibe,118
591,04000,BE10,Brussels Hoofdstedelijk Gewest,Vandamme,118
591,04000,BE10,Brussels Hoofdstedelijk Gewest,Verbist,118
599,04000,BE10,Brussels Hoofdstedelijk Gewest,Belkadi,117
599,04000,BE10,Brussels Hoofdstedelijk Gewest,Costa,117
599,04000,BE10,Brussels Hoofdstedelijk Gewest,Haouari,117
599,04000,BE10,Brussels Hoofdstedelijk Gewest,Muntean,117
599,04000,BE10,Brussels Hoofdstedelijk Gewest,Yahyaoui,117
604,04000,BE10,Brussels Hoofdstedelijk Gewest,Chahid,116
604,04000,BE10,Brussels Hoofdstedelijk Gewest,De Decker,116
604,04000,BE10,Brussels Hoofdstedelijk Gewest,Flament,116
604,04000,BE10,Brussels Hoofdstedelijk Gewest,Hammani,116
604,04000,BE10,Brussels Hoofdstedelijk Gewest,Klein,116
604,04000,BE10,Brussels Hoofdstedelijk Gewest,Miller,116
604,04000,BE10,Brussels Hoofdstedelijk Gewest,Ouriaghli,116
604,04000,BE10,Brussels Hoofdstedelijk Gewest,Piette,116
612,04000,BE10,Brussels Hoofdstedelijk Gewest,Adahchour,115
612,04000,BE10,Brussels Hoofdstedelijk Gewest,Asenova,115
612,04000,BE10,Brussels Hoofdstedelijk Gewest,Cojocaru,115
612,04000,BE10,Brussels Hoofdstedelijk Gewest,Dardenne,115
612,04000,BE10,Brussels Hoofdstedelijk Gewest,De Wit,115
612,04000,BE10,Brussels Hoofdstedelijk Gewest,Draoui,115
612,04000,BE10,Brussels Hoofdstedelijk Gewest,El Haddouti,115
612,04000,BE10,Brussels Hoofdstedelijk Gewest,El Mokhtari,115
612,04000,BE10,Brussels Hoofdstedelijk Gewest,Gillard,115
612,04000,BE10,Brussels Hoofdstedelijk Gewest,Güçlü,115
612,04000,BE10,Brussels Hoofdstedelijk Gewest,Petre,115
612,04000,BE10,Brussels Hoofdstedelijk Gewest,Salmi,115
612,04000,BE10,Brussels Hoofdstedelijk Gewest,Van Laethem,115
612,04000,BE10,Brussels Hoofdstedelijk Gewest,Van Lierde,115
612,04000,BE10,Brussels Hoofdstedelijk Gewest,Vanderveken,115
612,04000,BE10,Brussels Hoofdstedelijk Gewest,de Hemptinne,115
628,04000,BE10,Brussels Hoofdstedelijk Gewest,Basho,114
628,04000,BE10,Brussels Hoofdstedelijk Gewest,Ben Hammou,114
628,04000,BE10,Brussels Hoofdstedelijk Gewest,Bensaid,114
628,04000,BE10,Brussels Hoofdstedelijk Gewest,De Bruyn,114
628,04000,BE10,Brussels Hoofdstedelijk Gewest,Hadi,114
628,04000,BE10,Brussels Hoofdstedelijk Gewest,Ilie,114
628,04000,BE10,Brussels Hoofdstedelijk Gewest,Jansen,114
628,04000,BE10,Brussels Hoofdstedelijk Gewest,Mocanu,114
628,04000,BE10,Brussels Hoofdstedelijk Gewest,Müller,114
628,04000,BE10,Brussels Hoofdstedelijk Gewest,Neagu,114
628,04000,BE10,Brussels Hoofdstedelijk Gewest,Oulad Haj Amar,114
628,04000,BE10,Brussels Hoofdstedelijk Gewest,Raes,114
628,04000,BE10,Brussels Hoofdstedelijk Gewest,Saadi,114
641,04000,BE10,Brussels Hoofdstedelijk Gewest,Darkaoui,113
641,04000,BE10,Brussels Hoofdstedelijk Gewest,De Becker,113
641,04000,BE10,Brussels Hoofdstedelijk Gewest,Köksal,113
641,04000,BE10,Brussels Hoofdstedelijk Gewest,Morel,113
641,04000,BE10,Brussels Hoofdstedelijk Gewest,Pollet,113
641,04000,BE10,Brussels Hoofdstedelijk Gewest,Serban,113
641,04000,BE10,Brussels Hoofdstedelijk Gewest,Taheri,113
641,04000,BE10,Brussels Hoofdstedelijk Gewest,Van Hecke,113
641,04000,BE10,Brussels Hoofdstedelijk Gewest,Verbeke,113
641,04000,BE10,Brussels Hoofdstedelijk Gewest,Özer,113
651,04000,BE10,Brussels Hoofdstedelijk Gewest,Albert,112
651,04000,BE10,Brussels Hoofdstedelijk Gewest,Baeyens,112
651,04000,BE10,Brussels Hoofdstedelijk Gewest,Bailly,112
651,04000,BE10,Brussels Hoofdstedelijk Gewest,Cools,112
651,04000,BE10,Brussels Hoofdstedelijk Gewest,Dieu,112
651,04000,BE10,Brussels Hoofdstedelijk Gewest,Doyen,112
651,04000,BE10,Brussels Hoofdstedelijk Gewest,Drissi,112
651,04000,BE10,Brussels Hoofdstedelijk Gewest,El Bachiri,112
651,04000,BE10,Brussels Hoofdstedelijk Gewest,El Morabet,112
651,04000,BE10,Brussels Hoofdstedelijk Gewest,El Yaghmouri,112
651,04000,BE10,Brussels Hoofdstedelijk Gewest,Karim,112
651,04000,BE10,Brussels Hoofdstedelijk Gewest,Kas,112
651,04000,BE10,Brussels Hoofdstedelijk Gewest,Mansouri,112
651,04000,BE10,Brussels Hoofdstedelijk Gewest,Pereira,112
651,04000,BE10,Brussels Hoofdstedelijk Gewest,Wagner,112
666,04000,BE10,Brussels Hoofdstedelijk Gewest,Aissa,111
666,04000,BE10,Brussels Hoofdstedelijk Gewest,Collignon,111
666,04000,BE10,Brussels Hoofdstedelijk Gewest,El Ahmadi,111
666,04000,BE10,Brussels Hoofdstedelijk Gewest,El Makrini,111
666,04000,BE10,Brussels Hoofdstedelijk Gewest,Goethals,111
666,04000,BE10,Brussels Hoofdstedelijk Gewest,Haddouch,111
666,04000,BE10,Brussels Hoofdstedelijk Gewest,Iancu,111
666,04000,BE10,Brussels Hoofdstedelijk Gewest,Krasniqi,111
666,04000,BE10,Brussels Hoofdstedelijk Gewest,Lam,111
666,04000,BE10,Brussels Hoofdstedelijk Gewest,Ouattara,111
666,04000,BE10,Brussels Hoofdstedelijk Gewest,Slimani,111
677,04000,BE10,Brussels Hoofdstedelijk Gewest,Baldé,110
677,04000,BE10,Brussels Hoofdstedelijk Gewest,Demol,110
677,04000,BE10,Brussels Hoofdstedelijk Gewest,El Alaoui,110
677,04000,BE10,Brussels Hoofdstedelijk Gewest,Kaplan,110
677,04000,BE10,Brussels Hoofdstedelijk Gewest,Lemoine,110
677,04000,BE10,Brussels Hoofdstedelijk Gewest,Taleb,110
683,04000,BE10,Brussels Hoofdstedelijk Gewest,Berckmans,109
683,04000,BE10,Brussels Hoofdstedelijk Gewest,Berlan,109
683,04000,BE10,Brussels Hoofdstedelijk Gewest,Bosmans,109
683,04000,BE10,Brussels Hoofdstedelijk Gewest,De Bock,109
683,04000,BE10,Brussels Hoofdstedelijk Gewest,El Moukhtari,109
683,04000,BE10,Brussels Hoofdstedelijk Gewest,Gupta,109
683,04000,BE10,Brussels Hoofdstedelijk Gewest,Gustin,109
683,04000,BE10,Brussels Hoofdstedelijk Gewest,Huang,109
683,04000,BE10,Brussels Hoofdstedelijk Gewest,Joly,109
683,04000,BE10,Brussels Hoofdstedelijk Gewest,Mahroug,109
683,04000,BE10,Brussels Hoofdstedelijk Gewest,Nagy,109
683,04000,BE10,Brussels Hoofdstedelijk Gewest,Pala,109
683,04000,BE10,Brussels Hoofdstedelijk Gewest,Simons,109
683,04000,BE10,Brussels Hoofdstedelijk Gewest,Sönmez,109
683,04000,BE10,Brussels Hoofdstedelijk Gewest,Taymans,109
683,04000,BE10,Brussels Hoofdstedelijk Gewest,Yacoubi,109
683,04000,BE10,Brussels Hoofdstedelijk Gewest,erban,109
700,04000,BE10,Brussels Hoofdstedelijk Gewest,Alrajab,108
700,04000,BE10,Brussels Hoofdstedelijk Gewest,Aydogan,108
700,04000,BE10,Brussels Hoofdstedelijk Gewest,Benhammou,108
700,04000,BE10,Brussels Hoofdstedelijk Gewest,Can,108
700,04000,BE10,Brussels Hoofdstedelijk Gewest,Dang,108
700,04000,BE10,Brussels Hoofdstedelijk Gewest,El Ghalbzouri,108
700,04000,BE10,Brussels Hoofdstedelijk Gewest,Fournier,108
700,04000,BE10,Brussels Hoofdstedelijk Gewest,Mytryk,108
700,04000,BE10,Brussels Hoofdstedelijk Gewest,Nitu,108
700,04000,BE10,Brussels Hoofdstedelijk Gewest,Petrov,108
700,04000,BE10,Brussels Hoofdstedelijk Gewest,Syed,108
700,04000,BE10,Brussels Hoofdstedelijk Gewest,Ungureanu,108
712,04000,BE10,Brussels Hoofdstedelijk Gewest,Amara,107
712,04000,BE10,Brussels Hoofdstedelijk Gewest,Azarkan,107
712,04000,BE10,Brussels Hoofdstedelijk Gewest,Bajrami,107
712,04000,BE10,Brussels Hoofdstedelijk Gewest,Berisha,107
712,04000,BE10,Brussels Hoofdstedelijk Gewest,El Boujdaini,107
712,04000,BE10,Brussels Hoofdstedelijk Gewest,Eryürük,107
712,04000,BE10,Brussels Hoofdstedelijk Gewest,Gerard,107
712,04000,BE10,Brussels Hoofdstedelijk Gewest,Nouri,107
712,04000,BE10,Brussels Hoofdstedelijk Gewest,Sargsyan,107
712,04000,BE10,Brussels Hoofdstedelijk Gewest,Stoian,107
712,04000,BE10,Brussels Hoofdstedelijk Gewest,Thirion,107
723,04000,BE10,Brussels Hoofdstedelijk Gewest,Allaoui,106
723,04000,BE10,Brussels Hoofdstedelijk Gewest,Demoulin,106
723,04000,BE10,Brussels Hoofdstedelijk Gewest,Dimitrov,106
723,04000,BE10,Brussels Hoofdstedelijk Gewest,El Mimouni,106
723,04000,BE10,Brussels Hoofdstedelijk Gewest,Franck,106
723,04000,BE10,Brussels Hoofdstedelijk Gewest,Geerts,106
723,04000,BE10,Brussels Hoofdstedelijk Gewest,Iqbal,106
723,04000,BE10,Brussels Hoofdstedelijk Gewest,Kourouma,106
723,04000,BE10,Brussels Hoofdstedelijk Gewest,Köycü,106
723,04000,BE10,Brussels Hoofdstedelijk Gewest,Romano,106
723,04000,BE10,Brussels Hoofdstedelijk Gewest,Shala,106
723,04000,BE10,Brussels Hoofdstedelijk Gewest,Verhulst,106
723,04000,BE10,Brussels Hoofdstedelijk Gewest,Vilain,106
736,04000,BE10,Brussels Hoofdstedelijk Gewest,Ahrouch,105
736,04000,BE10,Brussels Hoofdstedelijk Gewest,Allard,105
736,04000,BE10,Brussels Hoofdstedelijk Gewest,Anghel,105
736,04000,BE10,Brussels Hoofdstedelijk Gewest,Bodson,105
736,04000,BE10,Brussels Hoofdstedelijk Gewest,Bruno,105
736,04000,BE10,Brussels Hoofdstedelijk Gewest,Chakroun,105
736,04000,BE10,Brussels Hoofdstedelijk Gewest,Clément,105
736,04000,BE10,Brussels Hoofdstedelijk Gewest,Debroux,105
736,04000,BE10,Brussels Hoofdstedelijk Gewest,Huygens,105
736,04000,BE10,Brussels Hoofdstedelijk Gewest,Iliuts,105
736,04000,BE10,Brussels Hoofdstedelijk Gewest,Kurt,105
736,04000,BE10,Brussels Hoofdstedelijk Gewest,Leonard,105
736,04000,BE10,Brussels Hoofdstedelijk Gewest,Meftah,105
736,04000,BE10,Brussels Hoofdstedelijk Gewest,Moulin,105
736,04000,BE10,Brussels Hoofdstedelijk Gewest,Papadopoulos,105
751,04000,BE10,Brussels Hoofdstedelijk Gewest,Alami,104
751,04000,BE10,Brussels Hoofdstedelijk Gewest,Barbier,104
751,04000,BE10,Brussels Hoofdstedelijk Gewest,Bostan,104
751,04000,BE10,Brussels Hoofdstedelijk Gewest,Dewulf,104
751,04000,BE10,Brussels Hoofdstedelijk Gewest,Lahaye,104
751,04000,BE10,Brussels Hoofdstedelijk Gewest,Vasile,104
757,04000,BE10,Brussels Hoofdstedelijk Gewest,Atmaca,103
757,04000,BE10,Brussels Hoofdstedelijk Gewest,Benhaddou,103
757,04000,BE10,Brussels Hoofdstedelijk Gewest,Chaudhry,103
757,04000,BE10,Brussels Hoofdstedelijk Gewest,Courtois,103
757,04000,BE10,Brussels Hoofdstedelijk Gewest,Dechamps,103
757,04000,BE10,Brussels Hoofdstedelijk Gewest,Delforge,103
757,04000,BE10,Brussels Hoofdstedelijk Gewest,Diakite,103
757,04000,BE10,Brussels Hoofdstedelijk Gewest,Haddouchi,103
757,04000,BE10,Brussels Hoofdstedelijk Gewest,Hanna,103
757,04000,BE10,Brussels Hoofdstedelijk Gewest,Lallemand,103
757,04000,BE10,Brussels Hoofdstedelijk Gewest,Minne,103
768,04000,BE10,Brussels Hoofdstedelijk Gewest,Albayrak,102
768,04000,BE10,Brussels Hoofdstedelijk Gewest,Ameziane,102
768,04000,BE10,Brussels Hoofdstedelijk Gewest,Deschamps,102
768,04000,BE10,Brussels Hoofdstedelijk Gewest,Jonckheere,102
768,04000,BE10,Brussels Hoofdstedelijk Gewest,Leloup,102
768,04000,BE10,Brussels Hoofdstedelijk Gewest,Miri,102
768,04000,BE10,Brussels Hoofdstedelijk Gewest,Mortier,102
768,04000,BE10,Brussels Hoofdstedelijk Gewest,Rian,102
768,04000,BE10,Brussels Hoofdstedelijk Gewest,Sheikh,102
768,04000,BE10,Brussels Hoofdstedelijk Gewest,Vanneste,102
768,04000,BE10,Brussels Hoofdstedelijk Gewest,Youssef,102
779,04000,BE10,Brussels Hoofdstedelijk Gewest,Barrie,101
779,04000,BE10,Brussels Hoofdstedelijk Gewest,Callebaut,101
779,04000,BE10,Brussels Hoofdstedelijk Gewest,Engels,101
779,04000,BE10,Brussels Hoofdstedelijk Gewest,Fischer,101
779,04000,BE10,Brussels Hoofdstedelijk Gewest,Gillis,101
779,04000,BE10,Brussels Hoofdstedelijk Gewest,Gueye,101
779,04000,BE10,Brussels Hoofdstedelijk Gewest,Jadoul,101
779,04000,BE10,Brussels Hoofdstedelijk Gewest,Luyckx,101
779,04000,BE10,Brussels Hoofdstedelijk Gewest,Mahjoub,101
779,04000,BE10,Brussels Hoofdstedelijk Gewest,Rahman,101
779,04000,BE10,Brussels Hoofdstedelijk Gewest,Russo,101
790,04000,BE10,Brussels Hoofdstedelijk Gewest,Allach,100
790,04000,BE10,Brussels Hoofdstedelijk Gewest,Boutaleb,100
790,04000,BE10,Brussels Hoofdstedelijk Gewest,Colson,100
790,04000,BE10,Brussels Hoofdstedelijk Gewest,Coulon,100
790,04000,BE10,Brussels Hoofdstedelijk Gewest,Dumitru,100
790,04000,BE10,Brussels Hoofdstedelijk Gewest,El Morabit,100
790,04000,BE10,Brussels Hoofdstedelijk Gewest,Franco,100
790,04000,BE10,Brussels Hoofdstedelijk Gewest,Jacquemin,100
790,04000,BE10,Brussels Hoofdstedelijk Gewest,Jilali,100
790,04000,BE10,Brussels Hoofdstedelijk Gewest,Khachatryan,100
790,04000,BE10,Brussels Hoofdstedelijk Gewest,Mahmoud,100
790,04000,BE10,Brussels Hoofdstedelijk Gewest,Meeus,100
790,04000,BE10,Brussels Hoofdstedelijk Gewest,Mohammed,100
790,04000,BE10,Brussels Hoofdstedelijk Gewest,Motresku,100
790,04000,BE10,Brussels Hoofdstedelijk Gewest,Salim,100
790,04000,BE10,Brussels Hoofdstedelijk Gewest,Stroobants,100
790,04000,BE10,Brussels Hoofdstedelijk Gewest,Özcan,100
1,10000,BE21,Provincie Antwerpen,Peeters,"15,376"
2,10000,BE21,Provincie Antwerpen,Janssens,"11,077"
3,10000,BE21,Provincie Antwerpen,Wouters,"7,283"
4,10000,BE21,Provincie Antwerpen,Mertens,"7,084"
5,10000,BE21,Provincie Antwerpen,Jacobs,"6,885"
6,10000,BE21,Provincie Antwerpen,Maes,"6,029"
7,10000,BE21,Provincie Antwerpen,Aerts,"5,768"
8,10000,BE21,Provincie Antwerpen,Claes,"5,127"
9,10000,BE21,Provincie Antwerpen,Goossens,"4,540"
10,10000,BE21,Provincie Antwerpen,Willems,"4,236"
11,10000,BE21,Provincie Antwerpen,Hendrickx,"4,206"
12,10000,BE21,Provincie Antwerpen,Hermans,"4,120"
13,10000,BE21,Provincie Antwerpen,Pauwels,"4,034"
14,10000,BE21,Provincie Antwerpen,Van den Broeck,"3,954"
15,10000,BE21,Provincie Antwerpen,Van Dyck,"3,746"
16,10000,BE21,Provincie Antwerpen,Smets,"3,738"
17,10000,BE21,Provincie Antwerpen,Cools,"3,719"
18,10000,BE21,Provincie Antwerpen,Verhoeven,"3,662"
19,10000,BE21,Provincie Antwerpen,Wuyts,"3,527"
20,10000,BE21,Provincie Antwerpen,Verheyen,"3,356"
21,10000,BE21,Provincie Antwerpen,Vermeulen,"3,300"
22,10000,BE21,Provincie Antwerpen,Dierckx,"3,278"
23,10000,BE21,Provincie Antwerpen,Heylen,"3,255"
24,10000,BE21,Provincie Antwerpen,Michiels,"3,171"
25,10000,BE21,Provincie Antwerpen,Vermeiren,"3,082"
26,10000,BE21,Provincie Antwerpen,Verschueren,"2,966"
27,10000,BE21,Provincie Antwerpen,Vervoort,"2,951"
28,10000,BE21,Provincie Antwerpen,Verlinden,"2,921"
29,10000,BE21,Provincie Antwerpen,Segers,"2,915"
30,10000,BE21,Provincie Antwerpen,Geerts,"2,877"
31,10000,BE21,Provincie Antwerpen,Van Hoof,"2,866"
32,10000,BE21,Provincie Antwerpen,Ceulemans,"2,828"
33,10000,BE21,Provincie Antwerpen,Lambrechts,"2,550"
34,10000,BE21,Provincie Antwerpen,Thys,"2,548"
35,10000,BE21,Provincie Antwerpen,Daems,"2,545"
36,10000,BE21,Provincie Antwerpen,Lauwers,"2,544"
37,10000,BE21,Provincie Antwerpen,Vercammen,"2,501"
38,10000,BE21,Provincie Antwerpen,Lenaerts,"2,400"
39,10000,BE21,Provincie Antwerpen,Bogaerts,"2,390"
40,10000,BE21,Provincie Antwerpen,Janssen,"2,387"
41,10000,BE21,Provincie Antwerpen,Jansen,"2,303"
42,10000,BE21,Provincie Antwerpen,Mariën,"2,263"
43,10000,BE21,Provincie Antwerpen,Huysmans,"2,258"
44,10000,BE21,Provincie Antwerpen,Lemmens,"2,251"
45,10000,BE21,Provincie Antwerpen,Van Looy,"2,246"
46,10000,BE21,Provincie Antwerpen,Van den Bergh,"2,182"
47,10000,BE21,Provincie Antwerpen,Smits,"2,150"
48,10000,BE21,Provincie Antwerpen,Luyten,"2,143"
49,10000,BE21,Provincie Antwerpen,Helsen,"2,122"
50,10000,BE21,Provincie Antwerpen,Verbeeck,"2,104"
51,10000,BE21,Provincie Antwerpen,Goris,"2,103"
52,10000,BE21,Provincie Antwerpen,Somers,"2,102"
53,10000,BE21,Provincie Antwerpen,De Vos,"2,085"
54,10000,BE21,Provincie Antwerpen,Van Camp,"2,050"
55,10000,BE21,Provincie Antwerpen,Van Looveren,"2,020"
56,10000,BE21,Provincie Antwerpen,Van den Eynde,"2,015"
57,10000,BE21,Provincie Antwerpen,Van Herck,"2,011"
58,10000,BE21,Provincie Antwerpen,Van de Velde,"1,998"
59,10000,BE21,Provincie Antwerpen,Verhaegen,"1,987"
60,10000,BE21,Provincie Antwerpen,Verbruggen,"1,967"
61,10000,BE21,Provincie Antwerpen,Leysen,"1,964"
62,10000,BE21,Provincie Antwerpen,Claessens,"1,948"
63,10000,BE21,Provincie Antwerpen,Geens,"1,940"
64,10000,BE21,Provincie Antwerpen,Nuyts,"1,930"
65,10000,BE21,Provincie Antwerpen,Torfs,"1,922"
66,10000,BE21,Provincie Antwerpen,Huybrechts,"1,888"
67,10000,BE21,Provincie Antwerpen,Van den Brande,"1,867"
68,10000,BE21,Provincie Antwerpen,Van Gorp,"1,864"
69,10000,BE21,Provincie Antwerpen,Michielsen,"1,849"
69,10000,BE21,Provincie Antwerpen,Stevens,"1,849"
71,10000,BE21,Provincie Antwerpen,Simons,"1,818"
72,10000,BE21,Provincie Antwerpen,De Backer,"1,805"
73,10000,BE21,Provincie Antwerpen,De Smet,"1,757"
74,10000,BE21,Provincie Antwerpen,De Laet,"1,753"
75,10000,BE21,Provincie Antwerpen,Meeus,"1,718"
76,10000,BE21,Provincie Antwerpen,De Winter,"1,712"
77,10000,BE21,Provincie Antwerpen,Ooms,"1,702"
78,10000,BE21,Provincie Antwerpen,Van Dijck,"1,700"
79,10000,BE21,Provincie Antwerpen,Bosmans,"1,690"
80,10000,BE21,Provincie Antwerpen,Proost,"1,683"
81,10000,BE21,Provincie Antwerpen,Van Dessel,"1,680"
81,10000,BE21,Provincie Antwerpen,Van Rompaey,"1,680"
83,10000,BE21,Provincie Antwerpen,Martens,"1,678"
84,10000,BE21,Provincie Antwerpen,Van Loon,"1,667"
85,10000,BE21,Provincie Antwerpen,Horemans,"1,662"
86,10000,BE21,Provincie Antwerpen,Verelst,"1,657"
87,10000,BE21,Provincie Antwerpen,De Bie,"1,602"
88,10000,BE21,Provincie Antwerpen,Dillen,"1,597"
89,10000,BE21,Provincie Antwerpen,De Bruyn,"1,582"
90,10000,BE21,Provincie Antwerpen,De Smedt,"1,566"
91,10000,BE21,Provincie Antwerpen,Cuypers,"1,563"
91,10000,BE21,Provincie Antwerpen,Van Gestel,"1,563"
93,10000,BE21,Provincie Antwerpen,Adriaensen,"1,556"
94,10000,BE21,Provincie Antwerpen,Smet,"1,547"
95,10000,BE21,Provincie Antwerpen,Van den Bosch,"1,535"
96,10000,BE21,Provincie Antwerpen,Leemans,"1,528"
97,10000,BE21,Provincie Antwerpen,Van Hove,"1,526"
98,10000,BE21,Provincie Antwerpen,Op de Beeck,"1,507"
99,10000,BE21,Provincie Antwerpen,Hellemans,"1,502"
100,10000,BE21,Provincie Antwerpen,De Meyer,"1,496"
101,10000,BE21,Provincie Antwerpen,Bertels,"1,491"
102,10000,BE21,Provincie Antwerpen,Sels,"1,481"
103,10000,BE21,Provincie Antwerpen,Laenen,"1,480"
104,10000,BE21,Provincie Antwerpen,Rombouts,"1,465"
105,10000,BE21,Provincie Antwerpen,De Ridder,"1,464"
106,10000,BE21,Provincie Antwerpen,Moons,"1,462"
107,10000,BE21,Provincie Antwerpen,Geudens,"1,446"
108,10000,BE21,Provincie Antwerpen,Luyckx,"1,445"
109,10000,BE21,Provincie Antwerpen,Cornelis,"1,435"
110,10000,BE21,Provincie Antwerpen,Verbist,"1,424"
111,10000,BE21,Provincie Antwerpen,Engelen,"1,407"
112,10000,BE21,Provincie Antwerpen,Belmans,"1,392"
113,10000,BE21,Provincie Antwerpen,Verdonck,"1,390"
114,10000,BE21,Provincie Antwerpen,Verboven,"1,389"
115,10000,BE21,Provincie Antwerpen,Van der Auwera,"1,376"
116,10000,BE21,Provincie Antwerpen,Melis,"1,373"
117,10000,BE21,Provincie Antwerpen,Sterckx,"1,349"
118,10000,BE21,Provincie Antwerpen,De Wit,"1,341"
119,10000,BE21,Provincie Antwerpen,Andries,"1,339"
120,10000,BE21,Provincie Antwerpen,Leys,"1,336"
121,10000,BE21,Provincie Antwerpen,Dockx,"1,326"
122,10000,BE21,Provincie Antwerpen,Boeckx,"1,320"
123,10000,BE21,Provincie Antwerpen,Broeckx,"1,316"
124,10000,BE21,Provincie Antwerpen,Wauters,"1,289"
125,10000,BE21,Provincie Antwerpen,Vos,"1,280"
126,10000,BE21,Provincie Antwerpen,Liekens,"1,264"
127,10000,BE21,Provincie Antwerpen,Marien,"1,257"
128,10000,BE21,Provincie Antwerpen,Breugelmans,"1,248"
128,10000,BE21,Provincie Antwerpen,Nys,"1,248"
130,10000,BE21,Provincie Antwerpen,Govaerts,"1,247"
131,10000,BE21,Provincie Antwerpen,Verwimp,"1,246"
132,10000,BE21,Provincie Antwerpen,Vissers,"1,240"
133,10000,BE21,Provincie Antwerpen,Faes,"1,229"
134,10000,BE21,Provincie Antwerpen,Lievens,"1,220"
135,10000,BE21,Provincie Antwerpen,Deckers,"1,218"
136,10000,BE21,Provincie Antwerpen,De Cock,"1,216"
136,10000,BE21,Provincie Antwerpen,Van Laer,"1,216"
138,10000,BE21,Provincie Antwerpen,Van Genechten,"1,209"
139,10000,BE21,Provincie Antwerpen,De Maeyer,"1,206"
140,10000,BE21,Provincie Antwerpen,De Wachter,"1,197"
141,10000,BE21,Provincie Antwerpen,Driesen,"1,185"
142,10000,BE21,Provincie Antwerpen,Verheyden,"1,169"
143,10000,BE21,Provincie Antwerpen,Hens,"1,163"
143,10000,BE21,Provincie Antwerpen,Van Loock,"1,163"
145,10000,BE21,Provincie Antwerpen,Van Damme,"1,155"
146,10000,BE21,Provincie Antwerpen,Raeymaekers,"1,154"
147,10000,BE21,Provincie Antwerpen,Thijs,"1,127"
148,10000,BE21,Provincie Antwerpen,Goyvaerts,"1,118"
149,10000,BE21,Provincie Antwerpen,De Schutter,"1,101"
150,10000,BE21,Provincie Antwerpen,De Boeck,"1,098"
151,10000,BE21,Provincie Antwerpen,Verstraeten,"1,093"
152,10000,BE21,Provincie Antwerpen,Wellens,"1,083"
153,10000,BE21,Provincie Antwerpen,De Groof,"1,081"
154,10000,BE21,Provincie Antwerpen,Van Roy,"1,072"
155,10000,BE21,Provincie Antwerpen,Renders,"1,062"
156,10000,BE21,Provincie Antwerpen,Moens,"1,046"
157,10000,BE21,Provincie Antwerpen,Timmermans,"1,044"
158,10000,BE21,Provincie Antwerpen,Diels,"1,043"
159,10000,BE21,Provincie Antwerpen,Van den Heuvel,"1,023"
160,10000,BE21,Provincie Antwerpen,Goovaerts,"1,017"
161,10000,BE21,Provincie Antwerpen,Slegers,"1,009"
162,10000,BE21,Provincie Antwerpen,Boonen,"1,006"
163,10000,BE21,Provincie Antwerpen,Nijs,998
164,10000,BE21,Provincie Antwerpen,Embrechts,995
165,10000,BE21,Provincie Antwerpen,Fransen,990
166,10000,BE21,Provincie Antwerpen,Smolders,989
167,10000,BE21,Provincie Antwerpen,Van Dooren,988
168,10000,BE21,Provincie Antwerpen,De Weerdt,984
169,10000,BE21,Provincie Antwerpen,Geeraerts,981
170,10000,BE21,Provincie Antwerpen,Caers,977
171,10000,BE21,Provincie Antwerpen,Baeten,976
172,10000,BE21,Provincie Antwerpen,Vleugels,974
173,10000,BE21,Provincie Antwerpen,De Pauw,971
174,10000,BE21,Provincie Antwerpen,Verhaert,969
175,10000,BE21,Provincie Antwerpen,Coppens,968
176,10000,BE21,Provincie Antwerpen,De Clercq,965
177,10000,BE21,Provincie Antwerpen,Bellens,961
178,10000,BE21,Provincie Antwerpen,Vervloet,960
179,10000,BE21,Provincie Antwerpen,De Decker,949
180,10000,BE21,Provincie Antwerpen,Heremans,943
180,10000,BE21,Provincie Antwerpen,Meeusen,943
182,10000,BE21,Provincie Antwerpen,Vercauteren,935
183,10000,BE21,Provincie Antwerpen,Kenis,933
184,10000,BE21,Provincie Antwerpen,Beyens,928
185,10000,BE21,Provincie Antwerpen,Van Baelen,926
186,10000,BE21,Provincie Antwerpen,De Clerck,922
187,10000,BE21,Provincie Antwerpen,Hannes,913
188,10000,BE21,Provincie Antwerpen,Bernaerts,906
189,10000,BE21,Provincie Antwerpen,Willekens,903
190,10000,BE21,Provincie Antwerpen,Adriaenssens,900
191,10000,BE21,Provincie Antwerpen,Verstrepen,898
192,10000,BE21,Provincie Antwerpen,Ahmed,896
193,10000,BE21,Provincie Antwerpen,Joris,890
194,10000,BE21,Provincie Antwerpen,Van Mechelen,887
195,10000,BE21,Provincie Antwerpen,Van Reeth,885
196,10000,BE21,Provincie Antwerpen,Verhulst,880
197,10000,BE21,Provincie Antwerpen,Brosens,875
198,10000,BE21,Provincie Antwerpen,De Ceuster,873
199,10000,BE21,Provincie Antwerpen,Wils,872
200,10000,BE21,Provincie Antwerpen,Mees,866
201,10000,BE21,Provincie Antwerpen,Buelens,865
201,10000,BE21,Provincie Antwerpen,De Roeck,865
203,10000,BE21,Provincie Antwerpen,Vanhoof,864
204,10000,BE21,Provincie Antwerpen,Van der Veken,859
205,10000,BE21,Provincie Antwerpen,Van Opstal,858
206,10000,BE21,Provincie Antwerpen,Ali,857
207,10000,BE21,Provincie Antwerpen,Verachtert,853
208,10000,BE21,Provincie Antwerpen,Geukens,849
209,10000,BE21,Provincie Antwerpen,Berghmans,848
210,10000,BE21,Provincie Antwerpen,Wynants,841
211,10000,BE21,Provincie Antwerpen,Kerremans,839
211,10000,BE21,Provincie Antwerpen,Van Rooy,839
213,10000,BE21,Provincie Antwerpen,Van den Bossche,834
213,10000,BE21,Provincie Antwerpen,Vermeylen,834
215,10000,BE21,Provincie Antwerpen,Storms,833
216,10000,BE21,Provincie Antwerpen,Schellekens,826
217,10000,BE21,Provincie Antwerpen,Van Goethem,823
217,10000,BE21,Provincie Antwerpen,Wens,823
219,10000,BE21,Provincie Antwerpen,Diallo,819
220,10000,BE21,Provincie Antwerpen,Blockx,818
221,10000,BE21,Provincie Antwerpen,Verstappen,817
222,10000,BE21,Provincie Antwerpen,Geysen,813
223,10000,BE21,Provincie Antwerpen,Van Assche,810
224,10000,BE21,Provincie Antwerpen,Engels,808
225,10000,BE21,Provincie Antwerpen,Beckers,806
225,10000,BE21,Provincie Antwerpen,Cuyvers,806
227,10000,BE21,Provincie Antwerpen,Dams,804
227,10000,BE21,Provincie Antwerpen,Fierens,804
229,10000,BE21,Provincie Antwerpen,Van Kerckhoven,796
230,10000,BE21,Provincie Antwerpen,Baeyens,791
231,10000,BE21,Provincie Antwerpen,Yachou,788
232,10000,BE21,Provincie Antwerpen,Dom,787
233,10000,BE21,Provincie Antwerpen,Van Doninck,780
234,10000,BE21,Provincie Antwerpen,Vets,779
235,10000,BE21,Provincie Antwerpen,Ceuppens,778
236,10000,BE21,Provincie Antwerpen,Hofmans,777
237,10000,BE21,Provincie Antwerpen,Serneels,776
238,10000,BE21,Provincie Antwerpen,Celis,774
238,10000,BE21,Provincie Antwerpen,Nagels,774
240,10000,BE21,Provincie Antwerpen,Geuens,771
241,10000,BE21,Provincie Antwerpen,Van Gils,770
242,10000,BE21,Provincie Antwerpen,De Peuter,768
243,10000,BE21,Provincie Antwerpen,Van Bael,767
244,10000,BE21,Provincie Antwerpen,De Herdt,766
244,10000,BE21,Provincie Antwerpen,Schoeters,766
246,10000,BE21,Provincie Antwerpen,Konings,764
247,10000,BE21,Provincie Antwerpen,Baetens,761
248,10000,BE21,Provincie Antwerpen,Loos,758
248,10000,BE21,Provincie Antwerpen,Verbraeken,758
250,10000,BE21,Provincie Antwerpen,Scheers,753
251,10000,BE21,Provincie Antwerpen,Mortelmans,752
252,10000,BE21,Provincie Antwerpen,De Jonghe,750
252,10000,BE21,Provincie Antwerpen,Mols,750
254,10000,BE21,Provincie Antwerpen,De Roover,748
254,10000,BE21,Provincie Antwerpen,Van Eynde,748
256,10000,BE21,Provincie Antwerpen,De Wolf,744
257,10000,BE21,Provincie Antwerpen,Stessens,742
258,10000,BE21,Provincie Antwerpen,Beyers,741
259,10000,BE21,Provincie Antwerpen,Frans,740
260,10000,BE21,Provincie Antwerpen,Singh,739
260,10000,BE21,Provincie Antwerpen,Struyf,739
262,10000,BE21,Provincie Antwerpen,Doms,737
262,10000,BE21,Provincie Antwerpen,Yilmaz,737
264,10000,BE21,Provincie Antwerpen,De Haes,734
264,10000,BE21,Provincie Antwerpen,Eyckmans,734
266,10000,BE21,Provincie Antwerpen,Bal,733
266,10000,BE21,Provincie Antwerpen,Vangeel,733
268,10000,BE21,Provincie Antwerpen,Swinnen,732
269,10000,BE21,Provincie Antwerpen,Smeyers,728
269,10000,BE21,Provincie Antwerpen,Vergauwen,728
271,10000,BE21,Provincie Antwerpen,De Wilde,718
271,10000,BE21,Provincie Antwerpen,Sas,718
273,10000,BE21,Provincie Antwerpen,Bruynseels,715
273,10000,BE21,Provincie Antwerpen,Gevers,715
273,10000,BE21,Provincie Antwerpen,Van Dingenen,715
276,10000,BE21,Provincie Antwerpen,De Keyser,712
277,10000,BE21,Provincie Antwerpen,Van Aken,709
278,10000,BE21,Provincie Antwerpen,Jespers,708
279,10000,BE21,Provincie Antwerpen,Bruyninckx,707
280,10000,BE21,Provincie Antwerpen,Vertommen,704
281,10000,BE21,Provincie Antwerpen,Safi,703
281,10000,BE21,Provincie Antwerpen,Voet,703
283,10000,BE21,Provincie Antwerpen,Druyts,700
284,10000,BE21,Provincie Antwerpen,Anthonissen,699
285,10000,BE21,Provincie Antwerpen,Dries,697
285,10000,BE21,Provincie Antwerpen,Van der Linden,697
287,10000,BE21,Provincie Antwerpen,Vaes,696
288,10000,BE21,Provincie Antwerpen,Verbiest,694
289,10000,BE21,Provincie Antwerpen,De Pooter,693
290,10000,BE21,Provincie Antwerpen,Schrauwen,692
290,10000,BE21,Provincie Antwerpen,Van Loo,692
292,10000,BE21,Provincie Antwerpen,Van Hout,690
293,10000,BE21,Provincie Antwerpen,Mampaey,686
294,10000,BE21,Provincie Antwerpen,Van Noten,683
295,10000,BE21,Provincie Antwerpen,Boons,681
296,10000,BE21,Provincie Antwerpen,Staes,678
297,10000,BE21,Provincie Antwerpen,Vekemans,675
298,10000,BE21,Provincie Antwerpen,Deckx,672
299,10000,BE21,Provincie Antwerpen,Nuyens,669
300,10000,BE21,Provincie Antwerpen,De Schepper,668
300,10000,BE21,Provincie Antwerpen,Geenen,668
300,10000,BE21,Provincie Antwerpen,Raes,668
303,10000,BE21,Provincie Antwerpen,Kerstens,665
304,10000,BE21,Provincie Antwerpen,Bastiaens,663
304,10000,BE21,Provincie Antwerpen,Van Echelpoel,663
306,10000,BE21,Provincie Antwerpen,Verstraelen,662
307,10000,BE21,Provincie Antwerpen,Goetschalckx,655
307,10000,BE21,Provincie Antwerpen,Yaramis,655
309,10000,BE21,Provincie Antwerpen,Nauwelaerts,654
310,10000,BE21,Provincie Antwerpen,Franck,651
311,10000,BE21,Provincie Antwerpen,Coenen,650
312,10000,BE21,Provincie Antwerpen,Laeremans,648
313,10000,BE21,Provincie Antwerpen,Adams,647
313,10000,BE21,Provincie Antwerpen,Van Bouwel,647
313,10000,BE21,Provincie Antwerpen,Van Gompel,647
313,10000,BE21,Provincie Antwerpen,Verschaeren,647
317,10000,BE21,Provincie Antwerpen,Van Nuffel,645
318,10000,BE21,Provincie Antwerpen,Bah,644
319,10000,BE21,Provincie Antwerpen,Donckers,643
320,10000,BE21,Provincie Antwerpen,Merckx,641
321,10000,BE21,Provincie Antwerpen,De Bondt,639
321,10000,BE21,Provincie Antwerpen,Spruyt,639
323,10000,BE21,Provincie Antwerpen,Francken,635
323,10000,BE21,Provincie Antwerpen,Wagemans,635
325,10000,BE21,Provincie Antwerpen,Vangenechten,634
326,10000,BE21,Provincie Antwerpen,De Belder,629
326,10000,BE21,Provincie Antwerpen,Henderickx,629
328,10000,BE21,Provincie Antwerpen,Crauwels,628
328,10000,BE21,Provincie Antwerpen,Laureys,628
330,10000,BE21,Provincie Antwerpen,Wilms,627
331,10000,BE21,Provincie Antwerpen,Van Hees,626
332,10000,BE21,Provincie Antwerpen,Brouwers,624
332,10000,BE21,Provincie Antwerpen,Neefs,624
334,10000,BE21,Provincie Antwerpen,Gebruers,623
335,10000,BE21,Provincie Antwerpen,Elst,619
336,10000,BE21,Provincie Antwerpen,Van Mol,615
337,10000,BE21,Provincie Antwerpen,Gabriels,614
338,10000,BE21,Provincie Antwerpen,Van Tendeloo,613
339,10000,BE21,Provincie Antwerpen,Van Gool,612
340,10000,BE21,Provincie Antwerpen,Vinck,610
341,10000,BE21,Provincie Antwerpen,Keersmaekers,609
341,10000,BE21,Provincie Antwerpen,Lens,609
341,10000,BE21,Provincie Antwerpen,Van de Poel,609
341,10000,BE21,Provincie Antwerpen,Van den Bulck,609
345,10000,BE21,Provincie Antwerpen,Van Roey,608
346,10000,BE21,Provincie Antwerpen,Lauryssen,607
347,10000,BE21,Provincie Antwerpen,Shah,603
348,10000,BE21,Provincie Antwerpen,De Cuyper,601
349,10000,BE21,Provincie Antwerpen,Cox,600
350,10000,BE21,Provincie Antwerpen,Eelen,599
351,10000,BE21,Provincie Antwerpen,Vervecken,595
352,10000,BE21,Provincie Antwerpen,Roels,594
353,10000,BE21,Provincie Antwerpen,Daelemans,593
354,10000,BE21,Provincie Antwerpen,Goos,592
354,10000,BE21,Provincie Antwerpen,Van den Bogaert,592
356,10000,BE21,Provincie Antwerpen,Pelgrims,591
357,10000,BE21,Provincie Antwerpen,Hufkens,588
357,10000,BE21,Provincie Antwerpen,Verhelst,588
359,10000,BE21,Provincie Antwerpen,Van Roosbroeck,585
360,10000,BE21,Provincie Antwerpen,Spiessens,579
361,10000,BE21,Provincie Antwerpen,Van de Weyer,578
362,10000,BE21,Provincie Antwerpen,Joos,576
362,10000,BE21,Provincie Antwerpen,Moonen,576
364,10000,BE21,Provincie Antwerpen,Cornelissen,574
364,10000,BE21,Provincie Antwerpen,De Prins,574
366,10000,BE21,Provincie Antwerpen,Steurs,573
367,10000,BE21,Provincie Antwerpen,De Witte,572
368,10000,BE21,Provincie Antwerpen,Tops,571
369,10000,BE21,Provincie Antwerpen,Van Aelst,569
370,10000,BE21,Provincie Antwerpen,Geboers,567
371,10000,BE21,Provincie Antwerpen,De Coninck,566
372,10000,BE21,Provincie Antwerpen,Matthys,563
373,10000,BE21,Provincie Antwerpen,Willemsen,561
374,10000,BE21,Provincie Antwerpen,Vanherck,559
375,10000,BE21,Provincie Antwerpen,Christiaens,558
375,10000,BE21,Provincie Antwerpen,Mannaerts,558
377,10000,BE21,Provincie Antwerpen,Dens,557
378,10000,BE21,Provincie Antwerpen,Baert,556
379,10000,BE21,Provincie Antwerpen,Daneels,555
379,10000,BE21,Provincie Antwerpen,De Preter,555
379,10000,BE21,Provincie Antwerpen,Geentjens,555
379,10000,BE21,Provincie Antwerpen,Mangelschots,555
379,10000,BE21,Provincie Antwerpen,Theys,555
384,10000,BE21,Provincie Antwerpen,Gielen,553
385,10000,BE21,Provincie Antwerpen,Claessen,552
386,10000,BE21,Provincie Antwerpen,Van Campenhout,551
387,10000,BE21,Provincie Antwerpen,Van Houdt,550
388,10000,BE21,Provincie Antwerpen,De Ryck,548
389,10000,BE21,Provincie Antwerpen,Bols,546
389,10000,BE21,Provincie Antwerpen,Khan,546
389,10000,BE21,Provincie Antwerpen,Ruts,546
392,10000,BE21,Provincie Antwerpen,Bevers,544
392,10000,BE21,Provincie Antwerpen,Rens,544
394,10000,BE21,Provincie Antwerpen,De Bock,540
395,10000,BE21,Provincie Antwerpen,Schepers,537
396,10000,BE21,Provincie Antwerpen,Van Olmen,536
397,10000,BE21,Provincie Antwerpen,Schuermans,535
397,10000,BE21,Provincie Antwerpen,Van Thielen,535
399,10000,BE21,Provincie Antwerpen,Bauwens,534
399,10000,BE21,Provincie Antwerpen,Joosen,534
401,10000,BE21,Provincie Antwerpen,Bervoets,532
401,10000,BE21,Provincie Antwerpen,Van den Eynden,532
403,10000,BE21,Provincie Antwerpen,Dupont,531
403,10000,BE21,Provincie Antwerpen,Van Ginneken,531
405,10000,BE21,Provincie Antwerpen,Goormans,528
406,10000,BE21,Provincie Antwerpen,Vanlommel,527
407,10000,BE21,Provincie Antwerpen,Van Praet,526
408,10000,BE21,Provincie Antwerpen,Kennes,525
408,10000,BE21,Provincie Antwerpen,Verbeek,525
410,10000,BE21,Provincie Antwerpen,Borremans,522
410,10000,BE21,Provincie Antwerpen,Damen,522
410,10000,BE21,Provincie Antwerpen,Peeraer,522
413,10000,BE21,Provincie Antwerpen,Van de Ven,520
414,10000,BE21,Provincie Antwerpen,Claeys,519
415,10000,BE21,Provincie Antwerpen,Buyens,518
416,10000,BE21,Provincie Antwerpen,De Coster,516
416,10000,BE21,Provincie Antwerpen,Gielis,516
418,10000,BE21,Provincie Antwerpen,Rottiers,515
419,10000,BE21,Provincie Antwerpen,Schoofs,513
420,10000,BE21,Provincie Antwerpen,Tielemans,512
421,10000,BE21,Provincie Antwerpen,Van de Voorde,510
422,10000,BE21,Provincie Antwerpen,Van Lommel,509
423,10000,BE21,Provincie Antwerpen,Arnouts,508
424,10000,BE21,Provincie Antwerpen,Vingerhoets,507
425,10000,BE21,Provincie Antwerpen,Van Linden,506
426,10000,BE21,Provincie Antwerpen,Aernouts,504
427,10000,BE21,Provincie Antwerpen,Roelants,502
428,10000,BE21,Provincie Antwerpen,Broos,501
429,10000,BE21,Provincie Antwerpen,Versmissen,500
430,10000,BE21,Provincie Antwerpen,Haest,499
431,10000,BE21,Provincie Antwerpen,Bogaert,498
431,10000,BE21,Provincie Antwerpen,Van Loy,498
433,10000,BE21,Provincie Antwerpen,Claus,497
433,10000,BE21,Provincie Antwerpen,Philips,497
433,10000,BE21,Provincie Antwerpen,Van Dam,497
436,10000,BE21,Provincie Antwerpen,Jochems,495
436,10000,BE21,Provincie Antwerpen,Rutten,495
438,10000,BE21,Provincie Antwerpen,Reynders,493
439,10000,BE21,Provincie Antwerpen,Van Steen,492
440,10000,BE21,Provincie Antwerpen,Van Calster,491
440,10000,BE21,Provincie Antwerpen,Van Hoeck,491
442,10000,BE21,Provincie Antwerpen,Truyens,488
443,10000,BE21,Provincie Antwerpen,Bastiaensen,487
443,10000,BE21,Provincie Antwerpen,Dieltjens,487
443,10000,BE21,Provincie Antwerpen,Dierickx,487
443,10000,BE21,Provincie Antwerpen,Kennis,487
443,10000,BE21,Provincie Antwerpen,Kerckhofs,487
448,10000,BE21,Provincie Antwerpen,Van Daele,483
449,10000,BE21,Provincie Antwerpen,De Meester,481
449,10000,BE21,Provincie Antwerpen,Stroobants,481
451,10000,BE21,Provincie Antwerpen,Hamdaoui,480
452,10000,BE21,Provincie Antwerpen,Mermans,479
453,10000,BE21,Provincie Antwerpen,Van Reusel,478
454,10000,BE21,Provincie Antwerpen,Sanders,476
454,10000,BE21,Provincie Antwerpen,Sneyers,476
454,10000,BE21,Provincie Antwerpen,Sprangers,476
454,10000,BE21,Provincie Antwerpen,Van Deuren,476
458,10000,BE21,Provincie Antwerpen,Pieters,473
459,10000,BE21,Provincie Antwerpen,De Vries,472
459,10000,BE21,Provincie Antwerpen,Heymans,472
459,10000,BE21,Provincie Antwerpen,Oeyen,472
459,10000,BE21,Provincie Antwerpen,Van Steenbergen,472
463,10000,BE21,Provincie Antwerpen,Meuris,471
463,10000,BE21,Provincie Antwerpen,Verwerft,471
465,10000,BE21,Provincie Antwerpen,Vleminckx,469
466,10000,BE21,Provincie Antwerpen,Antonissen,468
467,10000,BE21,Provincie Antwerpen,Peetermans,467
468,10000,BE21,Provincie Antwerpen,De Vocht,466
469,10000,BE21,Provincie Antwerpen,Vranckx,463
470,10000,BE21,Provincie Antwerpen,Van Craen,462
471,10000,BE21,Provincie Antwerpen,Geerinckx,460
472,10000,BE21,Provincie Antwerpen,Cambré,456
472,10000,BE21,Provincie Antwerpen,Schepens,456
474,10000,BE21,Provincie Antwerpen,Carpentier,455
475,10000,BE21,Provincie Antwerpen,Meulemans,453
475,10000,BE21,Provincie Antwerpen,Sannen,453
477,10000,BE21,Provincie Antwerpen,Gilis,452
477,10000,BE21,Provincie Antwerpen,Wyns,452
479,10000,BE21,Provincie Antwerpen,Van Riel,451
480,10000,BE21,Provincie Antwerpen,Reyniers,449
481,10000,BE21,Provincie Antwerpen,De Bruyne,448
482,10000,BE21,Provincie Antwerpen,Daemen,447
482,10000,BE21,Provincie Antwerpen,Hooyberghs,447
482,10000,BE21,Provincie Antwerpen,Huyghe,447
482,10000,BE21,Provincie Antwerpen,Van Deun,447
482,10000,BE21,Provincie Antwerpen,Van Hecke,447
482,10000,BE21,Provincie Antwerpen,Van de Vel,447
488,10000,BE21,Provincie Antwerpen,Anthonis,446
488,10000,BE21,Provincie Antwerpen,De Moor,446
488,10000,BE21,Provincie Antwerpen,Van Acker,446
491,10000,BE21,Provincie Antwerpen,Callens,440
492,10000,BE21,Provincie Antwerpen,Chen,438
492,10000,BE21,Provincie Antwerpen,De Block,438
492,10000,BE21,Provincie Antwerpen,Leenaerts,438
495,10000,BE21,Provincie Antwerpen,Kempenaers,437
495,10000,BE21,Provincie Antwerpen,Mustafa,437
495,10000,BE21,Provincie Antwerpen,Van Geel,437
498,10000,BE21,Provincie Antwerpen,Devos,435
498,10000,BE21,Provincie Antwerpen,Schellens,435
498,10000,BE21,Provincie Antwerpen,Vanhove,435
501,10000,BE21,Provincie Antwerpen,Franken,434
501,10000,BE21,Provincie Antwerpen,Mohamed,434
501,10000,BE21,Provincie Antwerpen,Van den Wyngaert,434
504,10000,BE21,Provincie Antwerpen,Poels,433
505,10000,BE21,Provincie Antwerpen,Herremans,432
506,10000,BE21,Provincie Antwerpen,Van der Heyden,431
507,10000,BE21,Provincie Antwerpen,De Jongh,430
507,10000,BE21,Provincie Antwerpen,Hofkens,430
507,10000,BE21,Provincie Antwerpen,Van Bogaert,430
507,10000,BE21,Provincie Antwerpen,Yildiz,430
511,10000,BE21,Provincie Antwerpen,Everaert,429
512,10000,BE21,Provincie Antwerpen,Boeykens,428
512,10000,BE21,Provincie Antwerpen,Buys,428
512,10000,BE21,Provincie Antwerpen,Gommers,428
515,10000,BE21,Provincie Antwerpen,Boden,427
515,10000,BE21,Provincie Antwerpen,Van Gastel,427
515,10000,BE21,Provincie Antwerpen,Van Houtven,427
515,10000,BE21,Provincie Antwerpen,Van Peer,427
519,10000,BE21,Provincie Antwerpen,Ceusters,425
519,10000,BE21,Provincie Antwerpen,De Graef,425
519,10000,BE21,Provincie Antwerpen,Van Den Heuvel,425
519,10000,BE21,Provincie Antwerpen,Verellen,425
523,10000,BE21,Provincie Antwerpen,Vreys,424
524,10000,BE21,Provincie Antwerpen,Bresseleers,423
524,10000,BE21,Provincie Antwerpen,Coomans,423
524,10000,BE21,Provincie Antwerpen,Taeymans,423
527,10000,BE21,Provincie Antwerpen,Oostvogels,422
528,10000,BE21,Provincie Antwerpen,Jennes,421
528,10000,BE21,Provincie Antwerpen,Loots,421
530,10000,BE21,Provincie Antwerpen,De Greef,420
530,10000,BE21,Provincie Antwerpen,Hoskens,420
532,10000,BE21,Provincie Antwerpen,Apers,419
532,10000,BE21,Provincie Antwerpen,Driessens,419
532,10000,BE21,Provincie Antwerpen,Gillis,419
535,10000,BE21,Provincie Antwerpen,Demir,417
536,10000,BE21,Provincie Antwerpen,Ibrahim,416
537,10000,BE21,Provincie Antwerpen,Smeets,415
538,10000,BE21,Provincie Antwerpen,De Swert,414
538,10000,BE21,Provincie Antwerpen,Meyvis,414
538,10000,BE21,Provincie Antwerpen,Vereecken,414
541,10000,BE21,Provincie Antwerpen,Busschots,413
541,10000,BE21,Provincie Antwerpen,Desmet,413
541,10000,BE21,Provincie Antwerpen,Moris,413
541,10000,BE21,Provincie Antwerpen,Quirynen,413
541,10000,BE21,Provincie Antwerpen,Volders,413
546,10000,BE21,Provincie Antwerpen,Baelus,412
546,10000,BE21,Provincie Antwerpen,Braeckmans,412
548,10000,BE21,Provincie Antwerpen,Vandeweyer,411
548,10000,BE21,Provincie Antwerpen,Vandoninck,411
550,10000,BE21,Provincie Antwerpen,Gysen,410
551,10000,BE21,Provincie Antwerpen,Blommaert,408
552,10000,BE21,Provincie Antwerpen,El Jattari,406
553,10000,BE21,Provincie Antwerpen,De Wever,405
553,10000,BE21,Provincie Antwerpen,Holemans,405
553,10000,BE21,Provincie Antwerpen,Laurijssen,405
556,10000,BE21,Provincie Antwerpen,Gys,404
557,10000,BE21,Provincie Antwerpen,Vervliet,403
558,10000,BE21,Provincie Antwerpen,El Moussaoui,402
558,10000,BE21,Provincie Antwerpen,Thomas,402
560,10000,BE21,Provincie Antwerpen,Van Landeghem,401
561,10000,BE21,Provincie Antwerpen,Van Leemput,400
561,10000,BE21,Provincie Antwerpen,Van Riet,400
563,10000,BE21,Provincie Antwerpen,Declercq,399
564,10000,BE21,Provincie Antwerpen,Daniels,398
564,10000,BE21,Provincie Antwerpen,Schelkens,398
564,10000,BE21,Provincie Antwerpen,Thielemans,398
567,10000,BE21,Provincie Antwerpen,Jaspers,397
567,10000,BE21,Provincie Antwerpen,Symons,397
569,10000,BE21,Provincie Antwerpen,Guldentops,396
569,10000,BE21,Provincie Antwerpen,Swerts,396
569,10000,BE21,Provincie Antwerpen,Uytterhoeven,396
572,10000,BE21,Provincie Antwerpen,Nauwelaers,395
573,10000,BE21,Provincie Antwerpen,Barry,394
574,10000,BE21,Provincie Antwerpen,De Beuckelaer,393
574,10000,BE21,Provincie Antwerpen,Frederickx,393
576,10000,BE21,Provincie Antwerpen,Sluyts,392
577,10000,BE21,Provincie Antwerpen,De Borger,391
577,10000,BE21,Provincie Antwerpen,Nelen,391
577,10000,BE21,Provincie Antwerpen,Van de Perre,391
580,10000,BE21,Provincie Antwerpen,Beullens,390
580,10000,BE21,Provincie Antwerpen,Huygens,390
582,10000,BE21,Provincie Antwerpen,De Leeuw,389
582,10000,BE21,Provincie Antwerpen,Heyns,389
582,10000,BE21,Provincie Antwerpen,Mens,389
582,10000,BE21,Provincie Antwerpen,Van Nuffelen,389
582,10000,BE21,Provincie Antwerpen,Voeten,389
587,10000,BE21,Provincie Antwerpen,Ahmadi,388
587,10000,BE21,Provincie Antwerpen,De Houwer,388
587,10000,BE21,Provincie Antwerpen,Mondelaers,388
587,10000,BE21,Provincie Antwerpen,Van de Sande,388
591,10000,BE21,Provincie Antwerpen,Buts,387
591,10000,BE21,Provincie Antwerpen,Jans,387
593,10000,BE21,Provincie Antwerpen,Govers,386
593,10000,BE21,Provincie Antwerpen,Van Leuven,386
595,10000,BE21,Provincie Antwerpen,Hasan,385
595,10000,BE21,Provincie Antwerpen,Vansant,385
597,10000,BE21,Provincie Antwerpen,Van den Berghe,384
598,10000,BE21,Provincie Antwerpen,Truyen,383
599,10000,BE21,Provincie Antwerpen,Bax,381
599,10000,BE21,Provincie Antwerpen,Van Doren,381
599,10000,BE21,Provincie Antwerpen,Van den Branden,381
602,10000,BE21,Provincie Antwerpen,Nevelsteen,380
602,10000,BE21,Provincie Antwerpen,Theunis,380
604,10000,BE21,Provincie Antwerpen,De Ceulaer,379
604,10000,BE21,Provincie Antwerpen,Geyskens,379
604,10000,BE21,Provincie Antwerpen,Marynissen,379
607,10000,BE21,Provincie Antwerpen,Kasmi,378
608,10000,BE21,Provincie Antwerpen,Cannaerts,377
609,10000,BE21,Provincie Antwerpen,Kaya,376
609,10000,BE21,Provincie Antwerpen,Kerkhofs,376
609,10000,BE21,Provincie Antwerpen,Moortgat,376
612,10000,BE21,Provincie Antwerpen,Dubois,375
612,10000,BE21,Provincie Antwerpen,Van Beek,375
612,10000,BE21,Provincie Antwerpen,Verbinnen,375
615,10000,BE21,Provincie Antwerpen,Brems,374
615,10000,BE21,Provincie Antwerpen,Meert,374
615,10000,BE21,Provincie Antwerpen,Van Gansen,374
618,10000,BE21,Provincie Antwerpen,Bens,373
619,10000,BE21,Provincie Antwerpen,Suykerbuyk,372
620,10000,BE21,Provincie Antwerpen,Lodewyckx,371
621,10000,BE21,Provincie Antwerpen,Bosschaerts,370
621,10000,BE21,Provincie Antwerpen,Maris,370
621,10000,BE21,Provincie Antwerpen,Stuyck,370
621,10000,BE21,Provincie Antwerpen,Van Eyck,370
621,10000,BE21,Provincie Antwerpen,Yildirim,370
626,10000,BE21,Provincie Antwerpen,De Koninck,369
626,10000,BE21,Provincie Antwerpen,Van Velthoven,369
628,10000,BE21,Provincie Antwerpen,El Makrini,368
628,10000,BE21,Provincie Antwerpen,Rosiers,368
628,10000,BE21,Provincie Antwerpen,Van Gucht,368
631,10000,BE21,Provincie Antwerpen,Bruyndonckx,367
631,10000,BE21,Provincie Antwerpen,van Loon,367
633,10000,BE21,Provincie Antwerpen,Hassan,366
633,10000,BE21,Provincie Antwerpen,Shinwari,366
633,10000,BE21,Provincie Antwerpen,Truyts,366
633,10000,BE21,Provincie Antwerpen,Van Bergen,366
633,10000,BE21,Provincie Antwerpen,Verbeke,366
633,10000,BE21,Provincie Antwerpen,Vereycken,366
639,10000,BE21,Provincie Antwerpen,Ahmadzai,364
639,10000,BE21,Provincie Antwerpen,Vandeperre,364
641,10000,BE21,Provincie Antwerpen,Denis,363
641,10000,BE21,Provincie Antwerpen,Stoops,363
643,10000,BE21,Provincie Antwerpen,Borgmans,362
643,10000,BE21,Provincie Antwerpen,Sleeckx,362
645,10000,BE21,Provincie Antwerpen,Cloots,361
646,10000,BE21,Provincie Antwerpen,Van Ranst,360
646,10000,BE21,Provincie Antwerpen,Verreth,360
648,10000,BE21,Provincie Antwerpen,Bosch,359
648,10000,BE21,Provincie Antwerpen,Geys,359
648,10000,BE21,Provincie Antwerpen,Lembrechts,359
648,10000,BE21,Provincie Antwerpen,Molenberghs,359
652,10000,BE21,Provincie Antwerpen,Buytaert,358
652,10000,BE21,Provincie Antwerpen,Van Bavel,358
654,10000,BE21,Provincie Antwerpen,De Busser,357
654,10000,BE21,Provincie Antwerpen,Smedts,357
656,10000,BE21,Provincie Antwerpen,De Meulder,356
656,10000,BE21,Provincie Antwerpen,Van Gelder,356
656,10000,BE21,Provincie Antwerpen,Van Uffelen,356
659,10000,BE21,Provincie Antwerpen,Hoppenbrouwers,355
659,10000,BE21,Provincie Antwerpen,Meyers,355
659,10000,BE21,Provincie Antwerpen,Vermeersch,355
662,10000,BE21,Provincie Antwerpen,Smans,354
662,10000,BE21,Provincie Antwerpen,Van den Broek,354
662,10000,BE21,Provincie Antwerpen,Wijns,354
662,10000,BE21,Provincie Antwerpen,de Jong,354
666,10000,BE21,Provincie Antwerpen,Hoefkens,353
666,10000,BE21,Provincie Antwerpen,Maas,353
668,10000,BE21,Provincie Antwerpen,Meersman,352
668,10000,BE21,Provincie Antwerpen,Meynen,352
668,10000,BE21,Provincie Antwerpen,Van Thillo,352
671,10000,BE21,Provincie Antwerpen,Borghs,351
671,10000,BE21,Provincie Antwerpen,Van de Water,351
673,10000,BE21,Provincie Antwerpen,Ahmad,350
673,10000,BE21,Provincie Antwerpen,Guns,350
675,10000,BE21,Provincie Antwerpen,Goor,349
675,10000,BE21,Provincie Antwerpen,Stynen,349
675,10000,BE21,Provincie Antwerpen,Van Bulck,349
678,10000,BE21,Provincie Antwerpen,Biesemans,348
678,10000,BE21,Provincie Antwerpen,Bollen,348
680,10000,BE21,Provincie Antwerpen,Snels,347
680,10000,BE21,Provincie Antwerpen,Van Den Broeck,347
682,10000,BE21,Provincie Antwerpen,Leirs,346
683,10000,BE21,Provincie Antwerpen,Li,345
684,10000,BE21,Provincie Antwerpen,Dekkers,344
684,10000,BE21,Provincie Antwerpen,Jansens,344
684,10000,BE21,Provincie Antwerpen,Van Tichelen,344
684,10000,BE21,Provincie Antwerpen,Wyckmans,344
688,10000,BE21,Provincie Antwerpen,Vorsselmans,343
689,10000,BE21,Provincie Antwerpen,Pluym,341
690,10000,BE21,Provincie Antwerpen,Daoudi,340
690,10000,BE21,Provincie Antwerpen,Huygen,340
692,10000,BE21,Provincie Antwerpen,Poppe,339
692,10000,BE21,Provincie Antwerpen,Steenackers,339
692,10000,BE21,Provincie Antwerpen,Sysmans,339
695,10000,BE21,Provincie Antwerpen,Pintens,338
695,10000,BE21,Provincie Antwerpen,Tahiri,338
695,10000,BE21,Provincie Antwerpen,Van Put,338
695,10000,BE21,Provincie Antwerpen,Van Raemdonck,338
699,10000,BE21,Provincie Antwerpen,Heirman,337
700,10000,BE21,Provincie Antwerpen,Bellekens,336
700,10000,BE21,Provincie Antwerpen,Gysels,336
702,10000,BE21,Provincie Antwerpen,Beeckmans,335
702,10000,BE21,Provincie Antwerpen,Bracke,335
702,10000,BE21,Provincie Antwerpen,Ismail,335
702,10000,BE21,Provincie Antwerpen,Roefs,335
702,10000,BE21,Provincie Antwerpen,Seghers,335
702,10000,BE21,Provincie Antwerpen,Van der Aa,335
708,10000,BE21,Provincie Antwerpen,Verreydt,334
708,10000,BE21,Provincie Antwerpen,Verschoren,334
708,10000,BE21,Provincie Antwerpen,Verwaest,334
711,10000,BE21,Provincie Antwerpen,Vloemans,333
711,10000,BE21,Provincie Antwerpen,Weyns,333
711,10000,BE21,Provincie Antwerpen,Willemse,333
714,10000,BE21,Provincie Antwerpen,Adriaenssen,332
714,10000,BE21,Provincie Antwerpen,Braspenning,332
714,10000,BE21,Provincie Antwerpen,Keysers,332
714,10000,BE21,Provincie Antwerpen,Mohammed,332
714,10000,BE21,Provincie Antwerpen,Sterkens,332
719,10000,BE21,Provincie Antwerpen,Stoop,331
720,10000,BE21,Provincie Antwerpen,Van Pelt,330
721,10000,BE21,Provincie Antwerpen,Hendriks,329
721,10000,BE21,Provincie Antwerpen,Stoffels,329
721,10000,BE21,Provincie Antwerpen,Voorspoels,329
724,10000,BE21,Provincie Antwerpen,Voets,328
725,10000,BE21,Provincie Antwerpen,Keustermans,327
725,10000,BE21,Provincie Antwerpen,Polfliet,327
725,10000,BE21,Provincie Antwerpen,Van Keer,327
725,10000,BE21,Provincie Antwerpen,Willemsens,327
729,10000,BE21,Provincie Antwerpen,Budts,326
729,10000,BE21,Provincie Antwerpen,Pelckmans,326
729,10000,BE21,Provincie Antwerpen,Vennekens,326
732,10000,BE21,Provincie Antwerpen,Paulussen,325
732,10000,BE21,Provincie Antwerpen,Vandenberghe,325
734,10000,BE21,Provincie Antwerpen,Van de Wouwer,324
734,10000,BE21,Provincie Antwerpen,Witvrouwen,324
736,10000,BE21,Provincie Antwerpen,Coeck,323
736,10000,BE21,Provincie Antwerpen,Moors,323
738,10000,BE21,Provincie Antwerpen,De Mulder,322
738,10000,BE21,Provincie Antwerpen,Oris,322
740,10000,BE21,Provincie Antwerpen,Van Sande,321
741,10000,BE21,Provincie Antwerpen,De Hert,320
742,10000,BE21,Provincie Antwerpen,Aertgeerts,319
742,10000,BE21,Provincie Antwerpen,Moeskops,319
742,10000,BE21,Provincie Antwerpen,Peleman,319
742,10000,BE21,Provincie Antwerpen,Vertongen,319
746,10000,BE21,Provincie Antwerpen,Delen,317
746,10000,BE21,Provincie Antwerpen,Pepermans,317
746,10000,BE21,Provincie Antwerpen,Raats,317
746,10000,BE21,Provincie Antwerpen,Vermeire,317
750,10000,BE21,Provincie Antwerpen,Alen,315
750,10000,BE21,Provincie Antwerpen,Bruggeman,315
750,10000,BE21,Provincie Antwerpen,Gils,315
750,10000,BE21,Provincie Antwerpen,Van Buggenhout,315
750,10000,BE21,Provincie Antwerpen,Vandenbergh,315
755,10000,BE21,Provincie Antwerpen,Van Dun,314
755,10000,BE21,Provincie Antwerpen,Van Hasselt,314
757,10000,BE21,Provincie Antwerpen,Braem,313
757,10000,BE21,Provincie Antwerpen,Van Hooydonck,313
757,10000,BE21,Provincie Antwerpen,Ven,313
760,10000,BE21,Provincie Antwerpen,Backx,312
760,10000,BE21,Provincie Antwerpen,Celen,312
760,10000,BE21,Provincie Antwerpen,Hoes,312
760,10000,BE21,Provincie Antwerpen,Van Den Bergh,312
764,10000,BE21,Provincie Antwerpen,Meulders,311
764,10000,BE21,Provincie Antwerpen,Verheijen,311
766,10000,BE21,Provincie Antwerpen,Friedman,310
766,10000,BE21,Provincie Antwerpen,Roofthooft,310
766,10000,BE21,Provincie Antwerpen,Vranken,310
769,10000,BE21,Provincie Antwerpen,Gysemans,309
769,10000,BE21,Provincie Antwerpen,Noyens,309
769,10000,BE21,Provincie Antwerpen,Put,309
769,10000,BE21,Provincie Antwerpen,Van Aert,309
769,10000,BE21,Provincie Antwerpen,Willaert,309
774,10000,BE21,Provincie Antwerpen,Lathouwers,308
775,10000,BE21,Provincie Antwerpen,Bergmans,307
775,10000,BE21,Provincie Antwerpen,Brughmans,307
775,10000,BE21,Provincie Antwerpen,De Proost,307
775,10000,BE21,Provincie Antwerpen,Kuypers,307
779,10000,BE21,Provincie Antwerpen,Hertogs,305
780,10000,BE21,Provincie Antwerpen,Koyen,304
780,10000,BE21,Provincie Antwerpen,Schelfhout,304
780,10000,BE21,Provincie Antwerpen,Theuns,304
780,10000,BE21,Provincie Antwerpen,Öztürk,304
784,10000,BE21,Provincie Antwerpen,Marinus,303
784,10000,BE21,Provincie Antwerpen,Schrijvers,303
786,10000,BE21,Provincie Antwerpen,De Keersmaecker,302
786,10000,BE21,Provincie Antwerpen,Lambert,302
786,10000,BE21,Provincie Antwerpen,Van Elsacker,302
786,10000,BE21,Provincie Antwerpen,Van Ham,302
786,10000,BE21,Provincie Antwerpen,Willemen,302
791,10000,BE21,Provincie Antwerpen,Schillemans,301
791,10000,BE21,Provincie Antwerpen,Vandeputte,301
793,10000,BE21,Provincie Antwerpen,Cuyt,300
794,10000,BE21,Provincie Antwerpen,Cornelissens,299
794,10000,BE21,Provincie Antwerpen,Tarrahi,299
794,10000,BE21,Provincie Antwerpen,Wijnants,299
797,10000,BE21,Provincie Antwerpen,Bouwen,298
797,10000,BE21,Provincie Antwerpen,Eykens,298
799,10000,BE21,Provincie Antwerpen,Van Beeck,297
800,10000,BE21,Provincie Antwerpen,Boogaerts,296
800,10000,BE21,Provincie Antwerpen,Peters,296
802,10000,BE21,Provincie Antwerpen,De Groot,295
802,10000,BE21,Provincie Antwerpen,De bruyn,295
804,10000,BE21,Provincie Antwerpen,Leyssens,294
804,10000,BE21,Provincie Antwerpen,Neyens,294
804,10000,BE21,Provincie Antwerpen,Smeulders,294
804,10000,BE21,Provincie Antwerpen,Van Cauwenbergh,294
804,10000,BE21,Provincie Antwerpen,Van der Elst,294
809,10000,BE21,Provincie Antwerpen,Hillen,293
809,10000,BE21,Provincie Antwerpen,Sebrechts,293
809,10000,BE21,Provincie Antwerpen,Temmerman,293
809,10000,BE21,Provincie Antwerpen,Verresen,293
809,10000,BE21,Provincie Antwerpen,van den Broek,293
814,10000,BE21,Provincie Antwerpen,El Yahyaoui,292
814,10000,BE21,Provincie Antwerpen,Houben,292
814,10000,BE21,Provincie Antwerpen,Matthé,292
817,10000,BE21,Provincie Antwerpen,Almassri,291
817,10000,BE21,Provincie Antwerpen,Heyvaert,291
817,10000,BE21,Provincie Antwerpen,Osman,291
817,10000,BE21,Provincie Antwerpen,Philipsen,291
821,10000,BE21,Provincie Antwerpen,Feyen,290
821,10000,BE21,Provincie Antwerpen,Lodewijckx,290
821,10000,BE21,Provincie Antwerpen,Prinsen,290
821,10000,BE21,Provincie Antwerpen,Van Campfort,290
825,10000,BE21,Provincie Antwerpen,Lambregts,289
825,10000,BE21,Provincie Antwerpen,Vermeir,289
827,10000,BE21,Provincie Antwerpen,De Doncker,288
827,10000,BE21,Provincie Antwerpen,De Kock,288
827,10000,BE21,Provincie Antwerpen,Talboom,288
827,10000,BE21,Provincie Antwerpen,Van Orshaegen,288
827,10000,BE21,Provincie Antwerpen,Verdyck,288
832,10000,BE21,Provincie Antwerpen,Mostmans,287
833,10000,BE21,Provincie Antwerpen,Croes,286
833,10000,BE21,Provincie Antwerpen,De Cnodder,286
835,10000,BE21,Provincie Antwerpen,Cop,285
835,10000,BE21,Provincie Antwerpen,Costermans,285
835,10000,BE21,Provincie Antwerpen,Denissen,285
835,10000,BE21,Provincie Antwerpen,Moelans,285
835,10000,BE21,Provincie Antwerpen,Troch,285
840,10000,BE21,Provincie Antwerpen,Schoenmaekers,284
840,10000,BE21,Provincie Antwerpen,Slaets,284
842,10000,BE21,Provincie Antwerpen,Brys,283
842,10000,BE21,Provincie Antwerpen,Crols,283
842,10000,BE21,Provincie Antwerpen,De Groote,283
842,10000,BE21,Provincie Antwerpen,Swolfs,283
842,10000,BE21,Provincie Antwerpen,Van Regenmortel,283
842,10000,BE21,Provincie Antwerpen,Verbert,283
848,10000,BE21,Provincie Antwerpen,De Mey,282
848,10000,BE21,Provincie Antwerpen,Mehmed,282
848,10000,BE21,Provincie Antwerpen,Mehta,282
848,10000,BE21,Provincie Antwerpen,Van Woensel,282
848,10000,BE21,Provincie Antwerpen,Verschooten,282
853,10000,BE21,Provincie Antwerpen,Gurung,281
853,10000,BE21,Provincie Antwerpen,Van Ballaer,281
853,10000,BE21,Provincie Antwerpen,Verstraete,281
856,10000,BE21,Provincie Antwerpen,De Feyter,280
856,10000,BE21,Provincie Antwerpen,Siebens,280
856,10000,BE21,Provincie Antwerpen,Van Dael,280
856,10000,BE21,Provincie Antwerpen,Van Eester,280
860,10000,BE21,Provincie Antwerpen,Havermans,279
860,10000,BE21,Provincie Antwerpen,Van de Vyver,279
862,10000,BE21,Provincie Antwerpen,Callaerts,278
862,10000,BE21,Provincie Antwerpen,Valgaeren,278
864,10000,BE21,Provincie Antwerpen,Berckmans,277
864,10000,BE21,Provincie Antwerpen,Momand,277
866,10000,BE21,Provincie Antwerpen,Teugels,276
866,10000,BE21,Provincie Antwerpen,Vermeeren,276
868,10000,BE21,Provincie Antwerpen,Goethals,275
868,10000,BE21,Provincie Antwerpen,Martin,275
868,10000,BE21,Provincie Antwerpen,Verherstraeten,275
871,10000,BE21,Provincie Antwerpen,Brabants,274
871,10000,BE21,Provincie Antwerpen,Paepen,274
871,10000,BE21,Provincie Antwerpen,Poelmans,274
871,10000,BE21,Provincie Antwerpen,Saenen,274
871,10000,BE21,Provincie Antwerpen,Vandecruys,274
876,10000,BE21,Provincie Antwerpen,Fleerackers,273
876,10000,BE21,Provincie Antwerpen,Van Laere,273
878,10000,BE21,Provincie Antwerpen,Bosman,272
878,10000,BE21,Provincie Antwerpen,De Loose,272
878,10000,BE21,Provincie Antwerpen,Raets,272
878,10000,BE21,Provincie Antwerpen,Van Mieghem,272
878,10000,BE21,Provincie Antwerpen,Van den Langenbergh,272
878,10000,BE21,Provincie Antwerpen,Verdickt,272
884,10000,BE21,Provincie Antwerpen,De Bleser,271
884,10000,BE21,Provincie Antwerpen,De Win,271
884,10000,BE21,Provincie Antwerpen,Kaur,271
884,10000,BE21,Provincie Antwerpen,Rombauts,271
884,10000,BE21,Provincie Antwerpen,Schoenmakers,271
889,10000,BE21,Provincie Antwerpen,Alghalban,270
889,10000,BE21,Provincie Antwerpen,Bouwens,270
889,10000,BE21,Provincie Antwerpen,Docx,270
889,10000,BE21,Provincie Antwerpen,Van Den Bosch,270
889,10000,BE21,Provincie Antwerpen,Vrancken,270
889,10000,BE21,Provincie Antwerpen,Weyts,270
889,10000,BE21,Provincie Antwerpen,Özdemir,270
896,10000,BE21,Provincie Antwerpen,Beirinckx,269
896,10000,BE21,Provincie Antwerpen,Geets,269
896,10000,BE21,Provincie Antwerpen,Palinckx,269
899,10000,BE21,Provincie Antwerpen,Bossaerts,268
899,10000,BE21,Provincie Antwerpen,Cauwenberghs,268
899,10000,BE21,Provincie Antwerpen,Clement,268
899,10000,BE21,Provincie Antwerpen,Kemps,268
899,10000,BE21,Provincie Antwerpen,Knaepkens,268
904,10000,BE21,Provincie Antwerpen,Joossens,267
904,10000,BE21,Provincie Antwerpen,Muyshondt,267
906,10000,BE21,Provincie Antwerpen,Declerck,266
906,10000,BE21,Provincie Antwerpen,El Aissati,266
906,10000,BE21,Provincie Antwerpen,Sow,266
909,10000,BE21,Provincie Antwerpen,Cuylaerts,265
909,10000,BE21,Provincie Antwerpen,Van Elsen,265
911,10000,BE21,Provincie Antwerpen,Gijsels,264
911,10000,BE21,Provincie Antwerpen,Van Meel,264
911,10000,BE21,Provincie Antwerpen,Vervloesem,264
914,10000,BE21,Provincie Antwerpen,Camps,263
914,10000,BE21,Provincie Antwerpen,De Paepe,263
914,10000,BE21,Provincie Antwerpen,Hussein,263
914,10000,BE21,Provincie Antwerpen,Moorkens,263
918,10000,BE21,Provincie Antwerpen,Boeren,262
918,10000,BE21,Provincie Antwerpen,De Buyser,262
918,10000,BE21,Provincie Antwerpen,Eysermans,262
918,10000,BE21,Provincie Antwerpen,Lambaerts,262
918,10000,BE21,Provincie Antwerpen,Rombaut,262
923,10000,BE21,Provincie Antwerpen,Huys,261
923,10000,BE21,Provincie Antwerpen,Van Winckel,261
923,10000,BE21,Provincie Antwerpen,Van de Vliet,261
926,10000,BE21,Provincie Antwerpen,Eeckhout,260
926,10000,BE21,Provincie Antwerpen,Schoovaerts,260
926,10000,BE21,Provincie Antwerpen,Van der Borght,260
926,10000,BE21,Provincie Antwerpen,Vandevelde,260
926,10000,BE21,Provincie Antwerpen,Wynen,260
931,10000,BE21,Provincie Antwerpen,Boey,259
931,10000,BE21,Provincie Antwerpen,Dingemans,259
931,10000,BE21,Provincie Antwerpen,Lieckens,259
931,10000,BE21,Provincie Antwerpen,Roelands,259
931,10000,BE21,Provincie Antwerpen,Stuer,259
931,10000,BE21,Provincie Antwerpen,Van Staeyen,259
931,10000,BE21,Provincie Antwerpen,Van der Steen,259
938,10000,BE21,Provincie Antwerpen,Karaca,258
938,10000,BE21,Provincie Antwerpen,Van Belle,258
940,10000,BE21,Provincie Antwerpen,Casteels,257
940,10000,BE21,Provincie Antwerpen,Debie,257
940,10000,BE21,Provincie Antwerpen,Opdebeeck,257
940,10000,BE21,Provincie Antwerpen,Pittoors,257
940,10000,BE21,Provincie Antwerpen,Van den broeck,257
945,10000,BE21,Provincie Antwerpen,Houtmeyers,256
945,10000,BE21,Provincie Antwerpen,Oorts,256
945,10000,BE21,Provincie Antwerpen,Schippers,256
945,10000,BE21,Provincie Antwerpen,Van Hool,256
945,10000,BE21,Provincie Antwerpen,Van Nueten,256
950,10000,BE21,Provincie Antwerpen,El Morabit,255
950,10000,BE21,Provincie Antwerpen,Matheussen,255
950,10000,BE21,Provincie Antwerpen,Piessens,255
950,10000,BE21,Provincie Antwerpen,Van Rompay,255
950,10000,BE21,Provincie Antwerpen,Vochten,255
955,10000,BE21,Provincie Antwerpen,Desmedt,254
955,10000,BE21,Provincie Antwerpen,Schroyens,254
955,10000,BE21,Provincie Antwerpen,Van Beylen,254
955,10000,BE21,Provincie Antwerpen,Van Doorslaer,254
959,10000,BE21,Provincie Antwerpen,Jordens,253
959,10000,BE21,Provincie Antwerpen,Kamara,253
959,10000,BE21,Provincie Antwerpen,Leroy,253
959,10000,BE21,Provincie Antwerpen,Scheyltjens,253
959,10000,BE21,Provincie Antwerpen,Tack,253
959,10000,BE21,Provincie Antwerpen,Van Asch,253
959,10000,BE21,Provincie Antwerpen,Van Ostaeyen,253
959,10000,BE21,Provincie Antwerpen,Vanheuckelom,253
959,10000,BE21,Provincie Antwerpen,Wilmsen,253
968,10000,BE21,Provincie Antwerpen,Boon,252
968,10000,BE21,Provincie Antwerpen,Hajou,252
968,10000,BE21,Provincie Antwerpen,Waumans,252
968,10000,BE21,Provincie Antwerpen,Çelik,252
972,10000,BE21,Provincie Antwerpen,Coremans,251
972,10000,BE21,Provincie Antwerpen,Maerevoet,251
972,10000,BE21,Provincie Antwerpen,Sommen,251
972,10000,BE21,Provincie Antwerpen,Suykens,251
976,10000,BE21,Provincie Antwerpen,Borms,250
976,10000,BE21,Provincie Antwerpen,Lenders,250
976,10000,BE21,Provincie Antwerpen,Suetens,250
976,10000,BE21,Provincie Antwerpen,Van Schil,250
976,10000,BE21,Provincie Antwerpen,Wang,250
976,10000,BE21,Provincie Antwerpen,Weckx,250
982,10000,BE21,Provincie Antwerpen,D'hondt,249
982,10000,BE21,Provincie Antwerpen,Dictus,249
982,10000,BE21,Provincie Antwerpen,Eyckens,249
982,10000,BE21,Provincie Antwerpen,Gysbrechts,249
982,10000,BE21,Provincie Antwerpen,Lippens,249
982,10000,BE21,Provincie Antwerpen,Lommelen,249
982,10000,BE21,Provincie Antwerpen,Van de Vondel,249
982,10000,BE21,Provincie Antwerpen,Vrints,249
990,10000,BE21,Provincie Antwerpen,Bauweraerts,248
990,10000,BE21,Provincie Antwerpen,Corremans,248
990,10000,BE21,Provincie Antwerpen,Daniëls,248
990,10000,BE21,Provincie Antwerpen,De Waele,248
990,10000,BE21,Provincie Antwerpen,Derboven,248
990,10000,BE21,Provincie Antwerpen,Sips,248
990,10000,BE21,Provincie Antwerpen,Snoeckx,248
990,10000,BE21,Provincie Antwerpen,Verrept,248
998,10000,BE21,Provincie Antwerpen,Bartholomeeusen,247
998,10000,BE21,Provincie Antwerpen,Luyts,247
998,10000,BE21,Provincie Antwerpen,Meys,247
998,10000,BE21,Provincie Antwerpen,Roovers,247
1002,10000,BE21,Provincie Antwerpen,Camara,246
1002,10000,BE21,Provincie Antwerpen,De Munck,246
1002,10000,BE21,Provincie Antwerpen,Jonckers,246
1002,10000,BE21,Provincie Antwerpen,Van Wesemael,246
1002,10000,BE21,Provincie Antwerpen,Van de Pol,246
1002,10000,BE21,Provincie Antwerpen,Vandyck,246
1008,10000,BE21,Provincie Antwerpen,Anthoni,245
1008,10000,BE21,Provincie Antwerpen,Delcroix,245
1008,10000,BE21,Provincie Antwerpen,Dieltiens,245
1008,10000,BE21,Provincie Antwerpen,Fonteyn,245
1008,10000,BE21,Provincie Antwerpen,Matthyssen,245
1008,10000,BE21,Provincie Antwerpen,Steemans,245
1008,10000,BE21,Provincie Antwerpen,Van Ginderen,245
1008,10000,BE21,Provincie Antwerpen,Van den Eede,245
1008,10000,BE21,Provincie Antwerpen,Vosters,245
1017,10000,BE21,Provincie Antwerpen,Geluykens,244
1017,10000,BE21,Provincie Antwerpen,Mahieu,244
1017,10000,BE21,Provincie Antwerpen,Van Tongerloo,244
1020,10000,BE21,Provincie Antwerpen,Adriaensens,243
1020,10000,BE21,Provincie Antwerpen,Dils,243
1020,10000,BE21,Provincie Antwerpen,Everaerts,243
1020,10000,BE21,Provincie Antwerpen,Minnen,243
1024,10000,BE21,Provincie Antwerpen,Brants,242
1024,10000,BE21,Provincie Antwerpen,D'Hondt,242
1024,10000,BE21,Provincie Antwerpen,Decoster,242
1024,10000,BE21,Provincie Antwerpen,El Kaddouri,242
1024,10000,BE21,Provincie Antwerpen,Laureyssens,242
1024,10000,BE21,Provincie Antwerpen,Liu,242
1024,10000,BE21,Provincie Antwerpen,Van Aerschot,242
1024,10000,BE21,Provincie Antwerpen,Van Immerseel,242
1032,10000,BE21,Provincie Antwerpen,Appels,241
1032,10000,BE21,Provincie Antwerpen,Caluwaerts,241
1032,10000,BE21,Provincie Antwerpen,Jansegers,241
1032,10000,BE21,Provincie Antwerpen,Noels,241
1032,10000,BE21,Provincie Antwerpen,Van Oosterwyck,241
1032,10000,BE21,Provincie Antwerpen,Van Overloop,241
1032,10000,BE21,Provincie Antwerpen,Van den Berg,241
1032,10000,BE21,Provincie Antwerpen,Veraghtert,241
1040,10000,BE21,Provincie Antwerpen,Van Hemelen,240
1041,10000,BE21,Provincie Antwerpen,Adriaens,239
1041,10000,BE21,Provincie Antwerpen,El Marchouhi,239
1041,10000,BE21,Provincie Antwerpen,Keuleers,239
1041,10000,BE21,Provincie Antwerpen,Meeussen,239
1041,10000,BE21,Provincie Antwerpen,Vandamme,239
1041,10000,BE21,Provincie Antwerpen,Vanspringel,239
1047,10000,BE21,Provincie Antwerpen,Boeckmans,238
1047,10000,BE21,Provincie Antwerpen,Boen,238
1047,10000,BE21,Provincie Antwerpen,Eyskens,238
1047,10000,BE21,Provincie Antwerpen,Panis,238
1047,10000,BE21,Provincie Antwerpen,Vermonden,238
1052,10000,BE21,Provincie Antwerpen,Bleys,237
1052,10000,BE21,Provincie Antwerpen,Ghys,237
1052,10000,BE21,Provincie Antwerpen,Joosten,237
1052,10000,BE21,Provincie Antwerpen,Smekens,237
1052,10000,BE21,Provincie Antwerpen,Van de Putte,237
1057,10000,BE21,Provincie Antwerpen,Brits,236
1057,10000,BE21,Provincie Antwerpen,Floren,236
1057,10000,BE21,Provincie Antwerpen,Meskens,236
1057,10000,BE21,Provincie Antwerpen,Potters,236
1057,10000,BE21,Provincie Antwerpen,Serrien,236
1057,10000,BE21,Provincie Antwerpen,Servaes,236
1057,10000,BE21,Provincie Antwerpen,Snoeys,236
1057,10000,BE21,Provincie Antwerpen,Stappaerts,236
1057,10000,BE21,Provincie Antwerpen,Van Goubergen,236
1057,10000,BE21,Provincie Antwerpen,Van Vlasselaer,236
1067,10000,BE21,Provincie Antwerpen,Borgers,235
1067,10000,BE21,Provincie Antwerpen,Kegels,235
1067,10000,BE21,Provincie Antwerpen,Possemiers,235
1067,10000,BE21,Provincie Antwerpen,Roelen,235
1071,10000,BE21,Provincie Antwerpen,Akkermans,234
1071,10000,BE21,Provincie Antwerpen,Balemans,234
1071,10000,BE21,Provincie Antwerpen,De Schryver,234
1071,10000,BE21,Provincie Antwerpen,Krols,234
1071,10000,BE21,Provincie Antwerpen,Verbraecken,234
1076,10000,BE21,Provincie Antwerpen,Asselberghs,233
1076,10000,BE21,Provincie Antwerpen,Vanuytsel,233
1076,10000,BE21,Provincie Antwerpen,Vetters,233
1079,10000,BE21,Provincie Antwerpen,Briers,232
1079,10000,BE21,Provincie Antwerpen,Corthout,232
1079,10000,BE21,Provincie Antwerpen,Herman,232
1079,10000,BE21,Provincie Antwerpen,Ibrahimi,232
1079,10000,BE21,Provincie Antwerpen,Van Cleemput,232
1084,10000,BE21,Provincie Antwerpen,Cooreman,231
1084,10000,BE21,Provincie Antwerpen,Dirkx,231
1084,10000,BE21,Provincie Antwerpen,Klein,231
1084,10000,BE21,Provincie Antwerpen,Meylemans,231
1084,10000,BE21,Provincie Antwerpen,Patel,231
1084,10000,BE21,Provincie Antwerpen,Sellami,231
1084,10000,BE21,Provincie Antwerpen,Spaepen,231
1084,10000,BE21,Provincie Antwerpen,Talbi,231
1084,10000,BE21,Provincie Antwerpen,Van de Peer,231
1084,10000,BE21,Provincie Antwerpen,Verswijvel,231
1094,10000,BE21,Provincie Antwerpen,Boschmans,230
1094,10000,BE21,Provincie Antwerpen,De Schrijver,230
1094,10000,BE21,Provincie Antwerpen,Gijbels,230
1094,10000,BE21,Provincie Antwerpen,Gijs,230
1094,10000,BE21,Provincie Antwerpen,Rypens,230
1094,10000,BE21,Provincie Antwerpen,Verbelen,230
1100,10000,BE21,Provincie Antwerpen,Calluy,228
1100,10000,BE21,Provincie Antwerpen,Haesen,228
1100,10000,BE21,Provincie Antwerpen,Keuppens,228
1100,10000,BE21,Provincie Antwerpen,Rommens,228
1100,10000,BE21,Provincie Antwerpen,Vandenbussche,228
1100,10000,BE21,Provincie Antwerpen,Visser,228
1106,10000,BE21,Provincie Antwerpen,Aarab,227
1106,10000,BE21,Provincie Antwerpen,Dogan,227
1106,10000,BE21,Provincie Antwerpen,Hendrix,227
1106,10000,BE21,Provincie Antwerpen,Lambrecht,227
1106,10000,BE21,Provincie Antwerpen,Nguyen,227
1106,10000,BE21,Provincie Antwerpen,Verberck,227
1112,10000,BE21,Provincie Antwerpen,Kempen,226
1112,10000,BE21,Provincie Antwerpen,Roodhooft,226
1112,10000,BE21,Provincie Antwerpen,Van Eyken,226
1115,10000,BE21,Provincie Antwerpen,De Beukelaer,225
1115,10000,BE21,Provincie Antwerpen,De Kinder,225
1115,10000,BE21,Provincie Antwerpen,Praet,225
1115,10000,BE21,Provincie Antwerpen,Van Bladel,225
1119,10000,BE21,Provincie Antwerpen,Berger,224
1119,10000,BE21,Provincie Antwerpen,Cauwenbergh,224
1119,10000,BE21,Provincie Antwerpen,Valckx,224
1119,10000,BE21,Provincie Antwerpen,Van Breda,224
1123,10000,BE21,Provincie Antwerpen,Boermans,223
1123,10000,BE21,Provincie Antwerpen,Kustermans,223
1123,10000,BE21,Provincie Antwerpen,Maertens,223
1123,10000,BE21,Provincie Antwerpen,Persoons,223
1123,10000,BE21,Provincie Antwerpen,Van Driessche,223
1123,10000,BE21,Provincie Antwerpen,Van Meensel,223
1129,10000,BE21,Provincie Antwerpen,Khalil,222
1129,10000,BE21,Provincie Antwerpen,Van Mierlo,222
1131,10000,BE21,Provincie Antwerpen,Rousseau,221
1131,10000,BE21,Provincie Antwerpen,Van Hal,221
1131,10000,BE21,Provincie Antwerpen,Van den Wijngaert,221
1131,10000,BE21,Provincie Antwerpen,Vanderheyden,221
1135,10000,BE21,Provincie Antwerpen,Carlier,220
1135,10000,BE21,Provincie Antwerpen,Christiaensen,220
1135,10000,BE21,Provincie Antwerpen,Jordaens,220
1135,10000,BE21,Provincie Antwerpen,Keppens,220
1135,10000,BE21,Provincie Antwerpen,Lamberts,220
1135,10000,BE21,Provincie Antwerpen,Nelissen,220
1135,10000,BE21,Provincie Antwerpen,Schoors,220
1135,10000,BE21,Provincie Antwerpen,Van Heurck,220
1135,10000,BE21,Provincie Antwerpen,Van der Schoot,220
1135,10000,BE21,Provincie Antwerpen,Woestenborghs,220
1145,10000,BE21,Provincie Antwerpen,Berisha,219
1145,10000,BE21,Provincie Antwerpen,Cleiren,219
1145,10000,BE21,Provincie Antwerpen,Omar,219
1145,10000,BE21,Provincie Antwerpen,Raus,219
1145,10000,BE21,Provincie Antwerpen,Roes,219
1145,10000,BE21,Provincie Antwerpen,Selleslagh,219
1145,10000,BE21,Provincie Antwerpen,Van Ouytsel,219
1152,10000,BE21,Provincie Antwerpen,Biermans,218
1152,10000,BE21,Provincie Antwerpen,Cleymans,218
1152,10000,BE21,Provincie Antwerpen,De Graeve,218
1152,10000,BE21,Provincie Antwerpen,Jalloh,218
1152,10000,BE21,Provincie Antwerpen,Mast,218
1152,10000,BE21,Provincie Antwerpen,Mathieu,218
1152,10000,BE21,Provincie Antwerpen,Mous,218
1152,10000,BE21,Provincie Antwerpen,Muys,218
1152,10000,BE21,Provincie Antwerpen,Rahimi,218
1152,10000,BE21,Provincie Antwerpen,Van de Walle,218
1162,10000,BE21,Provincie Antwerpen,Mortier,217
1163,10000,BE21,Provincie Antwerpen,Callebaut,216
1163,10000,BE21,Provincie Antwerpen,Coolen,216
1163,10000,BE21,Provincie Antwerpen,Corluy,216
1163,10000,BE21,Provincie Antwerpen,De Hondt,216
1163,10000,BE21,Provincie Antwerpen,Herrijgers,216
1163,10000,BE21,Provincie Antwerpen,Ivens,216
1163,10000,BE21,Provincie Antwerpen,Mohammad,216
1163,10000,BE21,Provincie Antwerpen,Van den Vonder,216
1171,10000,BE21,Provincie Antwerpen,De Becker,215
1171,10000,BE21,Provincie Antwerpen,Feyaerts,215
1171,10000,BE21,Provincie Antwerpen,Smout,215
1171,10000,BE21,Provincie Antwerpen,Van Tichelt,215
1175,10000,BE21,Provincie Antwerpen,De Keuster,214
1175,10000,BE21,Provincie Antwerpen,De Meutter,214
1175,10000,BE21,Provincie Antwerpen,De Saeger,214
1175,10000,BE21,Provincie Antwerpen,Gybels,214
1175,10000,BE21,Provincie Antwerpen,Mol,214
1180,10000,BE21,Provincie Antwerpen,Broes,213
1180,10000,BE21,Provincie Antwerpen,De Cort,213
1180,10000,BE21,Provincie Antwerpen,Franssens,213
1180,10000,BE21,Provincie Antwerpen,Stas,213
1184,10000,BE21,Provincie Antwerpen,Rymenants,212
1184,10000,BE21,Provincie Antwerpen,Van Espen,212
1184,10000,BE21,Provincie Antwerpen,Van Look,212
1184,10000,BE21,Provincie Antwerpen,Van Meerbeeck,212
1184,10000,BE21,Provincie Antwerpen,Verswyvel,212
1184,10000,BE21,Provincie Antwerpen,Witters,212
1184,10000,BE21,Provincie Antwerpen,van der Velden,212
1191,10000,BE21,Provincie Antwerpen,El Makhloufi,211
1191,10000,BE21,Provincie Antwerpen,Elsen,211
1191,10000,BE21,Provincie Antwerpen,Jacops,211
1191,10000,BE21,Provincie Antwerpen,Marivoet,211
1191,10000,BE21,Provincie Antwerpen,Nietvelt,211
1191,10000,BE21,Provincie Antwerpen,T'Syen,211
1191,10000,BE21,Provincie Antwerpen,Van Bauwel,211
1191,10000,BE21,Provincie Antwerpen,Van Moer,211
1191,10000,BE21,Provincie Antwerpen,Vercruysse,211
1200,10000,BE21,Provincie Antwerpen,Delvaux,210
1200,10000,BE21,Provincie Antwerpen,Jonkers,210
1200,10000,BE21,Provincie Antwerpen,Laurens,210
1200,10000,BE21,Provincie Antwerpen,Taibi,210
1200,10000,BE21,Provincie Antwerpen,Van den Bleeken,210
1200,10000,BE21,Provincie Antwerpen,Van der Velde,210
1206,10000,BE21,Provincie Antwerpen,Amiri,209
1206,10000,BE21,Provincie Antwerpen,Haesendonckx,209
1206,10000,BE21,Provincie Antwerpen,Schurmans,209
1206,10000,BE21,Provincie Antwerpen,Van der Eycken,209
1206,10000,BE21,Provincie Antwerpen,Vloeberghs,209
1206,10000,BE21,Provincie Antwerpen,Wijnen,209
1212,10000,BE21,Provincie Antwerpen,Gorris,208
1212,10000,BE21,Provincie Antwerpen,Verhaeghe,208
1212,10000,BE21,Provincie Antwerpen,Zhang,208
1215,10000,BE21,Provincie Antwerpen,Bouzian,207
1215,10000,BE21,Provincie Antwerpen,Cohen,207
1215,10000,BE21,Provincie Antwerpen,Hasani,207
1215,10000,BE21,Provincie Antwerpen,Holinei,207
1215,10000,BE21,Provincie Antwerpen,Mennes,207
1215,10000,BE21,Provincie Antwerpen,Roothooft,207
1215,10000,BE21,Provincie Antwerpen,Van Grieken,207
1222,10000,BE21,Provincie Antwerpen,Bakker,206
1222,10000,BE21,Provincie Antwerpen,Block,206
1222,10000,BE21,Provincie Antwerpen,Chan,206
1222,10000,BE21,Provincie Antwerpen,Corten,206
1222,10000,BE21,Provincie Antwerpen,Croonen,206
1222,10000,BE21,Provincie Antwerpen,Lemaire,206
1222,10000,BE21,Provincie Antwerpen,Neys,206
1222,10000,BE21,Provincie Antwerpen,Rits,206
1222,10000,BE21,Provincie Antwerpen,Rochtus,206
1222,10000,BE21,Provincie Antwerpen,Van Giel,206
1222,10000,BE21,Provincie Antwerpen,Van den Dries,206
1233,10000,BE21,Provincie Antwerpen,Aissati,205
1233,10000,BE21,Provincie Antwerpen,De Raedt,205
1233,10000,BE21,Provincie Antwerpen,Dhondt,205
1233,10000,BE21,Provincie Antwerpen,Dufraing,205
1233,10000,BE21,Provincie Antwerpen,Evers,205
1233,10000,BE21,Provincie Antwerpen,Quirijnen,205
1233,10000,BE21,Provincie Antwerpen,Yusein,205
1240,10000,BE21,Provincie Antwerpen,Augustyns,204
1240,10000,BE21,Provincie Antwerpen,Boets,204
1240,10000,BE21,Provincie Antwerpen,Collier,204
1240,10000,BE21,Provincie Antwerpen,Gabriëls,204
1240,10000,BE21,Provincie Antwerpen,Goetstouwers,204
1240,10000,BE21,Provincie Antwerpen,Matthijs,204
1240,10000,BE21,Provincie Antwerpen,Spoelders,204
1240,10000,BE21,Provincie Antwerpen,Van Aerde,204
1240,10000,BE21,Provincie Antwerpen,Van Uytsel,204
1240,10000,BE21,Provincie Antwerpen,Vanhees,204
1240,10000,BE21,Provincie Antwerpen,Verreet,204
1251,10000,BE21,Provincie Antwerpen,Cavens,203
1251,10000,BE21,Provincie Antwerpen,Colman,203
1251,10000,BE21,Provincie Antwerpen,De Mol,203
1251,10000,BE21,Provincie Antwerpen,Heyrman,203
1251,10000,BE21,Provincie Antwerpen,Modest,203
1251,10000,BE21,Provincie Antwerpen,Pelkmans,203
1251,10000,BE21,Provincie Antwerpen,Van Puyvelde,203
1251,10000,BE21,Provincie Antwerpen,Vandenbroeck,203
1259,10000,BE21,Provincie Antwerpen,Dauwen,202
1259,10000,BE21,Provincie Antwerpen,Mensah,202
1259,10000,BE21,Provincie Antwerpen,Mylemans,202
1259,10000,BE21,Provincie Antwerpen,Van Kerkhoven,202
1259,10000,BE21,Provincie Antwerpen,Van den Putte,202
1264,10000,BE21,Provincie Antwerpen,Andriessen,201
1264,10000,BE21,Provincie Antwerpen,Boone,201
1264,10000,BE21,Provincie Antwerpen,Domen,201
1264,10000,BE21,Provincie Antwerpen,Goelen,201
1264,10000,BE21,Provincie Antwerpen,Hendrikx,201
1264,10000,BE21,Provincie Antwerpen,Muller,201
1264,10000,BE21,Provincie Antwerpen,Ramadani,201
1264,10000,BE21,Provincie Antwerpen,Roosen,201
1264,10000,BE21,Provincie Antwerpen,Stoffelen,201
1264,10000,BE21,Provincie Antwerpen,Verduyckt,201
1274,10000,BE21,Provincie Antwerpen,Afkir,200
1274,10000,BE21,Provincie Antwerpen,Bekaert,200
1274,10000,BE21,Provincie Antwerpen,Bergen,200
1274,10000,BE21,Provincie Antwerpen,Caeyers,200
1274,10000,BE21,Provincie Antwerpen,Geysels,200
1274,10000,BE21,Provincie Antwerpen,Lammens,200
1274,10000,BE21,Provincie Antwerpen,Mohammadi,200
1274,10000,BE21,Provincie Antwerpen,Poortmans,200
1274,10000,BE21,Provincie Antwerpen,Soetewey,200
1274,10000,BE21,Provincie Antwerpen,Van Oevelen,200
1284,10000,BE21,Provincie Antwerpen,Arslan,199
1284,10000,BE21,Provincie Antwerpen,Hofman,199
1284,10000,BE21,Provincie Antwerpen,Meynendonckx,199
1284,10000,BE21,Provincie Antwerpen,Naegels,199
1284,10000,BE21,Provincie Antwerpen,Olbrechts,199
1284,10000,BE21,Provincie Antwerpen,Robeyns,199
1284,10000,BE21,Provincie Antwerpen,Sahin,199
1284,10000,BE21,Provincie Antwerpen,Van Hoeydonck,199
1284,10000,BE21,Provincie Antwerpen,Verhasselt,199
1293,10000,BE21,Provincie Antwerpen,Deprez,198
1293,10000,BE21,Provincie Antwerpen,Torremans,198
1293,10000,BE21,Provincie Antwerpen,Van Dorst,198
1293,10000,BE21,Provincie Antwerpen,Vanhoutte,198
1297,10000,BE21,Provincie Antwerpen,Robberechts,197
1297,10000,BE21,Provincie Antwerpen,Van Laeken,197
1297,10000,BE21,Provincie Antwerpen,Van Puyenbroeck,197
1300,10000,BE21,Provincie Antwerpen,Aydin,196
1300,10000,BE21,Provincie Antwerpen,Canters,196
1300,10000,BE21,Provincie Antwerpen,De Ruysscher,196
1300,10000,BE21,Provincie Antwerpen,Patteet,196
1300,10000,BE21,Provincie Antwerpen,Snelders,196
1300,10000,BE21,Provincie Antwerpen,Swaans,196
1300,10000,BE21,Provincie Antwerpen,Tersago,196
1300,10000,BE21,Provincie Antwerpen,Van Broekhoven,196
1300,10000,BE21,Provincie Antwerpen,Van den Plas,196
1300,10000,BE21,Provincie Antwerpen,Vanreusel,196
1310,10000,BE21,Provincie Antwerpen,Azizi,195
1310,10000,BE21,Provincie Antwerpen,Gashi,195
1310,10000,BE21,Provincie Antwerpen,Lefever,195
1310,10000,BE21,Provincie Antwerpen,Mans,195
1310,10000,BE21,Provincie Antwerpen,Ribbens,195
1310,10000,BE21,Provincie Antwerpen,Verhagen,195
1310,10000,BE21,Provincie Antwerpen,Vermant,195
1317,10000,BE21,Provincie Antwerpen,Laurent,194
1317,10000,BE21,Provincie Antwerpen,Otten,194
1317,10000,BE21,Provincie Antwerpen,Smulders,194
1317,10000,BE21,Provincie Antwerpen,Sprengers,194
1317,10000,BE21,Provincie Antwerpen,Van Limbergen,194
1317,10000,BE21,Provincie Antwerpen,Van den Abbeele,194
1317,10000,BE21,Provincie Antwerpen,de Vries,194
1317,10000,BE21,Provincie Antwerpen,van Dijk,194
1325,10000,BE21,Provincie Antwerpen,De Rop,193
1325,10000,BE21,Provincie Antwerpen,Nobels,193
1325,10000,BE21,Provincie Antwerpen,Saelen,193
1325,10000,BE21,Provincie Antwerpen,Saerens,193
1325,10000,BE21,Provincie Antwerpen,Slootmans,193
1325,10000,BE21,Provincie Antwerpen,van Dun,193
1331,10000,BE21,Provincie Antwerpen,Coertjens,192
1331,10000,BE21,Provincie Antwerpen,D'Joos,192
1331,10000,BE21,Provincie Antwerpen,Hapers,192
1331,10000,BE21,Provincie Antwerpen,Matthyssens,192
1331,10000,BE21,Provincie Antwerpen,Tekin,192
1331,10000,BE21,Provincie Antwerpen,Van Soom,192
1331,10000,BE21,Provincie Antwerpen,Vanhout,192
1338,10000,BE21,Provincie Antwerpen,Boulahtari,191
1338,10000,BE21,Provincie Antwerpen,Cant,191
1338,10000,BE21,Provincie Antwerpen,Castermans,191
1338,10000,BE21,Provincie Antwerpen,Govaert,191
1338,10000,BE21,Provincie Antwerpen,Hoefnagels,191
1338,10000,BE21,Provincie Antwerpen,Naets,191
1338,10000,BE21,Provincie Antwerpen,Oomen,191
1338,10000,BE21,Provincie Antwerpen,Taels,191
1338,10000,BE21,Provincie Antwerpen,Verberckt,191
1338,10000,BE21,Provincie Antwerpen,Vinckx,191
1338,10000,BE21,Provincie Antwerpen,Vlaminckx,191
1349,10000,BE21,Provincie Antwerpen,Bonte,190
1349,10000,BE21,Provincie Antwerpen,Donkers,190
1349,10000,BE21,Provincie Antwerpen,Jacob,190
1349,10000,BE21,Provincie Antwerpen,Messaoudi,190
1349,10000,BE21,Provincie Antwerpen,Osmani,190
1349,10000,BE21,Provincie Antwerpen,Said,190
1349,10000,BE21,Provincie Antwerpen,Van Rompuy,190
1356,10000,BE21,Provincie Antwerpen,Bos,189
1356,10000,BE21,Provincie Antwerpen,Heeren,189
1356,10000,BE21,Provincie Antwerpen,Polat,189
1356,10000,BE21,Provincie Antwerpen,Timmerman,189
1356,10000,BE21,Provincie Antwerpen,Van Elst,189
1356,10000,BE21,Provincie Antwerpen,Winkelmans,189
1362,10000,BE21,Provincie Antwerpen,Ameziane,188
1362,10000,BE21,Provincie Antwerpen,Braet,188
1362,10000,BE21,Provincie Antwerpen,Van Den Langenbergh,188
1362,10000,BE21,Provincie Antwerpen,Van Tricht,188
1366,10000,BE21,Provincie Antwerpen,Lin,187
1366,10000,BE21,Provincie Antwerpen,Pattyn,187
1366,10000,BE21,Provincie Antwerpen,Ruymaekers,187
1366,10000,BE21,Provincie Antwerpen,Sari,187
1366,10000,BE21,Provincie Antwerpen,Van Ginkel,187
1366,10000,BE21,Provincie Antwerpen,Van Gysel,187
1366,10000,BE21,Provincie Antwerpen,van Gils,187
1373,10000,BE21,Provincie Antwerpen,Arts,186
1373,10000,BE21,Provincie Antwerpen,Bellemans,186
1373,10000,BE21,Provincie Antwerpen,De Keersmaeker,186
1373,10000,BE21,Provincie Antwerpen,Krasniqi,186
1373,10000,BE21,Provincie Antwerpen,Smolderen,186
1373,10000,BE21,Provincie Antwerpen,Taouil,186
1373,10000,BE21,Provincie Antwerpen,Van Laerhoven,186
1373,10000,BE21,Provincie Antwerpen,Winckelmans,186
1381,10000,BE21,Provincie Antwerpen,Aslan,185
1381,10000,BE21,Provincie Antwerpen,De Visscher,185
1381,10000,BE21,Provincie Antwerpen,El Idrissi,185
1381,10000,BE21,Provincie Antwerpen,Feremans,185
1381,10000,BE21,Provincie Antwerpen,Palmans,185
1381,10000,BE21,Provincie Antwerpen,Plompen,185
1381,10000,BE21,Provincie Antwerpen,Speltincx,185
1381,10000,BE21,Provincie Antwerpen,Van den Keybus,185
1389,10000,BE21,Provincie Antwerpen,Campo,184
1389,10000,BE21,Provincie Antwerpen,Pardon,184
1389,10000,BE21,Provincie Antwerpen,Sempels,184
1389,10000,BE21,Provincie Antwerpen,Tang,184
1389,10000,BE21,Provincie Antwerpen,Van Rillaer,184
1389,10000,BE21,Provincie Antwerpen,Weyn,184
1389,10000,BE21,Provincie Antwerpen,Zaman,184
1396,10000,BE21,Provincie Antwerpen,Bouazza,183
1396,10000,BE21,Provincie Antwerpen,Bouziane,183
1396,10000,BE21,Provincie Antwerpen,Das,183
1396,10000,BE21,Provincie Antwerpen,De Deken,183
1396,10000,BE21,Provincie Antwerpen,De Donder,183
1396,10000,BE21,Provincie Antwerpen,Dierick,183
1396,10000,BE21,Provincie Antwerpen,Kiliç,183
1396,10000,BE21,Provincie Antwerpen,Van der Jonckheyd,183
1396,10000,BE21,Provincie Antwerpen,Vanmechelen,183
1405,10000,BE21,Provincie Antwerpen,Aarts,182
1405,10000,BE21,Provincie Antwerpen,Gommeren,182
1405,10000,BE21,Provincie Antwerpen,Schmitz,182
1405,10000,BE21,Provincie Antwerpen,Soontjens,182
1405,10000,BE21,Provincie Antwerpen,Tabla,182
1405,10000,BE21,Provincie Antwerpen,Teughels,182
1411,10000,BE21,Provincie Antwerpen,Abdellaoui,181
1411,10000,BE21,Provincie Antwerpen,De Maesschalck,181
1411,10000,BE21,Provincie Antwerpen,De Potter,181
1411,10000,BE21,Provincie Antwerpen,Kaddouri,181
1411,10000,BE21,Provincie Antwerpen,Marijnissen,181
1411,10000,BE21,Provincie Antwerpen,Menten,181
1411,10000,BE21,Provincie Antwerpen,Muyldermans,181
1411,10000,BE21,Provincie Antwerpen,Nelis,181
1411,10000,BE21,Provincie Antwerpen,Van den Bruel,181
1420,10000,BE21,Provincie Antwerpen,Bruers,180
1420,10000,BE21,Provincie Antwerpen,Johnson,180
1420,10000,BE21,Provincie Antwerpen,Lavrysen,180
1420,10000,BE21,Provincie Antwerpen,Malfait,180
1420,10000,BE21,Provincie Antwerpen,Schampaert,180
1420,10000,BE21,Provincie Antwerpen,Schroven,180
1420,10000,BE21,Provincie Antwerpen,Tanghe,180
1420,10000,BE21,Provincie Antwerpen,Van Turnhout,180
1428,10000,BE21,Provincie Antwerpen,Buermans,179
1428,10000,BE21,Provincie Antwerpen,De Bakker,179
1428,10000,BE21,Provincie Antwerpen,Dijckmans,179
1428,10000,BE21,Provincie Antwerpen,Goolaerts,179
1428,10000,BE21,Provincie Antwerpen,Oerlemans,179
1428,10000,BE21,Provincie Antwerpen,Sel,179
1428,10000,BE21,Provincie Antwerpen,Turelinckx,179
1428,10000,BE21,Provincie Antwerpen,Vermeerbergen,179
1436,10000,BE21,Provincie Antwerpen,Callaert,178
1436,10000,BE21,Provincie Antwerpen,Caluwé,178
1436,10000,BE21,Provincie Antwerpen,Koninckx,178
1436,10000,BE21,Provincie Antwerpen,Van Royen,178
1440,10000,BE21,Provincie Antwerpen,Cassiers,177
1440,10000,BE21,Provincie Antwerpen,Meir,177
1440,10000,BE21,Provincie Antwerpen,Paeshuyse,177
1440,10000,BE21,Provincie Antwerpen,Steyaert,177
1440,10000,BE21,Provincie Antwerpen,Tas,177
1440,10000,BE21,Provincie Antwerpen,Van Hoydonck,177
1440,10000,BE21,Provincie Antwerpen,Vernimmen,177
1447,10000,BE21,Provincie Antwerpen,De Gruyter,176
1447,10000,BE21,Provincie Antwerpen,Machiels,176
1447,10000,BE21,Provincie Antwerpen,Nassiri,176
1447,10000,BE21,Provincie Antwerpen,Pinas,176
1447,10000,BE21,Provincie Antwerpen,Waterschoot,176
1452,10000,BE21,Provincie Antwerpen,Aertsen,175
1452,10000,BE21,Provincie Antwerpen,Boven,175
1452,10000,BE21,Provincie Antwerpen,De Neef,175
1452,10000,BE21,Provincie Antwerpen,De Rijck,175
1452,10000,BE21,Provincie Antwerpen,Depauw,175
1452,10000,BE21,Provincie Antwerpen,El Haddouchi,175
1452,10000,BE21,Provincie Antwerpen,Florus,175
1452,10000,BE21,Provincie Antwerpen,Kets,175
1452,10000,BE21,Provincie Antwerpen,Krijnen,175
1452,10000,BE21,Provincie Antwerpen,Van Meir,175
1452,10000,BE21,Provincie Antwerpen,Van Santvoort,175
1452,10000,BE21,Provincie Antwerpen,Vandewalle,175
1452,10000,BE21,Provincie Antwerpen,Vermeer,175
1452,10000,BE21,Provincie Antwerpen,Versweyveld,175
1466,10000,BE21,Provincie Antwerpen,Croonenborghs,174
1466,10000,BE21,Provincie Antwerpen,El Yousfi,174
1466,10000,BE21,Provincie Antwerpen,Huyskens,174
1466,10000,BE21,Provincie Antwerpen,Owusu,174
1466,10000,BE21,Provincie Antwerpen,Vogels,174
1466,10000,BE21,Provincie Antwerpen,Volkaerts,174
1466,10000,BE21,Provincie Antwerpen,de Groot,174
1466,10000,BE21,Provincie Antwerpen,van den Berg,174
1474,10000,BE21,Provincie Antwerpen,Blomme,173
1474,10000,BE21,Provincie Antwerpen,Coeckelbergs,173
1474,10000,BE21,Provincie Antwerpen,De Rycke,173
1474,10000,BE21,Provincie Antwerpen,El Bouzidi,173
1474,10000,BE21,Provincie Antwerpen,Flies,173
1474,10000,BE21,Provincie Antwerpen,Gorremans,173
1474,10000,BE21,Provincie Antwerpen,Kloeck,173
1474,10000,BE21,Provincie Antwerpen,Marchouh,173
1482,10000,BE21,Provincie Antwerpen,Adam,172
1482,10000,BE21,Provincie Antwerpen,Avci,172
1482,10000,BE21,Provincie Antwerpen,De Keyzer,172
1482,10000,BE21,Provincie Antwerpen,Dewulf,172
1482,10000,BE21,Provincie Antwerpen,Minne,172
1482,10000,BE21,Provincie Antwerpen,Roelandts,172
1482,10000,BE21,Provincie Antwerpen,Stabel,172
1482,10000,BE21,Provincie Antwerpen,Thoelen,172
1482,10000,BE21,Provincie Antwerpen,Vanderlinden,172
1482,10000,BE21,Provincie Antwerpen,Vriens,172
1492,10000,BE21,Provincie Antwerpen,Avonds,171
1492,10000,BE21,Provincie Antwerpen,Dingenen,171
1492,10000,BE21,Provincie Antwerpen,El Abdellaoui,171
1492,10000,BE21,Provincie Antwerpen,Hajji,171
1492,10000,BE21,Provincie Antwerpen,Jorissen,171
1492,10000,BE21,Provincie Antwerpen,Lanslots,171
1492,10000,BE21,Provincie Antwerpen,Roggeman,171
1492,10000,BE21,Provincie Antwerpen,Thyssen,171
1492,10000,BE21,Provincie Antwerpen,Verlooy,171
1501,10000,BE21,Provincie Antwerpen,Achahbar,170
1501,10000,BE21,Provincie Antwerpen,Brijs,170
1501,10000,BE21,Provincie Antwerpen,De Sutter,170
1501,10000,BE21,Provincie Antwerpen,Eggermont,170
1501,10000,BE21,Provincie Antwerpen,François,170
1501,10000,BE21,Provincie Antwerpen,Leppens,170
1501,10000,BE21,Provincie Antwerpen,Van Oosterwijck,170
1501,10000,BE21,Provincie Antwerpen,Zeroual,170
1509,10000,BE21,Provincie Antwerpen,Coveliers,169
1509,10000,BE21,Provincie Antwerpen,David,169
1509,10000,BE21,Provincie Antwerpen,Magnus,169
1509,10000,BE21,Provincie Antwerpen,Nuytemans,169
1509,10000,BE21,Provincie Antwerpen,Van Bylen,169
1509,10000,BE21,Provincie Antwerpen,Van Humbeeck,169
1515,10000,BE21,Provincie Antwerpen,Abujazar,168
1515,10000,BE21,Provincie Antwerpen,El Moukhtari,168
1515,10000,BE21,Provincie Antwerpen,Franssen,168
1515,10000,BE21,Provincie Antwerpen,Vansweevelt,168
1515,10000,BE21,Provincie Antwerpen,Verrelst,168
1520,10000,BE21,Provincie Antwerpen,De Kimpe,167
1520,10000,BE21,Provincie Antwerpen,Dekeyser,167
1520,10000,BE21,Provincie Antwerpen,Dirckx,167
1520,10000,BE21,Provincie Antwerpen,Lucas,167
1520,10000,BE21,Provincie Antwerpen,Roose,167
1520,10000,BE21,Provincie Antwerpen,Simon,167
1520,10000,BE21,Provincie Antwerpen,Suy,167
1520,10000,BE21,Provincie Antwerpen,Sylla,167
1520,10000,BE21,Provincie Antwerpen,Van de Cruys,167
1520,10000,BE21,Provincie Antwerpen,Van der Donck,167
1520,10000,BE21,Provincie Antwerpen,Van der Wee,167
1531,10000,BE21,Provincie Antwerpen,De Cauwer,166
1531,10000,BE21,Provincie Antwerpen,De Vree,166
1531,10000,BE21,Provincie Antwerpen,De Vrij,166
1531,10000,BE21,Provincie Antwerpen,Dewachter,166
1531,10000,BE21,Provincie Antwerpen,Dox,166
1531,10000,BE21,Provincie Antwerpen,Goossenaerts,166
1531,10000,BE21,Provincie Antwerpen,Van Beneden,166
1531,10000,BE21,Provincie Antwerpen,Van Beurden,166
1531,10000,BE21,Provincie Antwerpen,Van der Vloet,166
1531,10000,BE21,Provincie Antwerpen,Vermylen,166
1541,10000,BE21,Provincie Antwerpen,Van Langendonck,165
1541,10000,BE21,Provincie Antwerpen,Van Poppel,165
1541,10000,BE21,Provincie Antwerpen,Van San,165
1544,10000,BE21,Provincie Antwerpen,Clé,164
1544,10000,BE21,Provincie Antwerpen,Cortebeeck,164
1544,10000,BE21,Provincie Antwerpen,Cremers,164
1544,10000,BE21,Provincie Antwerpen,Devriendt,164
1544,10000,BE21,Provincie Antwerpen,Dons,164
1544,10000,BE21,Provincie Antwerpen,Legrand,164
1544,10000,BE21,Provincie Antwerpen,Petit,164
1544,10000,BE21,Provincie Antwerpen,Piron,164
1544,10000,BE21,Provincie Antwerpen,Van Brussel,164
1544,10000,BE21,Provincie Antwerpen,Van Cauteren,164
1544,10000,BE21,Provincie Antwerpen,Van Roie,164
1544,10000,BE21,Provincie Antwerpen,Vandenbroucke,164
1544,10000,BE21,Provincie Antwerpen,Vermaelen,164
1557,10000,BE21,Provincie Antwerpen,Brusselmans,163
1557,10000,BE21,Provincie Antwerpen,De Beuckeleer,163
1557,10000,BE21,Provincie Antwerpen,Demeyer,163
1557,10000,BE21,Provincie Antwerpen,Dickens,163
1557,10000,BE21,Provincie Antwerpen,Loukili,163
1557,10000,BE21,Provincie Antwerpen,Nooyens,163
1557,10000,BE21,Provincie Antwerpen,Sauvillers,163
1557,10000,BE21,Provincie Antwerpen,Scholiers,163
1557,10000,BE21,Provincie Antwerpen,Tierens,163
1557,10000,BE21,Provincie Antwerpen,Van Ingelgem,163
1557,10000,BE21,Provincie Antwerpen,Van Oers,163
1557,10000,BE21,Provincie Antwerpen,Van Otten,163
1569,10000,BE21,Provincie Antwerpen,Coen,162
1569,10000,BE21,Provincie Antwerpen,Dalemans,162
1569,10000,BE21,Provincie Antwerpen,De Man,162
1569,10000,BE21,Provincie Antwerpen,Gastmans,162
1569,10000,BE21,Provincie Antwerpen,Müller,162
1569,10000,BE21,Provincie Antwerpen,Roos,162
1569,10000,BE21,Provincie Antwerpen,Snyers,162
1576,10000,BE21,Provincie Antwerpen,Audenaert,161
1576,10000,BE21,Provincie Antwerpen,Auwers,161
1576,10000,BE21,Provincie Antwerpen,Aydemir,161
1576,10000,BE21,Provincie Antwerpen,Boel,161
1576,10000,BE21,Provincie Antwerpen,Boudewijns,161
1576,10000,BE21,Provincie Antwerpen,Gijsbrechts,161
1576,10000,BE21,Provincie Antwerpen,Robert,161
1576,10000,BE21,Provincie Antwerpen,Strijbos,161
1576,10000,BE21,Provincie Antwerpen,Van Engeland,161
1576,10000,BE21,Provincie Antwerpen,Van Weert,161
1576,10000,BE21,Provincie Antwerpen,Wong,161
1587,10000,BE21,Provincie Antwerpen,Deniz,160
1587,10000,BE21,Provincie Antwerpen,Rymen,160
1587,10000,BE21,Provincie Antwerpen,Van Asbroeck,160
1587,10000,BE21,Provincie Antwerpen,Verschuren,160
1591,10000,BE21,Provincie Antwerpen,Clijmans,159
1591,10000,BE21,Provincie Antwerpen,Dergent,159
1591,10000,BE21,Provincie Antwerpen,Dirickx,159
1591,10000,BE21,Provincie Antwerpen,Noens,159
1591,10000,BE21,Provincie Antwerpen,Rahou,159
1591,10000,BE21,Provincie Antwerpen,Roevens,159
1591,10000,BE21,Provincie Antwerpen,Van Nyen,159
1598,10000,BE21,Provincie Antwerpen,Aelbrecht,158
1598,10000,BE21,Provincie Antwerpen,Boogers,158
1598,10000,BE21,Provincie Antwerpen,Clymans,158
1598,10000,BE21,Provincie Antwerpen,Frijters,158
1598,10000,BE21,Provincie Antwerpen,Naulaerts,158
1598,10000,BE21,Provincie Antwerpen,Piedfort,158
1598,10000,BE21,Provincie Antwerpen,Slachmuylders,158
1598,10000,BE21,Provincie Antwerpen,Steylaerts,158
1598,10000,BE21,Provincie Antwerpen,Stuyts,158
1598,10000,BE21,Provincie Antwerpen,Van Bortel,158
1598,10000,BE21,Provincie Antwerpen,Verberckmoes,158
1598,10000,BE21,Provincie Antwerpen,Waegemans,158
1610,10000,BE21,Provincie Antwerpen,Alaerts,157
1610,10000,BE21,Provincie Antwerpen,Baelemans,157
1610,10000,BE21,Provincie Antwerpen,Bakelants,157
1610,10000,BE21,Provincie Antwerpen,De Nys,157
1610,10000,BE21,Provincie Antwerpen,Dyck,157
1610,10000,BE21,Provincie Antwerpen,Dyckmans,157
1610,10000,BE21,Provincie Antwerpen,Gerits,157
1610,10000,BE21,Provincie Antwerpen,Reyntjens,157
1610,10000,BE21,Provincie Antwerpen,Rooms,157
1610,10000,BE21,Provincie Antwerpen,Straetmans,157
1610,10000,BE21,Provincie Antwerpen,Van Nooten,157
1610,10000,BE21,Provincie Antwerpen,Ziani,157
1622,10000,BE21,Provincie Antwerpen,Amin,156
1622,10000,BE21,Provincie Antwerpen,Bluekens,156
1622,10000,BE21,Provincie Antwerpen,Bollansée,156
1622,10000,BE21,Provincie Antwerpen,Laktit,156
1622,10000,BE21,Provincie Antwerpen,Mollen,156
1622,10000,BE21,Provincie Antwerpen,Myumyun,156
1622,10000,BE21,Provincie Antwerpen,Van Beers,156
1622,10000,BE21,Provincie Antwerpen,Vandersmissen,156
1622,10000,BE21,Provincie Antwerpen,Vanderstraeten,156
1622,10000,BE21,Provincie Antwerpen,Wolfs,156
1632,10000,BE21,Provincie Antwerpen,Akbas,155
1632,10000,BE21,Provincie Antwerpen,De Roy,155
1632,10000,BE21,Provincie Antwerpen,Duran,155
1632,10000,BE21,Provincie Antwerpen,El Hamdaoui,155
1632,10000,BE21,Provincie Antwerpen,Geers,155
1632,10000,BE21,Provincie Antwerpen,Marcelis,155
1632,10000,BE21,Provincie Antwerpen,Robberecht,155
1632,10000,BE21,Provincie Antwerpen,T'Seyen,155
1632,10000,BE21,Provincie Antwerpen,Van Lierde,155
1632,10000,BE21,Provincie Antwerpen,Van Trier,155
1632,10000,BE21,Provincie Antwerpen,Van Uffel,155
1632,10000,BE21,Provincie Antwerpen,Vandaele,155
1632,10000,BE21,Provincie Antwerpen,Verbaenen,155
1632,10000,BE21,Provincie Antwerpen,Vlemincx,155
1646,10000,BE21,Provincie Antwerpen,Binnemans,154
1646,10000,BE21,Provincie Antwerpen,Blommaerts,154
1646,10000,BE21,Provincie Antwerpen,Bollens,154
1646,10000,BE21,Provincie Antwerpen,Brion,154
1646,10000,BE21,Provincie Antwerpen,Deboel,154
1646,10000,BE21,Provincie Antwerpen,El Jafoufi,154
1646,10000,BE21,Provincie Antwerpen,Erdem,154
1646,10000,BE21,Provincie Antwerpen,Kersemans,154
1646,10000,BE21,Provincie Antwerpen,Michels,154
1646,10000,BE21,Provincie Antwerpen,Schelles,154
1646,10000,BE21,Provincie Antwerpen,Schram,154
1646,10000,BE21,Provincie Antwerpen,Snijders,154
1646,10000,BE21,Provincie Antwerpen,Yang,154
1659,10000,BE21,Provincie Antwerpen,Beqa,153
1659,10000,BE21,Provincie Antwerpen,Cockx,153
1659,10000,BE21,Provincie Antwerpen,Gorissen,153
1659,10000,BE21,Provincie Antwerpen,Heirbaut,153
1659,10000,BE21,Provincie Antwerpen,Mestdagh,153
1659,10000,BE21,Provincie Antwerpen,Schenck,153
1659,10000,BE21,Provincie Antwerpen,Schryvers,153
1659,10000,BE21,Provincie Antwerpen,Tielens,153
1659,10000,BE21,Provincie Antwerpen,Van Breedam,153
1668,10000,BE21,Provincie Antwerpen,Arras,152
1668,10000,BE21,Provincie Antwerpen,Belis,152
1668,10000,BE21,Provincie Antwerpen,Bierinckx,152
1668,10000,BE21,Provincie Antwerpen,Blondeel,152
1668,10000,BE21,Provincie Antwerpen,Broothaers,152
1668,10000,BE21,Provincie Antwerpen,Coosemans,152
1668,10000,BE21,Provincie Antwerpen,Dedecker,152
1668,10000,BE21,Provincie Antwerpen,Grootjans,152
1668,10000,BE21,Provincie Antwerpen,Hansen,152
1668,10000,BE21,Provincie Antwerpen,Harutyunyan,152
1668,10000,BE21,Provincie Antwerpen,Loopmans,152
1668,10000,BE21,Provincie Antwerpen,Malik,152
1668,10000,BE21,Provincie Antwerpen,Morel,152
1668,10000,BE21,Provincie Antwerpen,Nicolaï,152
1668,10000,BE21,Provincie Antwerpen,Robben,152
1668,10000,BE21,Provincie Antwerpen,Van Tilborgh,152
1668,10000,BE21,Provincie Antwerpen,Van den Acker,152
1668,10000,BE21,Provincie Antwerpen,Vandekerckhove,152
1668,10000,BE21,Provincie Antwerpen,de Kort,152
1687,10000,BE21,Provincie Antwerpen,Bolckmans,151
1687,10000,BE21,Provincie Antwerpen,Caes,151
1687,10000,BE21,Provincie Antwerpen,Kiekens,151
1687,10000,BE21,Provincie Antwerpen,Loyens,151
1687,10000,BE21,Provincie Antwerpen,Mattheeussen,151
1687,10000,BE21,Provincie Antwerpen,Meyer,151
1687,10000,BE21,Provincie Antwerpen,Ndiaye,151
1687,10000,BE21,Provincie Antwerpen,Sebreghts,151
1687,10000,BE21,Provincie Antwerpen,Teunen,151
1687,10000,BE21,Provincie Antwerpen,Van Muylder,151
1687,10000,BE21,Provincie Antwerpen,Verpoorten,151
1698,10000,BE21,Provincie Antwerpen,De Munter,150
1698,10000,BE21,Provincie Antwerpen,Gijsemans,150
1698,10000,BE21,Provincie Antwerpen,Herrygers,150
1698,10000,BE21,Provincie Antwerpen,Nazari,150
1698,10000,BE21,Provincie Antwerpen,Pacquée,150
1698,10000,BE21,Provincie Antwerpen,Van Nieuwenhove,150
1698,10000,BE21,Provincie Antwerpen,Viskens,150
1698,10000,BE21,Provincie Antwerpen,Volckaerts,150
1698,10000,BE21,Provincie Antwerpen,Zegers,150
1707,10000,BE21,Provincie Antwerpen,Bartels,149
1707,10000,BE21,Provincie Antwerpen,Branders,149
1707,10000,BE21,Provincie Antwerpen,De Vylder,149
1707,10000,BE21,Provincie Antwerpen,Dewilde,149
1707,10000,BE21,Provincie Antwerpen,Fockaert,149
1707,10000,BE21,Provincie Antwerpen,Idrissi,149
1707,10000,BE21,Provincie Antwerpen,Osei,149
1707,10000,BE21,Provincie Antwerpen,Rogiers,149
1707,10000,BE21,Provincie Antwerpen,Selderslaghs,149
1707,10000,BE21,Provincie Antwerpen,Tuerlinckx,149
1707,10000,BE21,Provincie Antwerpen,Van Boven,149
1707,10000,BE21,Provincie Antwerpen,Van Eyndhoven,149
1719,10000,BE21,Provincie Antwerpen,Bollaert,148
1719,10000,BE21,Provincie Antwerpen,De Bont,148
1719,10000,BE21,Provincie Antwerpen,De Wael,148
1719,10000,BE21,Provincie Antwerpen,Gooris,148
1719,10000,BE21,Provincie Antwerpen,Grieten,148
1719,10000,BE21,Provincie Antwerpen,Huang,148
1719,10000,BE21,Provincie Antwerpen,Moyson,148
1719,10000,BE21,Provincie Antwerpen,Naessens,148
1719,10000,BE21,Provincie Antwerpen,Riemis,148
1719,10000,BE21,Provincie Antwerpen,Saidi,148
1719,10000,BE21,Provincie Antwerpen,Seyen,148
1719,10000,BE21,Provincie Antwerpen,Van Ammel,148
1719,10000,BE21,Provincie Antwerpen,Van Hemelrijk,148
1719,10000,BE21,Provincie Antwerpen,Van Ransbeeck,148
1719,10000,BE21,Provincie Antwerpen,Vandendriessche,148
1719,10000,BE21,Provincie Antwerpen,Vanthillo,148
1719,10000,BE21,Provincie Antwerpen,Vonckx,148
1719,10000,BE21,Provincie Antwerpen,de Wit,148
1719,10000,BE21,Provincie Antwerpen,van Dongen,148
1738,10000,BE21,Provincie Antwerpen,Abdullah,147
1738,10000,BE21,Provincie Antwerpen,Amghar,147
1738,10000,BE21,Provincie Antwerpen,Clerckx,147
1738,10000,BE21,Provincie Antwerpen,Geypen,147
1738,10000,BE21,Provincie Antwerpen,Loockx,147
1738,10000,BE21,Provincie Antwerpen,Loomans,147
1738,10000,BE21,Provincie Antwerpen,Ost,147
1738,10000,BE21,Provincie Antwerpen,Rosseel,147
1738,10000,BE21,Provincie Antwerpen,Ruelens,147
1738,10000,BE21,Provincie Antwerpen,Scheirs,147
1748,10000,BE21,Provincie Antwerpen,Annaert,146
1748,10000,BE21,Provincie Antwerpen,Azirar,146
1748,10000,BE21,Provincie Antwerpen,Brands,146
1748,10000,BE21,Provincie Antwerpen,Coene,146
1748,10000,BE21,Provincie Antwerpen,Reynaert,146
1748,10000,BE21,Provincie Antwerpen,Schildermans,146
1748,10000,BE21,Provincie Antwerpen,Van Bijlen,146
1748,10000,BE21,Provincie Antwerpen,Verhaeren,146
1756,10000,BE21,Provincie Antwerpen,Bouzambou,145
1756,10000,BE21,Provincie Antwerpen,Bruneel,145
1756,10000,BE21,Provincie Antwerpen,Colson,145
1756,10000,BE21,Provincie Antwerpen,De Voeght,145
1756,10000,BE21,Provincie Antwerpen,Eggers,145
1756,10000,BE21,Provincie Antwerpen,Heyndrickx,145
1756,10000,BE21,Provincie Antwerpen,Massart,145
1756,10000,BE21,Provincie Antwerpen,Meeuwssen,145
1756,10000,BE21,Provincie Antwerpen,Roelandt,145
1756,10000,BE21,Provincie Antwerpen,Smit,145
1756,10000,BE21,Provincie Antwerpen,Van Lint,145
1756,10000,BE21,Provincie Antwerpen,Viaene,145
1756,10000,BE21,Provincie Antwerpen,Weyers,145
1769,10000,BE21,Provincie Antwerpen,Avonts,144
1769,10000,BE21,Provincie Antwerpen,Bats,144
1769,10000,BE21,Provincie Antwerpen,Der Kinderen,144
1769,10000,BE21,Provincie Antwerpen,Goffin,144
1769,10000,BE21,Provincie Antwerpen,Hoste,144
1769,10000,BE21,Provincie Antwerpen,Kuppens,144
1769,10000,BE21,Provincie Antwerpen,Laenens,144
1769,10000,BE21,Provincie Antwerpen,Loodts,144
1769,10000,BE21,Provincie Antwerpen,Moerman,144
1769,10000,BE21,Provincie Antwerpen,Noori,144
1769,10000,BE21,Provincie Antwerpen,Peers,144
1769,10000,BE21,Provincie Antwerpen,Rotthier,144
1769,10000,BE21,Provincie Antwerpen,Suls,144
1769,10000,BE21,Provincie Antwerpen,Van Broeck,144
1769,10000,BE21,Provincie Antwerpen,Van der Taelen,144
1769,10000,BE21,Provincie Antwerpen,Verreyt,144
1769,10000,BE21,Provincie Antwerpen,Verrydt,144
1786,10000,BE21,Provincie Antwerpen,Boels,143
1786,10000,BE21,Provincie Antwerpen,Drossaert,143
1786,10000,BE21,Provincie Antwerpen,El Yaghmouri,143
1786,10000,BE21,Provincie Antwerpen,Kaba,143
1786,10000,BE21,Provincie Antwerpen,Kools,143
1786,10000,BE21,Provincie Antwerpen,Moerenhout,143
1786,10000,BE21,Provincie Antwerpen,Peelman,143
1786,10000,BE21,Provincie Antwerpen,Veraart,143
1786,10000,BE21,Provincie Antwerpen,van der Heijden,143
1795,10000,BE21,Provincie Antwerpen,Abarkan,142
1795,10000,BE21,Provincie Antwerpen,De Corte,142
1795,10000,BE21,Provincie Antwerpen,De Crom,142
1795,10000,BE21,Provincie Antwerpen,Haepers,142
1795,10000,BE21,Provincie Antwerpen,Hussain,142
1795,10000,BE21,Provincie Antwerpen,Landuyt,142
1795,10000,BE21,Provincie Antwerpen,Van Brandt,142
1795,10000,BE21,Provincie Antwerpen,Van Puymbroeck,142
1795,10000,BE21,Provincie Antwerpen,Van Winkel,142
1795,10000,BE21,Provincie Antwerpen,Van der Schraelen,142
1795,10000,BE21,Provincie Antwerpen,Vermetten,142
1806,10000,BE21,Provincie Antwerpen,Bloemen,141
1806,10000,BE21,Provincie Antwerpen,Boumans,141
1806,10000,BE21,Provincie Antwerpen,Casteleyn,141
1806,10000,BE21,Provincie Antwerpen,Claesen,141
1806,10000,BE21,Provincie Antwerpen,Clissen,141
1806,10000,BE21,Provincie Antwerpen,Crabbé,141
1806,10000,BE21,Provincie Antwerpen,Dewit,141
1806,10000,BE21,Provincie Antwerpen,Elsermans,141
1806,10000,BE21,Provincie Antwerpen,Hu,141
1806,10000,BE21,Provincie Antwerpen,Moreels,141
1806,10000,BE21,Provincie Antwerpen,Roef,141
1806,10000,BE21,Provincie Antwerpen,Totté,141
1806,10000,BE21,Provincie Antwerpen,Van Reet,141
1806,10000,BE21,Provincie Antwerpen,Vanbroekhoven,141
1806,10000,BE21,Provincie Antwerpen,Vervaet,141
1806,10000,BE21,Provincie Antwerpen,van Aert,141
1822,10000,BE21,Provincie Antwerpen,Boulakhrif,140
1822,10000,BE21,Provincie Antwerpen,Coopmans,140
1822,10000,BE21,Provincie Antwerpen,Decock,140
1822,10000,BE21,Provincie Antwerpen,Dewitte,140
1822,10000,BE21,Provincie Antwerpen,Dirven,140
1822,10000,BE21,Provincie Antwerpen,Meijer,140
1822,10000,BE21,Provincie Antwerpen,Reynaerts,140
1822,10000,BE21,Provincie Antwerpen,Swaegers,140
1822,10000,BE21,Provincie Antwerpen,Van Casteren,140
1822,10000,BE21,Provincie Antwerpen,Van Esbroeck,140
1822,10000,BE21,Provincie Antwerpen,Van Kelst,140
1822,10000,BE21,Provincie Antwerpen,Van Schoor,140
1822,10000,BE21,Provincie Antwerpen,Van der Sande,140
1822,10000,BE21,Provincie Antwerpen,ahin,140
1836,10000,BE21,Provincie Antwerpen,De Grave,139
1836,10000,BE21,Provincie Antwerpen,De Maere,139
1836,10000,BE21,Provincie Antwerpen,El Jaouhari,139
1836,10000,BE21,Provincie Antwerpen,Hanssens,139
1836,10000,BE21,Provincie Antwerpen,Holsters,139
1836,10000,BE21,Provincie Antwerpen,Maegh,139
1836,10000,BE21,Provincie Antwerpen,Mentens,139
1836,10000,BE21,Provincie Antwerpen,Permentier,139
1836,10000,BE21,Provincie Antwerpen,Ruys,139
1836,10000,BE21,Provincie Antwerpen,Standaert,139
1836,10000,BE21,Provincie Antwerpen,Van Rymenant,139
1836,10000,BE21,Provincie Antwerpen,Van den Abeele,139
1836,10000,BE21,Provincie Antwerpen,Vanneste,139
1849,10000,BE21,Provincie Antwerpen,Aras,138
1849,10000,BE21,Provincie Antwerpen,Augustynen,138
1849,10000,BE21,Provincie Antwerpen,Bries,138
1849,10000,BE21,Provincie Antwerpen,D'Hooghe,138
1849,10000,BE21,Provincie Antwerpen,De Cleyn,138
1849,10000,BE21,Provincie Antwerpen,De Vriendt,138
1849,10000,BE21,Provincie Antwerpen,Devolder,138
1849,10000,BE21,Provincie Antwerpen,Foubert,138
1849,10000,BE21,Provincie Antwerpen,Köse,138
1849,10000,BE21,Provincie Antwerpen,Leyers,138
1849,10000,BE21,Provincie Antwerpen,Machielsen,138
1849,10000,BE21,Provincie Antwerpen,Reusens,138
1849,10000,BE21,Provincie Antwerpen,Salaets,138
1849,10000,BE21,Provincie Antwerpen,Salhi,138
1849,10000,BE21,Provincie Antwerpen,Switsers,138
1849,10000,BE21,Provincie Antwerpen,Theunissen,138
1849,10000,BE21,Provincie Antwerpen,Van Sweevelt,138
1849,10000,BE21,Provincie Antwerpen,Verdoodt,138
1867,10000,BE21,Provincie Antwerpen,Ba,137
1867,10000,BE21,Provincie Antwerpen,De Caluwé,137
1867,10000,BE21,Provincie Antwerpen,Franckx,137
1867,10000,BE21,Provincie Antwerpen,Geelen,137
1867,10000,BE21,Provincie Antwerpen,Matthysen,137
1867,10000,BE21,Provincie Antwerpen,Roggemans,137
1867,10000,BE21,Provincie Antwerpen,Smith,137
1867,10000,BE21,Provincie Antwerpen,Stes,137
1867,10000,BE21,Provincie Antwerpen,Suys,137
1867,10000,BE21,Provincie Antwerpen,Van Hoecke,137
1867,10000,BE21,Provincie Antwerpen,Van Hoyweghen,137
1867,10000,BE21,Provincie Antwerpen,Van Santvliet,137
1867,10000,BE21,Provincie Antwerpen,Van Vlerken,137
1867,10000,BE21,Provincie Antwerpen,Vanwesenbeeck,137
1881,10000,BE21,Provincie Antwerpen,Alpaerts,136
1881,10000,BE21,Provincie Antwerpen,Benali,136
1881,10000,BE21,Provincie Antwerpen,Celik,136
1881,10000,BE21,Provincie Antwerpen,Colpaert,136
1881,10000,BE21,Provincie Antwerpen,Curinckx,136
1881,10000,BE21,Provincie Antwerpen,D'Hollander,136
1881,10000,BE21,Provincie Antwerpen,De Cat,136
1881,10000,BE21,Provincie Antwerpen,Didden,136
1881,10000,BE21,Provincie Antwerpen,Jennen,136
1881,10000,BE21,Provincie Antwerpen,Khachatryan,136
1881,10000,BE21,Provincie Antwerpen,Mohamad,136
1881,10000,BE21,Provincie Antwerpen,Mulder,136
1881,10000,BE21,Provincie Antwerpen,Nicasi,136
1881,10000,BE21,Provincie Antwerpen,Saeys,136
1881,10000,BE21,Provincie Antwerpen,Van Wesenbeeck,136
1881,10000,BE21,Provincie Antwerpen,Van den Schoor,136
1881,10000,BE21,Provincie Antwerpen,Ver Elst,136
1881,10000,BE21,Provincie Antwerpen,Vergouwen,136
1881,10000,BE21,Provincie Antwerpen,Vermeyen,136
1881,10000,BE21,Provincie Antwerpen,Windey,136
1901,10000,BE21,Provincie Antwerpen,De Vleeschouwer,135
1901,10000,BE21,Provincie Antwerpen,Ennekens,135
1901,10000,BE21,Provincie Antwerpen,Garcia,135
1901,10000,BE21,Provincie Antwerpen,Geurts,135
1901,10000,BE21,Provincie Antwerpen,Günes,135
1901,10000,BE21,Provincie Antwerpen,Idrizi,135
1901,10000,BE21,Provincie Antwerpen,Karapetyan,135
1901,10000,BE21,Provincie Antwerpen,Scheltjens,135
1901,10000,BE21,Provincie Antwerpen,Van Den Kieboom,135
1901,10000,BE21,Provincie Antwerpen,Vandael,135
1901,10000,BE21,Provincie Antwerpen,Verschooren,135
1901,10000,BE21,Provincie Antwerpen,Weckhuysen,135
1901,10000,BE21,Provincie Antwerpen,van der Linden,135
1914,10000,BE21,Provincie Antwerpen,Beerten,134
1914,10000,BE21,Provincie Antwerpen,Cinar,134
1914,10000,BE21,Provincie Antwerpen,Coppieters,134
1914,10000,BE21,Provincie Antwerpen,De Geest,134
1914,10000,BE21,Provincie Antwerpen,Fret,134
1914,10000,BE21,Provincie Antwerpen,Grigoryan,134
1914,10000,BE21,Provincie Antwerpen,Heselmans,134
1914,10000,BE21,Provincie Antwerpen,Illegems,134
1914,10000,BE21,Provincie Antwerpen,Mattheussen,134
1914,10000,BE21,Provincie Antwerpen,Mercelis,134
1914,10000,BE21,Provincie Antwerpen,Meurs,134
1914,10000,BE21,Provincie Antwerpen,Paelinckx,134
1914,10000,BE21,Provincie Antwerpen,Seykens,134
1914,10000,BE21,Provincie Antwerpen,Van Gemert,134
1914,10000,BE21,Provincie Antwerpen,Van Mensel,134
1914,10000,BE21,Provincie Antwerpen,Van de Craen,134
1914,10000,BE21,Provincie Antwerpen,Van de Vijver,134
1914,10000,BE21,Provincie Antwerpen,Vernelen,134
1914,10000,BE21,Provincie Antwerpen,Weber,134
1914,10000,BE21,Provincie Antwerpen,Weuts,134
1914,10000,BE21,Provincie Antwerpen,van Riel,134
1935,10000,BE21,Provincie Antwerpen,Baeck,133
1935,10000,BE21,Provincie Antwerpen,Boeckxstaens,133
1935,10000,BE21,Provincie Antwerpen,Cherif,133
1935,10000,BE21,Provincie Antwerpen,El Khayari,133
1935,10000,BE21,Provincie Antwerpen,Goetelen,133
1935,10000,BE21,Provincie Antwerpen,Lee,133
1935,10000,BE21,Provincie Antwerpen,Leyten,133
1935,10000,BE21,Provincie Antwerpen,Meesters,133
1935,10000,BE21,Provincie Antwerpen,Olieslagers,133
1935,10000,BE21,Provincie Antwerpen,Popa,133
1935,10000,BE21,Provincie Antwerpen,Raeymakers,133
1935,10000,BE21,Provincie Antwerpen,Raymaekers,133
1935,10000,BE21,Provincie Antwerpen,Reniers,133
1935,10000,BE21,Provincie Antwerpen,Staelens,133
1935,10000,BE21,Provincie Antwerpen,Stappers,133
1935,10000,BE21,Provincie Antwerpen,Talal,133
1935,10000,BE21,Provincie Antwerpen,Van Cauter,133
1935,10000,BE21,Provincie Antwerpen,Van Gaever,133
1935,10000,BE21,Provincie Antwerpen,Van Hofstraeten,133
1935,10000,BE21,Provincie Antwerpen,Van den bergh,133
1955,10000,BE21,Provincie Antwerpen,Beeckman,132
1955,10000,BE21,Provincie Antwerpen,Bisschops,132
1955,10000,BE21,Provincie Antwerpen,Brees,132
1955,10000,BE21,Provincie Antwerpen,Debacker,132
1955,10000,BE21,Provincie Antwerpen,Diddens,132
1955,10000,BE21,Provincie Antwerpen,Ketels,132
1955,10000,BE21,Provincie Antwerpen,Luypaerts,132
1955,10000,BE21,Provincie Antwerpen,Milis,132
1955,10000,BE21,Provincie Antwerpen,Tahri,132
1955,10000,BE21,Provincie Antwerpen,Van Ballaert,132
1955,10000,BE21,Provincie Antwerpen,Van Craenendonck,132
1955,10000,BE21,Provincie Antwerpen,Van Staey,132
1955,10000,BE21,Provincie Antwerpen,Verbrugge,132
1955,10000,BE21,Provincie Antwerpen,Vlaeminck,132
1969,10000,BE21,Provincie Antwerpen,Abbas,131
1969,10000,BE21,Provincie Antwerpen,Azouagh,131
1969,10000,BE21,Provincie Antwerpen,Blockhuys,131
1969,10000,BE21,Provincie Antwerpen,Bouassam,131
1969,10000,BE21,Provincie Antwerpen,Bougrine,131
1969,10000,BE21,Provincie Antwerpen,Cloostermans,131
1969,10000,BE21,Provincie Antwerpen,De Jonge,131
1969,10000,BE21,Provincie Antwerpen,Denys,131
1969,10000,BE21,Provincie Antwerpen,Exelmans,131
1969,10000,BE21,Provincie Antwerpen,Foets,131
1969,10000,BE21,Provincie Antwerpen,Leenders,131
1969,10000,BE21,Provincie Antwerpen,Marissen,131
1969,10000,BE21,Provincie Antwerpen,Moeyersons,131
1969,10000,BE21,Provincie Antwerpen,Van De Walle,131
1969,10000,BE21,Provincie Antwerpen,Van Den Ouweland,131
1969,10000,BE21,Provincie Antwerpen,Van Malderen,131
1969,10000,BE21,Provincie Antwerpen,Van Onckelen,131
1969,10000,BE21,Provincie Antwerpen,Vandecraen,131
1969,10000,BE21,Provincie Antwerpen,Yüksel,131
1988,10000,BE21,Provincie Antwerpen,Benhaddou,130
1988,10000,BE21,Provincie Antwerpen,Bouckaert,130
1988,10000,BE21,Provincie Antwerpen,Buysse,130
1988,10000,BE21,Provincie Antwerpen,Danckers,130
1988,10000,BE21,Provincie Antwerpen,Darkaoui,130
1988,10000,BE21,Provincie Antwerpen,De Boel,130
1988,10000,BE21,Provincie Antwerpen,De Hertogh,130
1988,10000,BE21,Provincie Antwerpen,Diop,130
1988,10000,BE21,Provincie Antwerpen,Geerinck,130
1988,10000,BE21,Provincie Antwerpen,Goeman,130
1988,10000,BE21,Provincie Antwerpen,Gross,130
1988,10000,BE21,Provincie Antwerpen,Gullentops,130
1988,10000,BE21,Provincie Antwerpen,Nees,130
1988,10000,BE21,Provincie Antwerpen,Rongé,130
1988,10000,BE21,Provincie Antwerpen,Schellemans,130
1988,10000,BE21,Provincie Antwerpen,Urkens,130
1988,10000,BE21,Provincie Antwerpen,Van De Sande,130
1988,10000,BE21,Provincie Antwerpen,Van Vlierberghe,130
1988,10000,BE21,Provincie Antwerpen,Vandermeulen,130
1988,10000,BE21,Provincie Antwerpen,Weiss,130
2008,10000,BE21,Provincie Antwerpen,Albrecht,129
2008,10000,BE21,Provincie Antwerpen,Allaerts,129
2008,10000,BE21,Provincie Antwerpen,Balde,129
2008,10000,BE21,Provincie Antwerpen,Beckx,129
2008,10000,BE21,Provincie Antwerpen,Belhadj,129
2008,10000,BE21,Provincie Antwerpen,Belkadi,129
2008,10000,BE21,Provincie Antwerpen,Cras,129
2008,10000,BE21,Provincie Antwerpen,Cruysberghs,129
2008,10000,BE21,Provincie Antwerpen,Ducheyne,129
2008,10000,BE21,Provincie Antwerpen,Geubbelmans,129
2008,10000,BE21,Provincie Antwerpen,Gorrens,129
2008,10000,BE21,Provincie Antwerpen,Hussaini,129
2008,10000,BE21,Provincie Antwerpen,Jonckheere,129
2008,10000,BE21,Provincie Antwerpen,Marnef,129
2008,10000,BE21,Provincie Antwerpen,Swannet,129
2008,10000,BE21,Provincie Antwerpen,Tuyteleers,129
2008,10000,BE21,Provincie Antwerpen,Van Eemeren,129
2008,10000,BE21,Provincie Antwerpen,Van Stappen,129
2008,10000,BE21,Provincie Antwerpen,Van Thienen,129
2008,10000,BE21,Provincie Antwerpen,Van den Brandt,129
2008,10000,BE21,Provincie Antwerpen,Verstreken,129
2008,10000,BE21,Provincie Antwerpen,van Gastel,129
2030,10000,BE21,Provincie Antwerpen,Beirens,128
2030,10000,BE21,Provincie Antwerpen,Bosschaert,128
2030,10000,BE21,Provincie Antwerpen,Chaoui,128
2030,10000,BE21,Provincie Antwerpen,Clemens,128
2030,10000,BE21,Provincie Antwerpen,Cooremans,128
2030,10000,BE21,Provincie Antwerpen,De Jong,128
2030,10000,BE21,Provincie Antwerpen,Dekort,128
2030,10000,BE21,Provincie Antwerpen,Gijsen,128
2030,10000,BE21,Provincie Antwerpen,Hus,128
2030,10000,BE21,Provincie Antwerpen,Mattheeusen,128
2030,10000,BE21,Provincie Antwerpen,Onsea,128
2030,10000,BE21,Provincie Antwerpen,Princen,128
2030,10000,BE21,Provincie Antwerpen,Swiggers,128
2030,10000,BE21,Provincie Antwerpen,Tobback,128
2030,10000,BE21,Provincie Antwerpen,Valkiers,128
2030,10000,BE21,Provincie Antwerpen,Van Kerckhove,128
2030,10000,BE21,Provincie Antwerpen,Van Minnebruggen,128
2030,10000,BE21,Provincie Antwerpen,Vanderhaegen,128
2048,10000,BE21,Provincie Antwerpen,Azahaf,127
2048,10000,BE21,Provincie Antwerpen,Bartholomeus,127
2048,10000,BE21,Provincie Antwerpen,De Baere,127
2048,10000,BE21,Provincie Antwerpen,De Bruycker,127
2048,10000,BE21,Provincie Antwerpen,De Volder,127
2048,10000,BE21,Provincie Antwerpen,Deleu,127
2048,10000,BE21,Provincie Antwerpen,Dielen,127
2048,10000,BE21,Provincie Antwerpen,Heyman,127
2048,10000,BE21,Provincie Antwerpen,Marckx,127
2048,10000,BE21,Provincie Antwerpen,Ramaekers,127
2048,10000,BE21,Provincie Antwerpen,Schouwaerts,127
2048,10000,BE21,Provincie Antwerpen,Seeuws,127
2048,10000,BE21,Provincie Antwerpen,Tormans,127
2048,10000,BE21,Provincie Antwerpen,Van Geldorp,127
2048,10000,BE21,Provincie Antwerpen,Van Sanden,127
2048,10000,BE21,Provincie Antwerpen,Van Strydonck,127
2048,10000,BE21,Provincie Antwerpen,Van de Vloet,127
2048,10000,BE21,Provincie Antwerpen,Van der Straeten,127
2048,10000,BE21,Provincie Antwerpen,Vandesande,127
2048,10000,BE21,Provincie Antwerpen,Vercruyssen,127
2068,10000,BE21,Provincie Antwerpen,Amezian,126
2068,10000,BE21,Provincie Antwerpen,Bajrami,126
2068,10000,BE21,Provincie Antwerpen,Bastiaenssen,126
2068,10000,BE21,Provincie Antwerpen,De Blick,126
2068,10000,BE21,Provincie Antwerpen,De Neve,126
2068,10000,BE21,Provincie Antwerpen,Depuydt,126
2068,10000,BE21,Provincie Antwerpen,Godrie,126
2068,10000,BE21,Provincie Antwerpen,Gyselinck,126
2068,10000,BE21,Provincie Antwerpen,Hulselmans,126
2068,10000,BE21,Provincie Antwerpen,Kox,126
2068,10000,BE21,Provincie Antwerpen,Meeuws,126
2068,10000,BE21,Provincie Antwerpen,Van Broeckhoven,126
2068,10000,BE21,Provincie Antwerpen,Van Haute,126
2068,10000,BE21,Provincie Antwerpen,Van Hemeldonck,126
2068,10000,BE21,Provincie Antwerpen,Van Parys,126
2068,10000,BE21,Provincie Antwerpen,Van de Wiele,126
2068,10000,BE21,Provincie Antwerpen,Vandeput,126
2068,10000,BE21,Provincie Antwerpen,Vangheel,126
2068,10000,BE21,Provincie Antwerpen,Verachten,126
2087,10000,BE21,Provincie Antwerpen,Bellon,125
2087,10000,BE21,Provincie Antwerpen,Candries,125
2087,10000,BE21,Provincie Antwerpen,Cheung,125
2087,10000,BE21,Provincie Antwerpen,Coeckelbergh,125
2087,10000,BE21,Provincie Antwerpen,De Kort,125
2087,10000,BE21,Provincie Antwerpen,Dewinter,125
2087,10000,BE21,Provincie Antwerpen,El Yaakoubi,125
2087,10000,BE21,Provincie Antwerpen,Henderyckx,125
2087,10000,BE21,Provincie Antwerpen,Huygelen,125
2087,10000,BE21,Provincie Antwerpen,Provoost,125
2087,10000,BE21,Provincie Antwerpen,Seels,125
2087,10000,BE21,Provincie Antwerpen,Stalmans,125
2087,10000,BE21,Provincie Antwerpen,Stockmans,125
2087,10000,BE21,Provincie Antwerpen,Van Beveren,125
2087,10000,BE21,Provincie Antwerpen,Van Eccelpoel,125
2087,10000,BE21,Provincie Antwerpen,Wegge,125
2087,10000,BE21,Provincie Antwerpen,Özcan,125
2104,10000,BE21,Provincie Antwerpen,Boutkabout,124
2104,10000,BE21,Provincie Antwerpen,De Kerf,124
2104,10000,BE21,Provincie Antwerpen,De Raet,124
2104,10000,BE21,Provincie Antwerpen,Holvoet,124
2104,10000,BE21,Provincie Antwerpen,Joostens,124
2104,10000,BE21,Provincie Antwerpen,Leten,124
2104,10000,BE21,Provincie Antwerpen,Mets,124
2104,10000,BE21,Provincie Antwerpen,Meuleman,124
2104,10000,BE21,Provincie Antwerpen,Michielsens,124
2104,10000,BE21,Provincie Antwerpen,Oudermans,124
2104,10000,BE21,Provincie Antwerpen,Pollet,124
2104,10000,BE21,Provincie Antwerpen,Puts,124
2104,10000,BE21,Provincie Antwerpen,Van Besauw,124
2104,10000,BE21,Provincie Antwerpen,Van Ingelghem,124
2104,10000,BE21,Provincie Antwerpen,Van de Put,124
2104,10000,BE21,Provincie Antwerpen,Van den bossche,124
2104,10000,BE21,Provincie Antwerpen,Van der Avoort,124
2104,10000,BE21,Provincie Antwerpen,Verbesselt,124
2104,10000,BE21,Provincie Antwerpen,Weymans,124
2123,10000,BE21,Provincie Antwerpen,Antonis,123
2123,10000,BE21,Provincie Antwerpen,Azzouz,123
2123,10000,BE21,Provincie Antwerpen,Berkvens,123
2123,10000,BE21,Provincie Antwerpen,Beutels,123
2123,10000,BE21,Provincie Antwerpen,De Beule,123
2123,10000,BE21,Provincie Antwerpen,Devis,123
2123,10000,BE21,Provincie Antwerpen,Dielis,123
2123,10000,BE21,Provincie Antwerpen,El Kadi,123
2123,10000,BE21,Provincie Antwerpen,Jones,123
2123,10000,BE21,Provincie Antwerpen,Livens,123
2123,10000,BE21,Provincie Antwerpen,Meersmans,123
2123,10000,BE21,Provincie Antwerpen,Siemons,123
2123,10000,BE21,Provincie Antwerpen,Van Beirendonck,123
2123,10000,BE21,Provincie Antwerpen,Van Sant,123
2123,10000,BE21,Provincie Antwerpen,Vandijck,123
2123,10000,BE21,Provincie Antwerpen,Walravens,123
2123,10000,BE21,Provincie Antwerpen,de Graaf,123
2140,10000,BE21,Provincie Antwerpen,Akin,122
2140,10000,BE21,Provincie Antwerpen,Ceelen,122
2140,10000,BE21,Provincie Antwerpen,Ceustermans,122
2140,10000,BE21,Provincie Antwerpen,Cole,122
2140,10000,BE21,Provincie Antwerpen,De Landtsheer,122
2140,10000,BE21,Provincie Antwerpen,Dejonghe,122
2140,10000,BE21,Provincie Antwerpen,Dilen,122
2140,10000,BE21,Provincie Antwerpen,El Ahmadi,122
2140,10000,BE21,Provincie Antwerpen,Geybels,122
2140,10000,BE21,Provincie Antwerpen,Heuvelmans,122
2140,10000,BE21,Provincie Antwerpen,Heyninck,122
2140,10000,BE21,Provincie Antwerpen,Joly,122
2140,10000,BE21,Provincie Antwerpen,Khogyani,122
2140,10000,BE21,Provincie Antwerpen,Knaeps,122
2140,10000,BE21,Provincie Antwerpen,Lintermans,122
2140,10000,BE21,Provincie Antwerpen,Meerts,122
2140,10000,BE21,Provincie Antwerpen,Nuydens,122
2140,10000,BE21,Provincie Antwerpen,Peersman,122
2140,10000,BE21,Provincie Antwerpen,Quick,122
2140,10000,BE21,Provincie Antwerpen,Rahmouni,122
2140,10000,BE21,Provincie Antwerpen,Sharma,122
2140,10000,BE21,Provincie Antwerpen,Soffers,122
2140,10000,BE21,Provincie Antwerpen,Van De Mierop,122
2140,10000,BE21,Provincie Antwerpen,Van Impe,122
2140,10000,BE21,Provincie Antwerpen,Van den Wouwer,122
2140,10000,BE21,Provincie Antwerpen,Vangestel,122
2140,10000,BE21,Provincie Antwerpen,Wu,122
2167,10000,BE21,Provincie Antwerpen,Abdi,121
2167,10000,BE21,Provincie Antwerpen,Dooms,121
2167,10000,BE21,Provincie Antwerpen,Eeraerts,121
2167,10000,BE21,Provincie Antwerpen,El Mokhtari,121
2167,10000,BE21,Provincie Antwerpen,Evrard,121
2167,10000,BE21,Provincie Antwerpen,Henderieckx,121
2167,10000,BE21,Provincie Antwerpen,Keulemans,121
2167,10000,BE21,Provincie Antwerpen,Knops,121
2167,10000,BE21,Provincie Antwerpen,Mathys,121
2167,10000,BE21,Provincie Antwerpen,Paenen,121
2167,10000,BE21,Provincie Antwerpen,Peys,121
2167,10000,BE21,Provincie Antwerpen,Schiltz,121
2167,10000,BE21,Provincie Antwerpen,Van Campen,121
2167,10000,BE21,Provincie Antwerpen,Van lent,121
2167,10000,BE21,Provincie Antwerpen,Vanbrabant,121
2167,10000,BE21,Provincie Antwerpen,Verborgt,121
2183,10000,BE21,Provincie Antwerpen,Boiy,120
2183,10000,BE21,Provincie Antwerpen,Callewaert,120
2183,10000,BE21,Provincie Antwerpen,Denies,120
2183,10000,BE21,Provincie Antwerpen,Dierckxsens,120
2183,10000,BE21,Provincie Antwerpen,Haddouchi,120
2183,10000,BE21,Provincie Antwerpen,Hadi,120
2183,10000,BE21,Provincie Antwerpen,Haidari,120
2183,10000,BE21,Provincie Antwerpen,Ielegems,120
2183,10000,BE21,Provincie Antwerpen,Jorens,120
2183,10000,BE21,Provincie Antwerpen,Marichal,120
2183,10000,BE21,Provincie Antwerpen,Pemen,120
2183,10000,BE21,Provincie Antwerpen,Schenkels,120
2183,10000,BE21,Provincie Antwerpen,Van den Berge,120
2183,10000,BE21,Provincie Antwerpen,Van der Velden,120
2183,10000,BE21,Provincie Antwerpen,Vansteenkiste,120
2183,10000,BE21,Provincie Antwerpen,Vereecke,120
2183,10000,BE21,Provincie Antwerpen,Verhavert,120
2183,10000,BE21,Provincie Antwerpen,Zarioh,120
2183,10000,BE21,Provincie Antwerpen,van Tilburg,120
2202,10000,BE21,Provincie Antwerpen,Akar,119
2202,10000,BE21,Provincie Antwerpen,Azarkan,119
2202,10000,BE21,Provincie Antwerpen,Bastaens,119
2202,10000,BE21,Provincie Antwerpen,Daelman,119
2202,10000,BE21,Provincie Antwerpen,Felix,119
2202,10000,BE21,Provincie Antwerpen,Goeyvaerts,119
2202,10000,BE21,Provincie Antwerpen,Hakobyan,119
2202,10000,BE21,Provincie Antwerpen,Ivanova,119
2202,10000,BE21,Provincie Antwerpen,Kara,119
2202,10000,BE21,Provincie Antwerpen,Kiebooms,119
2202,10000,BE21,Provincie Antwerpen,Lau,119
2202,10000,BE21,Provincie Antwerpen,Lauwereys,119
2202,10000,BE21,Provincie Antwerpen,Mathijssen,119
2202,10000,BE21,Provincie Antwerpen,Papen,119
2202,10000,BE21,Provincie Antwerpen,Schuurmans,119
2202,10000,BE21,Provincie Antwerpen,Steynen,119
2202,10000,BE21,Provincie Antwerpen,Talhaoui,119
2202,10000,BE21,Provincie Antwerpen,Teck,119
2202,10000,BE21,Provincie Antwerpen,Toelen,119
2202,10000,BE21,Provincie Antwerpen,Vanuytven,119
2222,10000,BE21,Provincie Antwerpen,Berckvens,118
2222,10000,BE21,Provincie Antwerpen,Donders,118
2222,10000,BE21,Provincie Antwerpen,Emin,118
2222,10000,BE21,Provincie Antwerpen,Eysackers,118
2222,10000,BE21,Provincie Antwerpen,Fabri,118
2222,10000,BE21,Provincie Antwerpen,Groenen,118
2222,10000,BE21,Provincie Antwerpen,Hoet,118
2222,10000,BE21,Provincie Antwerpen,Ivanov,118
2222,10000,BE21,Provincie Antwerpen,Karimi,118
2222,10000,BE21,Provincie Antwerpen,Keller,118
2222,10000,BE21,Provincie Antwerpen,Koch,118
2222,10000,BE21,Provincie Antwerpen,Langmans,118
2222,10000,BE21,Provincie Antwerpen,Meeuwes,118
2222,10000,BE21,Provincie Antwerpen,Saleh,118
2222,10000,BE21,Provincie Antwerpen,Schoepen,118
2222,10000,BE21,Provincie Antwerpen,Sillis,118
2222,10000,BE21,Provincie Antwerpen,Struyven,118
2222,10000,BE21,Provincie Antwerpen,Umans,118
2222,10000,BE21,Provincie Antwerpen,Van Eeckhout,118
2222,10000,BE21,Provincie Antwerpen,Van Wuytswinkel,118
2242,10000,BE21,Provincie Antwerpen,Cammaert,117
2242,10000,BE21,Provincie Antwerpen,Dehouwer,117
2242,10000,BE21,Provincie Antwerpen,Dresselaers,117
2242,10000,BE21,Provincie Antwerpen,El Aissaoui,117
2242,10000,BE21,Provincie Antwerpen,Gorrebeeck,117
2242,10000,BE21,Provincie Antwerpen,Horsten,117
2242,10000,BE21,Provincie Antwerpen,Kurt,117
2242,10000,BE21,Provincie Antwerpen,Laermans,117
2242,10000,BE21,Provincie Antwerpen,Lion,117
2242,10000,BE21,Provincie Antwerpen,Mintjens,117
2242,10000,BE21,Provincie Antwerpen,Nackaerts,117
2242,10000,BE21,Provincie Antwerpen,Noppe,117
2242,10000,BE21,Provincie Antwerpen,Onsia,117
2242,10000,BE21,Provincie Antwerpen,Parmentier,117
2242,10000,BE21,Provincie Antwerpen,Rosseau,117
2242,10000,BE21,Provincie Antwerpen,Saey,117
2242,10000,BE21,Provincie Antwerpen,Sarens,117
2242,10000,BE21,Provincie Antwerpen,Scheynen,117
2242,10000,BE21,Provincie Antwerpen,Shrestha,117
2242,10000,BE21,Provincie Antwerpen,Tilburgs,117
2242,10000,BE21,Provincie Antwerpen,Vandenbulcke,117
2263,10000,BE21,Provincie Antwerpen,Abdellati,116
2263,10000,BE21,Provincie Antwerpen,Beck,116
2263,10000,BE21,Provincie Antwerpen,Benoy,116
2263,10000,BE21,Provincie Antwerpen,Dujardin,116
2263,10000,BE21,Provincie Antwerpen,El Khattabi,116
2263,10000,BE21,Provincie Antwerpen,El Yakhloufi,116
2263,10000,BE21,Provincie Antwerpen,Geysemans,116
2263,10000,BE21,Provincie Antwerpen,Gül,116
2263,10000,BE21,Provincie Antwerpen,Haverhals,116
2263,10000,BE21,Provincie Antwerpen,Hertoghs,116
2263,10000,BE21,Provincie Antwerpen,Hovhannisyan,116
2263,10000,BE21,Provincie Antwerpen,Kestens,116
2263,10000,BE21,Provincie Antwerpen,Lombaerts,116
2263,10000,BE21,Provincie Antwerpen,Mensch,116
2263,10000,BE21,Provincie Antwerpen,Monsieurs,116
2263,10000,BE21,Provincie Antwerpen,Muylle,116
2263,10000,BE21,Provincie Antwerpen,Ongena,116
2263,10000,BE21,Provincie Antwerpen,Schaerlaeken,116
2263,10000,BE21,Provincie Antwerpen,Thoné,116
2263,10000,BE21,Provincie Antwerpen,Van Laethem,116
2263,10000,BE21,Provincie Antwerpen,Van Nijlen,116
2263,10000,BE21,Provincie Antwerpen,Vandekeybus,116
2263,10000,BE21,Provincie Antwerpen,Veulemans,116
2263,10000,BE21,Provincie Antwerpen,Wildiers,116
2263,10000,BE21,Provincie Antwerpen,Yusuf,116
2263,10000,BE21,Provincie Antwerpen,van Dorst,116
2289,10000,BE21,Provincie Antwerpen,Aerden,115
2289,10000,BE21,Provincie Antwerpen,De Proft,115
2289,10000,BE21,Provincie Antwerpen,Douwen,115
2289,10000,BE21,Provincie Antwerpen,El Morabet,115
2289,10000,BE21,Provincie Antwerpen,Habraken,115
2289,10000,BE21,Provincie Antwerpen,Iwens,115
2289,10000,BE21,Provincie Antwerpen,Lauwens,115
2289,10000,BE21,Provincie Antwerpen,Sadat,115
2289,10000,BE21,Provincie Antwerpen,Steenssens,115
2289,10000,BE21,Provincie Antwerpen,Thienpont,115
2289,10000,BE21,Provincie Antwerpen,Van Ael,115
2289,10000,BE21,Provincie Antwerpen,Van Der Steen,115
2289,10000,BE21,Provincie Antwerpen,Van Miert,115
2289,10000,BE21,Provincie Antwerpen,Van de Mosselaer,115
2289,10000,BE21,Provincie Antwerpen,Van den Borne,115
2289,10000,BE21,Provincie Antwerpen,Van den Bussche,115
2289,10000,BE21,Provincie Antwerpen,Verdeyen,115
2306,10000,BE21,Provincie Antwerpen,Azzouzi,114
2306,10000,BE21,Provincie Antwerpen,Bijnens,114
2306,10000,BE21,Provincie Antwerpen,Cortens,114
2306,10000,BE21,Provincie Antwerpen,Daenen,114
2306,10000,BE21,Provincie Antwerpen,Debruyne,114
2306,10000,BE21,Provincie Antwerpen,Dhooghe,114
2306,10000,BE21,Provincie Antwerpen,Dilliën,114
2306,10000,BE21,Provincie Antwerpen,Dirix,114
2306,10000,BE21,Provincie Antwerpen,Dumont,114
2306,10000,BE21,Provincie Antwerpen,Emmerechts,114
2306,10000,BE21,Provincie Antwerpen,Leers,114
2306,10000,BE21,Provincie Antwerpen,Ozdemir,114
2306,10000,BE21,Provincie Antwerpen,Siraj,114
2306,10000,BE21,Provincie Antwerpen,Swinkels,114
2306,10000,BE21,Provincie Antwerpen,Tenzin,114
2306,10000,BE21,Provincie Antwerpen,Toure,114
2306,10000,BE21,Provincie Antwerpen,Van Boeckel,114
2306,10000,BE21,Provincie Antwerpen,Van Goolen,114
2306,10000,BE21,Provincie Antwerpen,Van Herbruggen,114
2306,10000,BE21,Provincie Antwerpen,Van Wallendael,114
2306,10000,BE21,Provincie Antwerpen,Vanroy,114
2306,10000,BE21,Provincie Antwerpen,Verbergt,114
2306,10000,BE21,Provincie Antwerpen,Verfaillie,114
2306,10000,BE21,Provincie Antwerpen,Wolf,114
2330,10000,BE21,Provincie Antwerpen,Adikti,113
2330,10000,BE21,Provincie Antwerpen,Blancquaert,113
2330,10000,BE21,Provincie Antwerpen,Bulut,113
2330,10000,BE21,Provincie Antwerpen,De Ley,113
2330,10000,BE21,Provincie Antwerpen,Dirlik,113
2330,10000,BE21,Provincie Antwerpen,Dua,113
2330,10000,BE21,Provincie Antwerpen,Haemhouts,113
2330,10000,BE21,Provincie Antwerpen,Haji,113
2330,10000,BE21,Provincie Antwerpen,Hashimi,113
2330,10000,BE21,Provincie Antwerpen,Meganck,113
2330,10000,BE21,Provincie Antwerpen,Raeves,113
2330,10000,BE21,Provincie Antwerpen,Tilborghs,113
2330,10000,BE21,Provincie Antwerpen,Van Gael,113
2330,10000,BE21,Provincie Antwerpen,Van Huffelen,113
2330,10000,BE21,Provincie Antwerpen,Van Remoortere,113
2330,10000,BE21,Provincie Antwerpen,Van Win,113
2330,10000,BE21,Provincie Antwerpen,Vannuffelen,113
2330,10000,BE21,Provincie Antwerpen,Vertessen,113
2330,10000,BE21,Provincie Antwerpen,Vromans,113
2330,10000,BE21,Provincie Antwerpen,Öz,113
2350,10000,BE21,Provincie Antwerpen,Abbou,112
2350,10000,BE21,Provincie Antwerpen,Amelinckx,112
2350,10000,BE21,Provincie Antwerpen,Anné,112
2350,10000,BE21,Provincie Antwerpen,Bouassem,112
2350,10000,BE21,Provincie Antwerpen,Bruurs,112
2350,10000,BE21,Provincie Antwerpen,Cappaert,112
2350,10000,BE21,Provincie Antwerpen,Chatar,112
2350,10000,BE21,Provincie Antwerpen,De Vooght,112
2350,10000,BE21,Provincie Antwerpen,Gios,112
2350,10000,BE21,Provincie Antwerpen,Heuten,112
2350,10000,BE21,Provincie Antwerpen,Keita,112
2350,10000,BE21,Provincie Antwerpen,Leclercq,112
2350,10000,BE21,Provincie Antwerpen,Lenaers,112
2350,10000,BE21,Provincie Antwerpen,Mostien,112
2350,10000,BE21,Provincie Antwerpen,Nouws,112
2350,10000,BE21,Provincie Antwerpen,Schreurs,112
2350,10000,BE21,Provincie Antwerpen,Severijns,112
2350,10000,BE21,Provincie Antwerpen,Spooren,112
2350,10000,BE21,Provincie Antwerpen,Stroeckx,112
2350,10000,BE21,Provincie Antwerpen,Van Egdom,112
2350,10000,BE21,Provincie Antwerpen,Van Hoye,112
2350,10000,BE21,Provincie Antwerpen,Van Paesschen,112
2350,10000,BE21,Provincie Antwerpen,Vanderveken,112
2373,10000,BE21,Provincie Antwerpen,Beraj,111
2373,10000,BE21,Provincie Antwerpen,Biesmans,111
2373,10000,BE21,Provincie Antwerpen,Boateng,111
2373,10000,BE21,Provincie Antwerpen,Bockx,111
2373,10000,BE21,Provincie Antwerpen,Borghys,111
2373,10000,BE21,Provincie Antwerpen,Bulens,111
2373,10000,BE21,Provincie Antwerpen,Cuppens,111
2373,10000,BE21,Provincie Antwerpen,De Keulenaer,111
2373,10000,BE21,Provincie Antwerpen,El Khalfioui,111
2373,10000,BE21,Provincie Antwerpen,Gelens,111
2373,10000,BE21,Provincie Antwerpen,Kaware,111
2373,10000,BE21,Provincie Antwerpen,Kuylen,111
2373,10000,BE21,Provincie Antwerpen,Matheeussen,111
2373,10000,BE21,Provincie Antwerpen,Mattheus,111
2373,10000,BE21,Provincie Antwerpen,Nowak,111
2373,10000,BE21,Provincie Antwerpen,Plasmans,111
2373,10000,BE21,Provincie Antwerpen,Struyfs,111
2373,10000,BE21,Provincie Antwerpen,Troonbeeckx,111
2373,10000,BE21,Provincie Antwerpen,Van Boxel,111
2373,10000,BE21,Provincie Antwerpen,Van Deyck,111
2373,10000,BE21,Provincie Antwerpen,Van Wichelen,111
2373,10000,BE21,Provincie Antwerpen,Vermunicht,111
2373,10000,BE21,Provincie Antwerpen,Vermuyten,111
2373,10000,BE21,Provincie Antwerpen,Vincent,111
2373,10000,BE21,Provincie Antwerpen,Wachters,111
2373,10000,BE21,Provincie Antwerpen,van Gestel,111
2399,10000,BE21,Provincie Antwerpen,Amri,110
2399,10000,BE21,Provincie Antwerpen,Bayraktar,110
2399,10000,BE21,Provincie Antwerpen,Bekers,110
2399,10000,BE21,Provincie Antwerpen,Cerstiaens,110
2399,10000,BE21,Provincie Antwerpen,De Langhe,110
2399,10000,BE21,Provincie Antwerpen,De Muynck,110
2399,10000,BE21,Provincie Antwerpen,Faizi,110
2399,10000,BE21,Provincie Antwerpen,Michel,110
2399,10000,BE21,Provincie Antwerpen,Nicolay,110
2399,10000,BE21,Provincie Antwerpen,Paridaens,110
2399,10000,BE21,Provincie Antwerpen,Parys,110
2399,10000,BE21,Provincie Antwerpen,Seymus,110
2399,10000,BE21,Provincie Antwerpen,Swennen,110
2399,10000,BE21,Provincie Antwerpen,Teunkens,110
2399,10000,BE21,Provincie Antwerpen,Van Brabant,110
2399,10000,BE21,Provincie Antwerpen,Van Craenenbroeck,110
2399,10000,BE21,Provincie Antwerpen,Van Litsenborg,110
2399,10000,BE21,Provincie Antwerpen,Van Roosendael,110
2399,10000,BE21,Provincie Antwerpen,Van den Sande,110
2399,10000,BE21,Provincie Antwerpen,Vissenberg,110
2399,10000,BE21,Provincie Antwerpen,Weemaes,110
2399,10000,BE21,Provincie Antwerpen,Weyten,110
2399,10000,BE21,Provincie Antwerpen,van Leeuwen,110
2422,10000,BE21,Provincie Antwerpen,Billiet,109
2422,10000,BE21,Provincie Antwerpen,Can,109
2422,10000,BE21,Provincie Antwerpen,De Voecht,109
2422,10000,BE21,Provincie Antwerpen,Geldof,109
2422,10000,BE21,Provincie Antwerpen,Kempeneers,109
2422,10000,BE21,Provincie Antwerpen,Murat,109
2422,10000,BE21,Provincie Antwerpen,Siongers,109
2422,10000,BE21,Provincie Antwerpen,Van Haver,109
2422,10000,BE21,Provincie Antwerpen,Van Havere,109
2422,10000,BE21,Provincie Antwerpen,Van Osselaer,109
2422,10000,BE21,Provincie Antwerpen,Vandervoort,109
2422,10000,BE21,Provincie Antwerpen,Walschaerts,109
2422,10000,BE21,Provincie Antwerpen,van Opstal,109
2435,10000,BE21,Provincie Antwerpen,Albert,108
2435,10000,BE21,Provincie Antwerpen,Bastiaenssens,108
2435,10000,BE21,Provincie Antwerpen,Bernard,108
2435,10000,BE21,Provincie Antwerpen,Berrens,108
2435,10000,BE21,Provincie Antwerpen,Campforts,108
2435,10000,BE21,Provincie Antwerpen,Caremans,108
2435,10000,BE21,Provincie Antwerpen,De Buck,108
2435,10000,BE21,Provincie Antwerpen,De Cleene,108
2435,10000,BE21,Provincie Antwerpen,Deroo,108
2435,10000,BE21,Provincie Antwerpen,Doan,108
2435,10000,BE21,Provincie Antwerpen,El Amrani,108
2435,10000,BE21,Provincie Antwerpen,Hassani,108
2435,10000,BE21,Provincie Antwerpen,Jeurissen,108
2435,10000,BE21,Provincie Antwerpen,Linten,108
2435,10000,BE21,Provincie Antwerpen,Pockelé,108
2435,10000,BE21,Provincie Antwerpen,Rubbens,108
2435,10000,BE21,Provincie Antwerpen,Scheepers,108
2435,10000,BE21,Provincie Antwerpen,Swaenen,108
2435,10000,BE21,Provincie Antwerpen,Tombeur,108
2435,10000,BE21,Provincie Antwerpen,Van Hoorick,108
2435,10000,BE21,Provincie Antwerpen,Van de Moortel,108
2435,10000,BE21,Provincie Antwerpen,Vandevenne,108
2435,10000,BE21,Provincie Antwerpen,Vanhecke,108
2435,10000,BE21,Provincie Antwerpen,Veldeman,108
2435,10000,BE21,Provincie Antwerpen,Vervloessem,108
2435,10000,BE21,Provincie Antwerpen,Vroom,108
2435,10000,BE21,Provincie Antwerpen,Wagemakers,108
2462,10000,BE21,Provincie Antwerpen,Begesi,107
2462,10000,BE21,Provincie Antwerpen,Clauwaert,107
2462,10000,BE21,Provincie Antwerpen,De Backker,107
2462,10000,BE21,Provincie Antwerpen,El Baroudi,107
2462,10000,BE21,Provincie Antwerpen,Haemels,107
2462,10000,BE21,Provincie Antwerpen,Ilegems,107
2462,10000,BE21,Provincie Antwerpen,Lachi,107
2462,10000,BE21,Provincie Antwerpen,Maesen,107
2462,10000,BE21,Provincie Antwerpen,Opoku,107
2462,10000,BE21,Provincie Antwerpen,Resseler,107
2462,10000,BE21,Provincie Antwerpen,Steegmans,107
2462,10000,BE21,Provincie Antwerpen,Van Aeken,107
2462,10000,BE21,Provincie Antwerpen,Van Der Auwera,107
2462,10000,BE21,Provincie Antwerpen,Van Huffel,107
2462,10000,BE21,Provincie Antwerpen,Van Wouwe,107
2462,10000,BE21,Provincie Antwerpen,Vanlerberghe,107
2462,10000,BE21,Provincie Antwerpen,Verrycken,107
2462,10000,BE21,Provincie Antwerpen,de Bruijn,107
2480,10000,BE21,Provincie Antwerpen,Aktepe,106
2480,10000,BE21,Provincie Antwerpen,Baekelmans,106
2480,10000,BE21,Provincie Antwerpen,Bastiaansen,106
2480,10000,BE21,Provincie Antwerpen,Bourgeois,106
2480,10000,BE21,Provincie Antwerpen,De Rouck,106
2480,10000,BE21,Provincie Antwerpen,De Vry,106
2480,10000,BE21,Provincie Antwerpen,Delanghe,106
2480,10000,BE21,Provincie Antwerpen,Duchesne,106
2480,10000,BE21,Provincie Antwerpen,Dumon,106
2480,10000,BE21,Provincie Antwerpen,Giebens,106
2480,10000,BE21,Provincie Antwerpen,Hiel,106
2480,10000,BE21,Provincie Antwerpen,Isik,106
2480,10000,BE21,Provincie Antwerpen,Lissens,106
2480,10000,BE21,Provincie Antwerpen,Neels,106
2480,10000,BE21,Provincie Antwerpen,Oliviers,106
2480,10000,BE21,Provincie Antwerpen,Sali,106
2480,10000,BE21,Provincie Antwerpen,Van Hissenhoven,106
2480,10000,BE21,Provincie Antwerpen,Vandepaer,106
2480,10000,BE21,Provincie Antwerpen,Vander Elst,106
2480,10000,BE21,Provincie Antwerpen,Vaneynde,106
2480,10000,BE21,Provincie Antwerpen,Vanhooydonck,106
2480,10000,BE21,Provincie Antwerpen,Vossen,106
2480,10000,BE21,Provincie Antwerpen,van Boxel,106
2480,10000,BE21,Provincie Antwerpen,van Vugt,106
2504,10000,BE21,Provincie Antwerpen,Appiah,105
2504,10000,BE21,Provincie Antwerpen,Barrie,105
2504,10000,BE21,Provincie Antwerpen,Beuckelaers,105
2504,10000,BE21,Provincie Antwerpen,Cassimon,105
2504,10000,BE21,Provincie Antwerpen,Christianen,105
2504,10000,BE21,Provincie Antwerpen,De Gendt,105
2504,10000,BE21,Provincie Antwerpen,Demeulenaere,105
2504,10000,BE21,Provincie Antwerpen,Devoght,105
2504,10000,BE21,Provincie Antwerpen,Dewaele,105
2504,10000,BE21,Provincie Antwerpen,Meysmans,105
2504,10000,BE21,Provincie Antwerpen,Quintelier,105
2504,10000,BE21,Provincie Antwerpen,Schouten,105
2504,10000,BE21,Provincie Antwerpen,Tuymans,105
2504,10000,BE21,Provincie Antwerpen,Van Everbroeck,105
2504,10000,BE21,Provincie Antwerpen,Van Passel,105
2504,10000,BE21,Provincie Antwerpen,Van Tongelen,105
2504,10000,BE21,Provincie Antwerpen,Van der Voort,105
2504,10000,BE21,Provincie Antwerpen,Waziri,105
2522,10000,BE21,Provincie Antwerpen,Benamar,104
2522,10000,BE21,Provincie Antwerpen,Ciobanu,104
2522,10000,BE21,Provincie Antwerpen,D'hont,104
2522,10000,BE21,Provincie Antwerpen,Debecker,104
2522,10000,BE21,Provincie Antwerpen,Drooghmans,104
2522,10000,BE21,Provincie Antwerpen,El Hajouti,104
2522,10000,BE21,Provincie Antwerpen,El Messaoudi,104
2522,10000,BE21,Provincie Antwerpen,Francis,104
2522,10000,BE21,Provincie Antwerpen,Godts,104
2522,10000,BE21,Provincie Antwerpen,Hectors,104
2522,10000,BE21,Provincie Antwerpen,Hereijgers,104
2522,10000,BE21,Provincie Antwerpen,Ivanochko,104
2522,10000,BE21,Provincie Antwerpen,Karaman,104
2522,10000,BE21,Provincie Antwerpen,Kegelaers,104
2522,10000,BE21,Provincie Antwerpen,Moussaoui,104
2522,10000,BE21,Provincie Antwerpen,Neeckx,104
2522,10000,BE21,Provincie Antwerpen,Raemdonck,104
2522,10000,BE21,Provincie Antwerpen,Scheerens,104
2522,10000,BE21,Provincie Antwerpen,Schillebeeckx,104
2522,10000,BE21,Provincie Antwerpen,Stijnen,104
2522,10000,BE21,Provincie Antwerpen,Thiels,104
2522,10000,BE21,Provincie Antwerpen,Van Coillie,104
2522,10000,BE21,Provincie Antwerpen,Van Peteghem,104
2522,10000,BE21,Provincie Antwerpen,Van den heuvel,104
2522,10000,BE21,Provincie Antwerpen,Verdijck,104
2522,10000,BE21,Provincie Antwerpen,Verlinde,104
2522,10000,BE21,Provincie Antwerpen,Verryckt,104
2522,10000,BE21,Provincie Antwerpen,Youssef,104
2522,10000,BE21,Provincie Antwerpen,van Beek,104
2551,10000,BE21,Provincie Antwerpen,Amajoud,103
2551,10000,BE21,Provincie Antwerpen,Amraoui,103
2551,10000,BE21,Provincie Antwerpen,Bogers,103
2551,10000,BE21,Provincie Antwerpen,Bormans,103
2551,10000,BE21,Provincie Antwerpen,Colin,103
2551,10000,BE21,Provincie Antwerpen,Couwels,103
2551,10000,BE21,Provincie Antwerpen,Decorte,103
2551,10000,BE21,Provincie Antwerpen,Dehaes,103
2551,10000,BE21,Provincie Antwerpen,Deridder,103
2551,10000,BE21,Provincie Antwerpen,El Ayadi,103
2551,10000,BE21,Provincie Antwerpen,El Bakkali,103
2551,10000,BE21,Provincie Antwerpen,Feys,103
2551,10000,BE21,Provincie Antwerpen,Gevaert,103
2551,10000,BE21,Provincie Antwerpen,Jannes,103
2551,10000,BE21,Provincie Antwerpen,Lamot,103
2551,10000,BE21,Provincie Antwerpen,Puttemans,103
2551,10000,BE21,Provincie Antwerpen,Renard,103
2551,10000,BE21,Provincie Antwerpen,Rusu,103
2551,10000,BE21,Provincie Antwerpen,Sargsyan,103
2551,10000,BE21,Provincie Antwerpen,Schyvens,103
2551,10000,BE21,Provincie Antwerpen,Sollie,103
2551,10000,BE21,Provincie Antwerpen,Thijssen,103
2551,10000,BE21,Provincie Antwerpen,Van Barel,103
2551,10000,BE21,Provincie Antwerpen,Van Crombruggen,103
2551,10000,BE21,Provincie Antwerpen,Van Den Bossche,103
2551,10000,BE21,Provincie Antwerpen,Van Hoey,103
2551,10000,BE21,Provincie Antwerpen,Van Hooydonk,103
2551,10000,BE21,Provincie Antwerpen,Van Nimmen,103
2551,10000,BE21,Provincie Antwerpen,Van der Goten,103
2551,10000,BE21,Provincie Antwerpen,Van der Vliet,103
2551,10000,BE21,Provincie Antwerpen,Vandenbosch,103
2551,10000,BE21,Provincie Antwerpen,Vanhoudt,103
2551,10000,BE21,Provincie Antwerpen,Vanopstal,103
2551,10000,BE21,Provincie Antwerpen,Verstricht,103
2551,10000,BE21,Provincie Antwerpen,Vincke,103
2551,10000,BE21,Provincie Antwerpen,Willocx,103
2551,10000,BE21,Provincie Antwerpen,Wolput,103
2551,10000,BE21,Provincie Antwerpen,de Boer,103
2589,10000,BE21,Provincie Antwerpen,Bekkaoui,102
2589,10000,BE21,Provincie Antwerpen,Bové,102
2589,10000,BE21,Provincie Antwerpen,Buyst,102
2589,10000,BE21,Provincie Antwerpen,Caethoven,102
2589,10000,BE21,Provincie Antwerpen,Coninx,102
2589,10000,BE21,Provincie Antwerpen,Derkinderen,102
2589,10000,BE21,Provincie Antwerpen,Dresselaerts,102
2589,10000,BE21,Provincie Antwerpen,Genbrugge,102
2589,10000,BE21,Provincie Antwerpen,Ho,102
2589,10000,BE21,Provincie Antwerpen,Knaepen,102
2589,10000,BE21,Provincie Antwerpen,Loutfi,102
2589,10000,BE21,Provincie Antwerpen,Ouali,102
2589,10000,BE21,Provincie Antwerpen,Pellis,102
2589,10000,BE21,Provincie Antwerpen,Plessers,102
2589,10000,BE21,Provincie Antwerpen,Provinciael,102
2589,10000,BE21,Provincie Antwerpen,Remeysen,102
2589,10000,BE21,Provincie Antwerpen,Seuntjens,102
2589,10000,BE21,Provincie Antwerpen,Severeyns,102
2589,10000,BE21,Provincie Antwerpen,Van Hulle,102
2589,10000,BE21,Provincie Antwerpen,Vandecasteele,102
2589,10000,BE21,Provincie Antwerpen,Vandezande,102
2589,10000,BE21,Provincie Antwerpen,Vermoesen,102
2611,10000,BE21,Provincie Antwerpen,Beliën,101
2611,10000,BE21,Provincie Antwerpen,Boeynaems,101
2611,10000,BE21,Provincie Antwerpen,Brams,101
2611,10000,BE21,Provincie Antwerpen,Bruyndoncx,101
2611,10000,BE21,Provincie Antwerpen,Casier,101
2611,10000,BE21,Provincie Antwerpen,De Cleen,101
2611,10000,BE21,Provincie Antwerpen,De Geyter,101
2611,10000,BE21,Provincie Antwerpen,De Vroe,101
2611,10000,BE21,Provincie Antwerpen,De Vuyst,101
2611,10000,BE21,Provincie Antwerpen,Fischer,101
2611,10000,BE21,Provincie Antwerpen,Goemans,101
2611,10000,BE21,Provincie Antwerpen,Jongenelen,101
2611,10000,BE21,Provincie Antwerpen,Kajtazi,101
2611,10000,BE21,Provincie Antwerpen,Kemland,101
2611,10000,BE21,Provincie Antwerpen,Mimouni,101
2611,10000,BE21,Provincie Antwerpen,Neirynck,101
2611,10000,BE21,Provincie Antwerpen,Olyslaegers,101
2611,10000,BE21,Provincie Antwerpen,Ouchan,101
2611,10000,BE21,Provincie Antwerpen,Soetens,101
2611,10000,BE21,Provincie Antwerpen,Strybos,101
2611,10000,BE21,Provincie Antwerpen,Teunis,101
2611,10000,BE21,Provincie Antwerpen,Van Antwerpen,101
2611,10000,BE21,Provincie Antwerpen,Van Mele,101
2611,10000,BE21,Provincie Antwerpen,Van de Reyd,101
2611,10000,BE21,Provincie Antwerpen,Vleminx,101
2611,10000,BE21,Provincie Antwerpen,van Hoof,101
2611,10000,BE21,Provincie Antwerpen,van de Ven,101
2638,10000,BE21,Provincie Antwerpen,Bilican,100
2638,10000,BE21,Provincie Antwerpen,Bouhajra,100
2638,10000,BE21,Provincie Antwerpen,Cardon,100
2638,10000,BE21,Provincie Antwerpen,Chahbouni,100
2638,10000,BE21,Provincie Antwerpen,Chourak,100
2638,10000,BE21,Provincie Antwerpen,Deconinck,100
2638,10000,BE21,Provincie Antwerpen,Depoorter,100
2638,10000,BE21,Provincie Antwerpen,El Mourabit,100
2638,10000,BE21,Provincie Antwerpen,Etienne,100
2638,10000,BE21,Provincie Antwerpen,Ghoos,100
2638,10000,BE21,Provincie Antwerpen,Güne,100
2638,10000,BE21,Provincie Antwerpen,Hereygers,100
2638,10000,BE21,Provincie Antwerpen,Hollanders,100
2638,10000,BE21,Provincie Antwerpen,Jabarkhel,100
2638,10000,BE21,Provincie Antwerpen,Knockaert,100
2638,10000,BE21,Provincie Antwerpen,Lamoen,100
2638,10000,BE21,Provincie Antwerpen,Op de beeck,100
2638,10000,BE21,Provincie Antwerpen,Pas,100
2638,10000,BE21,Provincie Antwerpen,Popescu,100
2638,10000,BE21,Provincie Antwerpen,Schenk,100
2638,10000,BE21,Provincie Antwerpen,Snoeck,100
2638,10000,BE21,Provincie Antwerpen,Tan,100
2638,10000,BE21,Provincie Antwerpen,Uytdewilligen,100
2638,10000,BE21,Provincie Antwerpen,Van Den Plas,100
2638,10000,BE21,Provincie Antwerpen,Van Horenbeeck,100
2638,10000,BE21,Provincie Antwerpen,Van Rossem,100
2638,10000,BE21,Provincie Antwerpen,Van Saet,100
2638,10000,BE21,Provincie Antwerpen,Verleysen,100
2638,10000,BE21,Provincie Antwerpen,Walbers,100
2638,10000,BE21,Provincie Antwerpen,Winters,100
1,70000,BE22,Provincie Limburg,Claes,"4,640"
2,70000,BE22,Provincie Limburg,Peeters,"4,279"
3,70000,BE22,Provincie Limburg,Janssen,"4,260"
4,70000,BE22,Provincie Limburg,Hermans,"3,370"
5,70000,BE22,Provincie Limburg,Jacobs,"3,267"
6,70000,BE22,Provincie Limburg,Martens,"3,092"
7,70000,BE22,Provincie Limburg,Gielen,"2,811"
8,70000,BE22,Provincie Limburg,Willems,"2,774"
9,70000,BE22,Provincie Limburg,Lemmens,"2,702"
10,70000,BE22,Provincie Limburg,Thijs,"2,687"
11,70000,BE22,Provincie Limburg,Maes,"2,663"
12,70000,BE22,Provincie Limburg,Aerts,"2,449"
13,70000,BE22,Provincie Limburg,Smeets,"2,427"
14,70000,BE22,Provincie Limburg,Houben,"2,220"
15,70000,BE22,Provincie Limburg,Jans,"2,084"
16,70000,BE22,Provincie Limburg,Wouters,"2,054"
17,70000,BE22,Provincie Limburg,Janssens,"1,952"
18,70000,BE22,Provincie Limburg,Bollen,"1,858"
19,70000,BE22,Provincie Limburg,Reynders,"1,815"
20,70000,BE22,Provincie Limburg,Bosmans,"1,800"
21,70000,BE22,Provincie Limburg,Smets,"1,762"
22,70000,BE22,Provincie Limburg,Schepers,"1,749"
23,70000,BE22,Provincie Limburg,Beckers,"1,718"
24,70000,BE22,Provincie Limburg,Singh,"1,711"
25,70000,BE22,Provincie Limburg,Jansen,"1,640"
26,70000,BE22,Provincie Limburg,Stevens,"1,625"
27,70000,BE22,Provincie Limburg,Swinnen,"1,613"
28,70000,BE22,Provincie Limburg,Timmermans,"1,596"
29,70000,BE22,Provincie Limburg,Mertens,"1,590"
30,70000,BE22,Provincie Limburg,Nijs,"1,531"
31,70000,BE22,Provincie Limburg,Vaes,"1,528"
32,70000,BE22,Provincie Limburg,Moors,"1,522"
33,70000,BE22,Provincie Limburg,Lenaerts,"1,484"
34,70000,BE22,Provincie Limburg,Vranken,"1,469"
35,70000,BE22,Provincie Limburg,Daniels,"1,434"
36,70000,BE22,Provincie Limburg,Coenen,"1,426"
37,70000,BE22,Provincie Limburg,Ramaekers,"1,403"
38,70000,BE22,Provincie Limburg,Put,"1,378"
39,70000,BE22,Provincie Limburg,Goossens,"1,348"
40,70000,BE22,Provincie Limburg,Boonen,"1,334"
41,70000,BE22,Provincie Limburg,Simons,"1,305"
42,70000,BE22,Provincie Limburg,Engelen,"1,295"
43,70000,BE22,Provincie Limburg,Claesen,"1,258"
44,70000,BE22,Provincie Limburg,Neven,"1,233"
45,70000,BE22,Provincie Limburg,Driesen,"1,196"
45,70000,BE22,Provincie Limburg,Kerkhofs,"1,196"
47,70000,BE22,Provincie Limburg,Peters,"1,190"
47,70000,BE22,Provincie Limburg,Swennen,"1,190"
49,70000,BE22,Provincie Limburg,Rutten,"1,165"
50,70000,BE22,Provincie Limburg,Cox,"1,161"
51,70000,BE22,Provincie Limburg,Vrancken,"1,154"
52,70000,BE22,Provincie Limburg,Deckers,"1,146"
53,70000,BE22,Provincie Limburg,Cuypers,"1,134"
53,70000,BE22,Provincie Limburg,Thys,"1,134"
55,70000,BE22,Provincie Limburg,Baeten,"1,117"
56,70000,BE22,Provincie Limburg,Vos,"1,102"
57,70000,BE22,Provincie Limburg,Schreurs,"1,099"
58,70000,BE22,Provincie Limburg,Verheyen,"1,088"
59,70000,BE22,Provincie Limburg,Segers,"1,085"
60,70000,BE22,Provincie Limburg,Steegmans,"1,058"
61,70000,BE22,Provincie Limburg,Yilmaz,"1,051"
62,70000,BE22,Provincie Limburg,Nelissen,"1,046"
63,70000,BE22,Provincie Limburg,Winters,"1,041"
64,70000,BE22,Provincie Limburg,Poelmans,"1,028"
65,70000,BE22,Provincie Limburg,Schoofs,"1,010"
66,70000,BE22,Provincie Limburg,Hendrikx,"1,007"
67,70000,BE22,Provincie Limburg,Gijbels,"1,006"
68,70000,BE22,Provincie Limburg,Roosen,995
69,70000,BE22,Provincie Limburg,Neyens,989
70,70000,BE22,Provincie Limburg,Lambrechts,986
71,70000,BE22,Provincie Limburg,Creemers,933
72,70000,BE22,Provincie Limburg,Bijnens,930
73,70000,BE22,Provincie Limburg,Moons,925
74,70000,BE22,Provincie Limburg,Achten,922
75,70000,BE22,Provincie Limburg,Machiels,916
76,70000,BE22,Provincie Limburg,Kaur,914
77,70000,BE22,Provincie Limburg,Bex,911
78,70000,BE22,Provincie Limburg,Bielen,909
79,70000,BE22,Provincie Limburg,Bloemen,905
80,70000,BE22,Provincie Limburg,Biesmans,874
81,70000,BE22,Provincie Limburg,Vanbrabant,861
82,70000,BE22,Provincie Limburg,Theunis,859
83,70000,BE22,Provincie Limburg,Vanhees,848
84,70000,BE22,Provincie Limburg,Eerdekens,844
85,70000,BE22,Provincie Limburg,Gerits,829
86,70000,BE22,Provincie Limburg,Ceyssens,826
87,70000,BE22,Provincie Limburg,Plessers,825
88,70000,BE22,Provincie Limburg,Loos,822
88,70000,BE22,Provincie Limburg,Theunissen,822
90,70000,BE22,Provincie Limburg,Vanhove,819
91,70000,BE22,Provincie Limburg,Vandebroek,817
92,70000,BE22,Provincie Limburg,Franssen,810
93,70000,BE22,Provincie Limburg,Billen,805
94,70000,BE22,Provincie Limburg,Bogaerts,800
95,70000,BE22,Provincie Limburg,Evens,789
96,70000,BE22,Provincie Limburg,Vliegen,787
97,70000,BE22,Provincie Limburg,Luyten,772
98,70000,BE22,Provincie Limburg,Vanspauwen,770
99,70000,BE22,Provincie Limburg,Hendriks,760
99,70000,BE22,Provincie Limburg,Yildirim,760
101,70000,BE22,Provincie Limburg,Hendrickx,757
102,70000,BE22,Provincie Limburg,Geurts,754
103,70000,BE22,Provincie Limburg,Wolfs,746
104,70000,BE22,Provincie Limburg,Nulens,742
105,70000,BE22,Provincie Limburg,Knaepen,741
106,70000,BE22,Provincie Limburg,Dirkx,738
107,70000,BE22,Provincie Limburg,Camps,723
107,70000,BE22,Provincie Limburg,Michiels,723
109,70000,BE22,Provincie Limburg,Geraerts,715
109,70000,BE22,Provincie Limburg,Maesen,715
111,70000,BE22,Provincie Limburg,Vandormael,709
112,70000,BE22,Provincie Limburg,Claessens,705
112,70000,BE22,Provincie Limburg,Hendrix,705
114,70000,BE22,Provincie Limburg,Tielens,698
115,70000,BE22,Provincie Limburg,Dreesen,688
115,70000,BE22,Provincie Limburg,Pauwels,688
117,70000,BE22,Provincie Limburg,Kaya,684
118,70000,BE22,Provincie Limburg,Geerts,679
119,70000,BE22,Provincie Limburg,Swerts,675
120,70000,BE22,Provincie Limburg,Lenaers,673
120,70000,BE22,Provincie Limburg,Vanoppen,673
122,70000,BE22,Provincie Limburg,Maris,667
123,70000,BE22,Provincie Limburg,Daenen,664
124,70000,BE22,Provincie Limburg,Briers,662
125,70000,BE22,Provincie Limburg,Knapen,659
126,70000,BE22,Provincie Limburg,Paesen,657
127,70000,BE22,Provincie Limburg,Broux,650
127,70000,BE22,Provincie Limburg,Meers,650
129,70000,BE22,Provincie Limburg,Vandersmissen,648
130,70000,BE22,Provincie Limburg,Bervoets,644
131,70000,BE22,Provincie Limburg,Smolders,643
132,70000,BE22,Provincie Limburg,Vaesen,640
133,70000,BE22,Provincie Limburg,Jorissen,637
134,70000,BE22,Provincie Limburg,Willekens,636
135,70000,BE22,Provincie Limburg,Vanderheyden,632
136,70000,BE22,Provincie Limburg,Geelen,630
137,70000,BE22,Provincie Limburg,Vandeweyer,629
138,70000,BE22,Provincie Limburg,Schuermans,628
139,70000,BE22,Provincie Limburg,Verjans,627
140,70000,BE22,Provincie Limburg,Vermeulen,619
141,70000,BE22,Provincie Limburg,Huysmans,616
142,70000,BE22,Provincie Limburg,Panis,612
143,70000,BE22,Provincie Limburg,Stas,602
144,70000,BE22,Provincie Limburg,Demir,601
144,70000,BE22,Provincie Limburg,Thoelen,601
146,70000,BE22,Provincie Limburg,Houbrechts,599
147,70000,BE22,Provincie Limburg,Cuppens,598
147,70000,BE22,Provincie Limburg,Vandebosch,598
149,70000,BE22,Provincie Limburg,Reekmans,597
150,70000,BE22,Provincie Limburg,Schrijvers,594
151,70000,BE22,Provincie Limburg,Stulens,593
152,70000,BE22,Provincie Limburg,Kelchtermans,590
152,70000,BE22,Provincie Limburg,Schildermans,590
154,70000,BE22,Provincie Limburg,Ramakers,581
155,70000,BE22,Provincie Limburg,Menten,579
156,70000,BE22,Provincie Limburg,Timmers,577
157,70000,BE22,Provincie Limburg,Kenis,571
157,70000,BE22,Provincie Limburg,Vossen,571
159,70000,BE22,Provincie Limburg,Schouteden,570
160,70000,BE22,Provincie Limburg,Moonen,567
160,70000,BE22,Provincie Limburg,Schroyen,567
162,70000,BE22,Provincie Limburg,Appeltans,565
162,70000,BE22,Provincie Limburg,Custers,565
164,70000,BE22,Provincie Limburg,Gilissen,564
164,70000,BE22,Provincie Limburg,Meyers,564
166,70000,BE22,Provincie Limburg,Vanstraelen,563
167,70000,BE22,Provincie Limburg,Daniëls,560
168,70000,BE22,Provincie Limburg,Colson,559
168,70000,BE22,Provincie Limburg,Heylen,559
168,70000,BE22,Provincie Limburg,Jeurissen,559
171,70000,BE22,Provincie Limburg,Nouwen,556
172,70000,BE22,Provincie Limburg,Schrooten,550
173,70000,BE22,Provincie Limburg,Volders,547
174,70000,BE22,Provincie Limburg,Corstjens,546
175,70000,BE22,Provincie Limburg,Brouwers,543
175,70000,BE22,Provincie Limburg,Coolen,543
175,70000,BE22,Provincie Limburg,Ooms,543
178,70000,BE22,Provincie Limburg,Vanderstraeten,542
179,70000,BE22,Provincie Limburg,Fransen,538
180,70000,BE22,Provincie Limburg,Dupont,534
180,70000,BE22,Provincie Limburg,Verboven,534
182,70000,BE22,Provincie Limburg,Buntinx,533
183,70000,BE22,Provincie Limburg,Duchateau,532
183,70000,BE22,Provincie Limburg,Kuppens,532
185,70000,BE22,Provincie Limburg,Yildiz,528
186,70000,BE22,Provincie Limburg,Motmans,525
187,70000,BE22,Provincie Limburg,Joris,522
187,70000,BE22,Provincie Limburg,Leurs,522
189,70000,BE22,Provincie Limburg,Coninx,520
190,70000,BE22,Provincie Limburg,Hansen,518
191,70000,BE22,Provincie Limburg,Paredis,513
192,70000,BE22,Provincie Limburg,Joosten,511
193,70000,BE22,Provincie Limburg,Frederix,509
194,70000,BE22,Provincie Limburg,Vanheusden,508
195,70000,BE22,Provincie Limburg,Brebels,500
196,70000,BE22,Provincie Limburg,Castermans,496
197,70000,BE22,Provincie Limburg,Verhoeven,494
198,70000,BE22,Provincie Limburg,Hulsmans,493
199,70000,BE22,Provincie Limburg,Bamps,492
200,70000,BE22,Provincie Limburg,Cornelissen,489
201,70000,BE22,Provincie Limburg,Palmans,487
201,70000,BE22,Provincie Limburg,Sahin,487
203,70000,BE22,Provincie Limburg,Cremers,486
203,70000,BE22,Provincie Limburg,Cuyvers,486
205,70000,BE22,Provincie Limburg,Olaerts,483
206,70000,BE22,Provincie Limburg,Nuyts,482
207,70000,BE22,Provincie Limburg,Voets,481
208,70000,BE22,Provincie Limburg,Wellens,480
209,70000,BE22,Provincie Limburg,Wijnen,475
210,70000,BE22,Provincie Limburg,Merken,472
211,70000,BE22,Provincie Limburg,Haesen,471
212,70000,BE22,Provincie Limburg,Brouns,469
212,70000,BE22,Provincie Limburg,Croes,469
214,70000,BE22,Provincie Limburg,Geuens,466
215,70000,BE22,Provincie Limburg,Mathijs,465
216,70000,BE22,Provincie Limburg,Smits,464
217,70000,BE22,Provincie Limburg,Vandevenne,462
218,70000,BE22,Provincie Limburg,Gorissen,461
219,70000,BE22,Provincie Limburg,Leenders,459
219,70000,BE22,Provincie Limburg,Özdemir,459
221,70000,BE22,Provincie Limburg,Bergmans,458
222,70000,BE22,Provincie Limburg,Cardinaels,457
223,70000,BE22,Provincie Limburg,Paulissen,456
223,70000,BE22,Provincie Limburg,Slegers,456
225,70000,BE22,Provincie Limburg,Jaspers,454
225,70000,BE22,Provincie Limburg,Jordens,454
227,70000,BE22,Provincie Limburg,Raymaekers,452
228,70000,BE22,Provincie Limburg,Grosemans,451
229,70000,BE22,Provincie Limburg,Scheepers,450
230,70000,BE22,Provincie Limburg,Kellens,448
230,70000,BE22,Provincie Limburg,Mannaerts,448
230,70000,BE22,Provincie Limburg,Nijssen,448
230,70000,BE22,Provincie Limburg,Schraepen,448
234,70000,BE22,Provincie Limburg,Somers,443
235,70000,BE22,Provincie Limburg,Arslan,439
236,70000,BE22,Provincie Limburg,Berben,434
236,70000,BE22,Provincie Limburg,Corthouts,434
238,70000,BE22,Provincie Limburg,Gijsen,433
238,70000,BE22,Provincie Limburg,Vanherle,433
240,70000,BE22,Provincie Limburg,Conings,432
241,70000,BE22,Provincie Limburg,Nys,431
242,70000,BE22,Provincie Limburg,Cools,429
243,70000,BE22,Provincie Limburg,Cosemans,428
244,70000,BE22,Provincie Limburg,Vandeput,427
244,70000,BE22,Provincie Limburg,Wijnants,427
246,70000,BE22,Provincie Limburg,Celis,426
246,70000,BE22,Provincie Limburg,Moermans,426
248,70000,BE22,Provincie Limburg,Bynens,425
249,70000,BE22,Provincie Limburg,Kenens,423
250,70000,BE22,Provincie Limburg,Steegen,422
251,70000,BE22,Provincie Limburg,Vrijsen,421
252,70000,BE22,Provincie Limburg,Penders,420
253,70000,BE22,Provincie Limburg,Vanhoudt,419
254,70000,BE22,Provincie Limburg,Kuypers,418
255,70000,BE22,Provincie Limburg,Geebelen,417
255,70000,BE22,Provincie Limburg,Steensels,417
255,70000,BE22,Provincie Limburg,Strauven,417
255,70000,BE22,Provincie Limburg,Vandenberk,417
259,70000,BE22,Provincie Limburg,Huygen,416
260,70000,BE22,Provincie Limburg,Ulenaers,414
260,70000,BE22,Provincie Limburg,Vandebeek,414
262,70000,BE22,Provincie Limburg,Stassen,412
263,70000,BE22,Provincie Limburg,Hayen,410
264,70000,BE22,Provincie Limburg,Vanherck,408
265,70000,BE22,Provincie Limburg,Agten,407
265,70000,BE22,Provincie Limburg,Donné,407
267,70000,BE22,Provincie Limburg,Aydin,406
267,70000,BE22,Provincie Limburg,Cleeren,406
267,70000,BE22,Provincie Limburg,Geuns,406
270,70000,BE22,Provincie Limburg,Beerten,403
270,70000,BE22,Provincie Limburg,Goris,403
270,70000,BE22,Provincie Limburg,Saenen,403
273,70000,BE22,Provincie Limburg,Raskin,402
274,70000,BE22,Provincie Limburg,Bammens,400
275,70000,BE22,Provincie Limburg,Vanhaeren,399
276,70000,BE22,Provincie Limburg,Bormans,396
276,70000,BE22,Provincie Limburg,Daemen,396
276,70000,BE22,Provincie Limburg,Reyskens,396
279,70000,BE22,Provincie Limburg,Govaerts,395
280,70000,BE22,Provincie Limburg,Putzeys,394
281,70000,BE22,Provincie Limburg,Christiaens,393
281,70000,BE22,Provincie Limburg,Knuts,393
283,70000,BE22,Provincie Limburg,Vrolix,392
284,70000,BE22,Provincie Limburg,Geusens,391
284,70000,BE22,Provincie Limburg,Verstraeten,391
286,70000,BE22,Provincie Limburg,Das,390
287,70000,BE22,Provincie Limburg,Gabriels,388
287,70000,BE22,Provincie Limburg,Vangeneugden,388
289,70000,BE22,Provincie Limburg,Emmers,385
289,70000,BE22,Provincie Limburg,Lambrichts,385
291,70000,BE22,Provincie Limburg,Haesevoets,383
292,70000,BE22,Provincie Limburg,Kempeneers,382
292,70000,BE22,Provincie Limburg,Loyens,382
294,70000,BE22,Provincie Limburg,Braeken,375
294,70000,BE22,Provincie Limburg,Ketelslegers,375
296,70000,BE22,Provincie Limburg,Remans,374
297,70000,BE22,Provincie Limburg,Huybrechts,373
297,70000,BE22,Provincie Limburg,Schuurmans,373
299,70000,BE22,Provincie Limburg,Daems,372
300,70000,BE22,Provincie Limburg,Berden,368
300,70000,BE22,Provincie Limburg,Vanhamel,368
302,70000,BE22,Provincie Limburg,Jaeken,366
303,70000,BE22,Provincie Limburg,Theys,364
303,70000,BE22,Provincie Limburg,Vandael,364
305,70000,BE22,Provincie Limburg,Coenegrachts,363
306,70000,BE22,Provincie Limburg,Gybels,362
306,70000,BE22,Provincie Limburg,Vangeel,362
308,70000,BE22,Provincie Limburg,Hardy,361
308,70000,BE22,Provincie Limburg,Smeers,361
308,70000,BE22,Provincie Limburg,Witters,361
311,70000,BE22,Provincie Limburg,Haex,360
312,70000,BE22,Provincie Limburg,Wauters,359
312,70000,BE22,Provincie Limburg,Wevers,359
314,70000,BE22,Provincie Limburg,Konings,354
315,70000,BE22,Provincie Limburg,Ceulemans,353
316,70000,BE22,Provincie Limburg,Goyens,352
317,70000,BE22,Provincie Limburg,Leyssens,350
318,70000,BE22,Provincie Limburg,Didden,349
318,70000,BE22,Provincie Limburg,Renders,349
320,70000,BE22,Provincie Limburg,Thomas,348
321,70000,BE22,Provincie Limburg,Bastiaens,347
321,70000,BE22,Provincie Limburg,Knevels,347
321,70000,BE22,Provincie Limburg,Quintens,347
324,70000,BE22,Provincie Limburg,Baerts,346
325,70000,BE22,Provincie Limburg,Noben,345
326,70000,BE22,Provincie Limburg,Beliën,344
326,70000,BE22,Provincie Limburg,Laenen,344
328,70000,BE22,Provincie Limburg,Öztürk,343
329,70000,BE22,Provincie Limburg,Vanloffelt,342
330,70000,BE22,Provincie Limburg,Dubois,340
330,70000,BE22,Provincie Limburg,Surinx,340
330,70000,BE22,Provincie Limburg,Truyers,340
333,70000,BE22,Provincie Limburg,Vissers,339
334,70000,BE22,Provincie Limburg,Hensen,338
334,70000,BE22,Provincie Limburg,Pieters,338
336,70000,BE22,Provincie Limburg,Drijkoningen,337
336,70000,BE22,Provincie Limburg,Vanderlinden,337
338,70000,BE22,Provincie Limburg,Franssens,336
338,70000,BE22,Provincie Limburg,Theuwissen,336
338,70000,BE22,Provincie Limburg,Van Baelen,336
341,70000,BE22,Provincie Limburg,Coomans,333
342,70000,BE22,Provincie Limburg,Gerrits,332
343,70000,BE22,Provincie Limburg,Truyen,329
344,70000,BE22,Provincie Limburg,Loenders,328
344,70000,BE22,Provincie Limburg,Luyckx,328
344,70000,BE22,Provincie Limburg,Oyen,328
347,70000,BE22,Provincie Limburg,Philtjens,327
348,70000,BE22,Provincie Limburg,Dirix,326
348,70000,BE22,Provincie Limburg,Elsen,326
350,70000,BE22,Provincie Limburg,Bongaerts,325
350,70000,BE22,Provincie Limburg,Vandewal,325
350,70000,BE22,Provincie Limburg,Vanrusselt,325
350,70000,BE22,Provincie Limburg,Wynants,325
354,70000,BE22,Provincie Limburg,Hauben,324
354,70000,BE22,Provincie Limburg,Henkens,324
354,70000,BE22,Provincie Limburg,Slechten,324
357,70000,BE22,Provincie Limburg,Lauwers,323
358,70000,BE22,Provincie Limburg,Mondelaers,321
359,70000,BE22,Provincie Limburg,Boes,320
359,70000,BE22,Provincie Limburg,Droogmans,320
359,70000,BE22,Provincie Limburg,Vandijck,320
359,70000,BE22,Provincie Limburg,Weytjens,320
363,70000,BE22,Provincie Limburg,Hamers,319
363,70000,BE22,Provincie Limburg,Meekers,319
365,70000,BE22,Provincie Limburg,Berx,318
366,70000,BE22,Provincie Limburg,Bortels,317
366,70000,BE22,Provincie Limburg,Kwanten,317
368,70000,BE22,Provincie Limburg,Brepoels,316
368,70000,BE22,Provincie Limburg,Meurs,316
370,70000,BE22,Provincie Limburg,Geukens,315
371,70000,BE22,Provincie Limburg,Mentens,313
372,70000,BE22,Provincie Limburg,Liebens,311
372,70000,BE22,Provincie Limburg,Vandevelde,311
374,70000,BE22,Provincie Limburg,Castro,308
374,70000,BE22,Provincie Limburg,Meuwissen,308
376,70000,BE22,Provincie Limburg,Vreys,307
377,70000,BE22,Provincie Limburg,Heeren,305
378,70000,BE22,Provincie Limburg,Rogiers,304
378,70000,BE22,Provincie Limburg,Vanelderen,304
378,70000,BE22,Provincie Limburg,Venken,304
381,70000,BE22,Provincie Limburg,Kusters,303
381,70000,BE22,Provincie Limburg,Moens,303
381,70000,BE22,Provincie Limburg,Pinxten,303
381,70000,BE22,Provincie Limburg,Vanduffel,303
381,70000,BE22,Provincie Limburg,Vanroy,303
386,70000,BE22,Provincie Limburg,Aerden,302
386,70000,BE22,Provincie Limburg,Luts,302
386,70000,BE22,Provincie Limburg,Scheelen,302
389,70000,BE22,Provincie Limburg,Caubergh,301
389,70000,BE22,Provincie Limburg,Soors,301
391,70000,BE22,Provincie Limburg,Froyen,300
391,70000,BE22,Provincie Limburg,Paulussen,300
391,70000,BE22,Provincie Limburg,Vanmechelen,300
394,70000,BE22,Provincie Limburg,Caelen,299
394,70000,BE22,Provincie Limburg,Vandyck,299
394,70000,BE22,Provincie Limburg,Wuyts,299
397,70000,BE22,Provincie Limburg,Berisha,298
397,70000,BE22,Provincie Limburg,Windmolders,298
399,70000,BE22,Provincie Limburg,Crijns,297
400,70000,BE22,Provincie Limburg,Leten,296
401,70000,BE22,Provincie Limburg,Bas,295
401,70000,BE22,Provincie Limburg,Jackers,295
401,70000,BE22,Provincie Limburg,Meus,295
404,70000,BE22,Provincie Limburg,Driessen,294
405,70000,BE22,Provincie Limburg,Geens,293
405,70000,BE22,Provincie Limburg,Mangelschots,293
407,70000,BE22,Provincie Limburg,Awouters,292
407,70000,BE22,Provincie Limburg,Byloos,292
409,70000,BE22,Provincie Limburg,Croughs,291
409,70000,BE22,Provincie Limburg,Demirci,291
409,70000,BE22,Provincie Limburg,Lathouwers,291
409,70000,BE22,Provincie Limburg,Polat,291
413,70000,BE22,Provincie Limburg,Verlinden,290
414,70000,BE22,Provincie Limburg,Derwael,289
414,70000,BE22,Provincie Limburg,Geboers,289
414,70000,BE22,Provincie Limburg,Meeus,289
414,70000,BE22,Provincie Limburg,Snoeks,289
418,70000,BE22,Provincie Limburg,Verstappen,288
419,70000,BE22,Provincie Limburg,Baens,287
419,70000,BE22,Provincie Limburg,Boelen,287
419,70000,BE22,Provincie Limburg,Peetermans,287
419,70000,BE22,Provincie Limburg,Rubens,287
419,70000,BE22,Provincie Limburg,Vanaken,287
424,70000,BE22,Provincie Limburg,Clijsters,286
425,70000,BE22,Provincie Limburg,Schoefs,285
426,70000,BE22,Provincie Limburg,Knoops,284
426,70000,BE22,Provincie Limburg,Metten,284
428,70000,BE22,Provincie Limburg,Withofs,282
429,70000,BE22,Provincie Limburg,Sneyers,280
430,70000,BE22,Provincie Limburg,Verdonck,279
431,70000,BE22,Provincie Limburg,Dierckx,278
431,70000,BE22,Provincie Limburg,Princen,278
433,70000,BE22,Provincie Limburg,Boons,277
433,70000,BE22,Provincie Limburg,Mulders,277
435,70000,BE22,Provincie Limburg,Cleuren,276
435,70000,BE22,Provincie Limburg,Craeghs,276
435,70000,BE22,Provincie Limburg,Schoemans,276
435,70000,BE22,Provincie Limburg,Verbeeck,276
439,70000,BE22,Provincie Limburg,Bleus,275
440,70000,BE22,Provincie Limburg,Wagemans,274
441,70000,BE22,Provincie Limburg,Beelen,273
441,70000,BE22,Provincie Limburg,Vandevoort,273
443,70000,BE22,Provincie Limburg,Ballet,272
443,70000,BE22,Provincie Limburg,Feyen,272
445,70000,BE22,Provincie Limburg,Brans,271
445,70000,BE22,Provincie Limburg,Gaethofs,271
445,70000,BE22,Provincie Limburg,Santermans,271
445,70000,BE22,Provincie Limburg,Van Genechten,271
449,70000,BE22,Provincie Limburg,Bos,270
450,70000,BE22,Provincie Limburg,Reumers,268
451,70000,BE22,Provincie Limburg,Ceunen,267
451,70000,BE22,Provincie Limburg,Dries,267
451,70000,BE22,Provincie Limburg,Kurt,267
451,70000,BE22,Provincie Limburg,Maas,267
455,70000,BE22,Provincie Limburg,Doumen,265
455,70000,BE22,Provincie Limburg,Truyens,265
457,70000,BE22,Provincie Limburg,Heymans,263
458,70000,BE22,Provincie Limburg,Deferm,262
459,70000,BE22,Provincie Limburg,Bemelmans,261
459,70000,BE22,Provincie Limburg,Melotte,261
461,70000,BE22,Provincie Limburg,Bruninx,260
461,70000,BE22,Provincie Limburg,Schols,260
461,70000,BE22,Provincie Limburg,Vandeurzen,260
464,70000,BE22,Provincie Limburg,Lijnen,259
464,70000,BE22,Provincie Limburg,Mercken,259
466,70000,BE22,Provincie Limburg,Weckx,258
467,70000,BE22,Provincie Limburg,Hilven,257
467,70000,BE22,Provincie Limburg,Noels,257
469,70000,BE22,Provincie Limburg,Thaens,256
470,70000,BE22,Provincie Limburg,Diallo,255
470,70000,BE22,Provincie Limburg,Elen,255
470,70000,BE22,Provincie Limburg,Helsen,255
470,70000,BE22,Provincie Limburg,Stinkens,255
470,70000,BE22,Provincie Limburg,Vanvoorden,255
475,70000,BE22,Provincie Limburg,Leen,254
476,70000,BE22,Provincie Limburg,Henckens,253
476,70000,BE22,Provincie Limburg,Lieben,253
476,70000,BE22,Provincie Limburg,Vanwetswinkel,253
476,70000,BE22,Provincie Limburg,Vastmans,253
480,70000,BE22,Provincie Limburg,Bosch,251
481,70000,BE22,Provincie Limburg,Broeders,250
481,70000,BE22,Provincie Limburg,Gilis,250
483,70000,BE22,Provincie Limburg,Forier,249
483,70000,BE22,Provincie Limburg,Reniers,249
483,70000,BE22,Provincie Limburg,Vreven,249
486,70000,BE22,Provincie Limburg,Verheyden,248
486,70000,BE22,Provincie Limburg,Vervoort,248
488,70000,BE22,Provincie Limburg,Ahmed,247
488,70000,BE22,Provincie Limburg,Carmans,247
488,70000,BE22,Provincie Limburg,Monten,247
491,70000,BE22,Provincie Limburg,Dogan,246
491,70000,BE22,Provincie Limburg,Lucas,246
493,70000,BE22,Provincie Limburg,Valkeneers,245
494,70000,BE22,Provincie Limburg,Gelders,243
494,70000,BE22,Provincie Limburg,Linsen,243
494,70000,BE22,Provincie Limburg,Raemaekers,243
497,70000,BE22,Provincie Limburg,Morren,242
498,70000,BE22,Provincie Limburg,Baldewijns,241
498,70000,BE22,Provincie Limburg,Herbots,241
498,70000,BE22,Provincie Limburg,Pipeleers,241
498,70000,BE22,Provincie Limburg,Schurmans,241
502,70000,BE22,Provincie Limburg,Cops,240
503,70000,BE22,Provincie Limburg,Borgers,239
503,70000,BE22,Provincie Limburg,Goffin,239
503,70000,BE22,Provincie Limburg,Pellens,239
503,70000,BE22,Provincie Limburg,Yavuz,239
507,70000,BE22,Provincie Limburg,Baptist,238
507,70000,BE22,Provincie Limburg,Beyens,238
507,70000,BE22,Provincie Limburg,Kesters,238
510,70000,BE22,Provincie Limburg,Colla,237
510,70000,BE22,Provincie Limburg,Vandermaesen,237
510,70000,BE22,Provincie Limburg,Wilms,237
513,70000,BE22,Provincie Limburg,Coemans,236
513,70000,BE22,Provincie Limburg,Convents,236
513,70000,BE22,Provincie Limburg,Verslegers,236
516,70000,BE22,Provincie Limburg,Blokken,235
516,70000,BE22,Provincie Limburg,Broekx,235
516,70000,BE22,Provincie Limburg,Housen,235
516,70000,BE22,Provincie Limburg,Van Endert,235
520,70000,BE22,Provincie Limburg,Clerinx,234
520,70000,BE22,Provincie Limburg,Hurkmans,234
520,70000,BE22,Provincie Limburg,Robijns,234
520,70000,BE22,Provincie Limburg,Stouten,234
520,70000,BE22,Provincie Limburg,Vandekerkhof,234
525,70000,BE22,Provincie Limburg,Dillen,233
525,70000,BE22,Provincie Limburg,Meuwis,233
527,70000,BE22,Provincie Limburg,Drees,232
527,70000,BE22,Provincie Limburg,Erkens,232
527,70000,BE22,Provincie Limburg,Houtmeyers,232
527,70000,BE22,Provincie Limburg,Missotten,232
527,70000,BE22,Provincie Limburg,Snyers,232
532,70000,BE22,Provincie Limburg,Bertels,231
532,70000,BE22,Provincie Limburg,Geyskens,231
532,70000,BE22,Provincie Limburg,Haenen,231
532,70000,BE22,Provincie Limburg,Loix,231
532,70000,BE22,Provincie Limburg,Vanbuel,231
537,70000,BE22,Provincie Limburg,Beerden,230
537,70000,BE22,Provincie Limburg,Bernaerts,230
537,70000,BE22,Provincie Limburg,Jonckers,230
537,70000,BE22,Provincie Limburg,Vandereyt,230
541,70000,BE22,Provincie Limburg,Bleyen,229
541,70000,BE22,Provincie Limburg,Van Hoof,229
541,70000,BE22,Provincie Limburg,Vanormelingen,229
544,70000,BE22,Provincie Limburg,De Backer,228
544,70000,BE22,Provincie Limburg,Gaens,228
546,70000,BE22,Provincie Limburg,Dekens,227
546,70000,BE22,Provincie Limburg,Kilic,227
546,70000,BE22,Provincie Limburg,Schouterden,227
546,70000,BE22,Provincie Limburg,Sleurs,227
546,70000,BE22,Provincie Limburg,Vanderspikken,227
551,70000,BE22,Provincie Limburg,Alen,226
551,70000,BE22,Provincie Limburg,Avci,226
551,70000,BE22,Provincie Limburg,Jeuris,226
554,70000,BE22,Provincie Limburg,Dewit,225
555,70000,BE22,Provincie Limburg,Quanten,224
556,70000,BE22,Provincie Limburg,Boutsen,223
556,70000,BE22,Provincie Limburg,Grondelaers,223
556,70000,BE22,Provincie Limburg,Proesmans,223
559,70000,BE22,Provincie Limburg,Heyligen,222
559,70000,BE22,Provincie Limburg,Leemans,222
559,70000,BE22,Provincie Limburg,Verbeek,222
562,70000,BE22,Provincie Limburg,Reymen,221
562,70000,BE22,Provincie Limburg,Salden,221
564,70000,BE22,Provincie Limburg,Cornelis,220
564,70000,BE22,Provincie Limburg,Gielis,220
564,70000,BE22,Provincie Limburg,Voortmans,220
567,70000,BE22,Provincie Limburg,Philips,219
568,70000,BE22,Provincie Limburg,Casters,218
568,70000,BE22,Provincie Limburg,Celik,218
568,70000,BE22,Provincie Limburg,Habets,218
571,70000,BE22,Provincie Limburg,Geerits,217
571,70000,BE22,Provincie Limburg,Gielkens,217
571,70000,BE22,Provincie Limburg,Kara,217
571,70000,BE22,Provincie Limburg,Philippaerts,217
575,70000,BE22,Provincie Limburg,Colemont,216
575,70000,BE22,Provincie Limburg,Roggen,216
575,70000,BE22,Provincie Limburg,Vanheel,216
575,70000,BE22,Provincie Limburg,Verpoorten,216
575,70000,BE22,Provincie Limburg,Weltens,216
580,70000,BE22,Provincie Limburg,Damen,215
580,70000,BE22,Provincie Limburg,Hamal,215
580,70000,BE22,Provincie Limburg,Jannis,215
580,70000,BE22,Provincie Limburg,Schaeken,215
580,70000,BE22,Provincie Limburg,Stals,215
585,70000,BE22,Provincie Limburg,Creten,214
585,70000,BE22,Provincie Limburg,Pollaris,214
585,70000,BE22,Provincie Limburg,Van de Velde,214
585,70000,BE22,Provincie Limburg,Verbruggen,214
589,70000,BE22,Provincie Limburg,Adriaens,213
589,70000,BE22,Provincie Limburg,Boesmans,213
589,70000,BE22,Provincie Limburg,Leyssen,213
589,70000,BE22,Provincie Limburg,Poets,213
593,70000,BE22,Provincie Limburg,Can,212
593,70000,BE22,Provincie Limburg,Croonen,212
593,70000,BE22,Provincie Limburg,Croux,212
593,70000,BE22,Provincie Limburg,Dedroog,212
593,70000,BE22,Provincie Limburg,Jaenen,212
593,70000,BE22,Provincie Limburg,Oeyen,212
593,70000,BE22,Provincie Limburg,Symons,212
593,70000,BE22,Provincie Limburg,Van Hout,212
601,70000,BE22,Provincie Limburg,Ali,210
601,70000,BE22,Provincie Limburg,Evers,210
603,70000,BE22,Provincie Limburg,Switten,209
604,70000,BE22,Provincie Limburg,Bonneux,208
604,70000,BE22,Provincie Limburg,Boyen,208
604,70000,BE22,Provincie Limburg,Geerkens,208
604,70000,BE22,Provincie Limburg,Ozdemir,208
608,70000,BE22,Provincie Limburg,Aslan,207
608,70000,BE22,Provincie Limburg,Dalemans,207
608,70000,BE22,Provincie Limburg,Plevoets,207
608,70000,BE22,Provincie Limburg,Tielemans,207
608,70000,BE22,Provincie Limburg,Vroonen,207
613,70000,BE22,Provincie Limburg,Cetin,206
613,70000,BE22,Provincie Limburg,Deferme,206
613,70000,BE22,Provincie Limburg,Deprez,206
613,70000,BE22,Provincie Limburg,Vandezande,206
617,70000,BE22,Provincie Limburg,Dams,205
617,70000,BE22,Provincie Limburg,Hanssen,205
617,70000,BE22,Provincie Limburg,Nassen,205
617,70000,BE22,Provincie Limburg,Tans,205
617,70000,BE22,Provincie Limburg,Thewissen,205
622,70000,BE22,Provincie Limburg,Dexters,204
622,70000,BE22,Provincie Limburg,Faes,204
622,70000,BE22,Provincie Limburg,Meynen,204
622,70000,BE22,Provincie Limburg,Vanoirbeek,204
626,70000,BE22,Provincie Limburg,Sauwens,203
626,70000,BE22,Provincie Limburg,Vandewinkel,203
628,70000,BE22,Provincie Limburg,Buckinx,202
628,70000,BE22,Provincie Limburg,Dendas,202
630,70000,BE22,Provincie Limburg,Belmans,201
630,70000,BE22,Provincie Limburg,Habraken,201
630,70000,BE22,Provincie Limburg,Thielens,201
633,70000,BE22,Provincie Limburg,Nickmans,200
633,70000,BE22,Provincie Limburg,Poesen,200
633,70000,BE22,Provincie Limburg,Steyls,200
633,70000,BE22,Provincie Limburg,Vanderhoydonck,200
637,70000,BE22,Provincie Limburg,Gregoor,199
637,70000,BE22,Provincie Limburg,Meertens,199
637,70000,BE22,Provincie Limburg,Poncelet,199
637,70000,BE22,Provincie Limburg,Roox,199
637,70000,BE22,Provincie Limburg,Snellinx,199
642,70000,BE22,Provincie Limburg,Berger,198
642,70000,BE22,Provincie Limburg,Jehaes,198
642,70000,BE22,Provincie Limburg,Kuijpers,198
642,70000,BE22,Provincie Limburg,Simsek,198
642,70000,BE22,Provincie Limburg,Turan,198
647,70000,BE22,Provincie Limburg,Groven,197
647,70000,BE22,Provincie Limburg,Libens,197
647,70000,BE22,Provincie Limburg,Moesen,197
647,70000,BE22,Provincie Limburg,Pannemans,197
647,70000,BE22,Provincie Limburg,Severijns,197
647,70000,BE22,Provincie Limburg,Thijsen,197
653,70000,BE22,Provincie Limburg,Bruggen,196
653,70000,BE22,Provincie Limburg,Keunen,196
653,70000,BE22,Provincie Limburg,Maggen,196
653,70000,BE22,Provincie Limburg,Marx,196
653,70000,BE22,Provincie Limburg,Tielen,196
653,70000,BE22,Provincie Limburg,Wirix,196
659,70000,BE22,Provincie Limburg,Aendekerk,195
659,70000,BE22,Provincie Limburg,Alders,195
659,70000,BE22,Provincie Limburg,America,195
659,70000,BE22,Provincie Limburg,Brugmans,195
659,70000,BE22,Provincie Limburg,Clerix,195
659,70000,BE22,Provincie Limburg,Mommen,195
659,70000,BE22,Provincie Limburg,Roex,195
659,70000,BE22,Provincie Limburg,Spooren,195
659,70000,BE22,Provincie Limburg,Thomassen,195
668,70000,BE22,Provincie Limburg,Eyckmans,194
668,70000,BE22,Provincie Limburg,Hoeben,194
668,70000,BE22,Provincie Limburg,Parthoens,194
671,70000,BE22,Provincie Limburg,Breemans,193
671,70000,BE22,Provincie Limburg,Palmers,193
671,70000,BE22,Provincie Limburg,Vleugels,193
674,70000,BE22,Provincie Limburg,Dello,192
674,70000,BE22,Provincie Limburg,Dirckx,192
674,70000,BE22,Provincie Limburg,Gerets,192
674,70000,BE22,Provincie Limburg,Jeunen,192
678,70000,BE22,Provincie Limburg,Beutels,191
678,70000,BE22,Provincie Limburg,Driesmans,191
678,70000,BE22,Provincie Limburg,Keskin,191
678,70000,BE22,Provincie Limburg,Schiepers,191
678,70000,BE22,Provincie Limburg,Tits,191
678,70000,BE22,Provincie Limburg,Vandenborne,191
678,70000,BE22,Provincie Limburg,Vangerven,191
685,70000,BE22,Provincie Limburg,De Vos,189
685,70000,BE22,Provincie Limburg,Lipkens,189
685,70000,BE22,Provincie Limburg,Marchal,189
685,70000,BE22,Provincie Limburg,Meuris,189
685,70000,BE22,Provincie Limburg,Nivelle,189
690,70000,BE22,Provincie Limburg,Champagne,188
690,70000,BE22,Provincie Limburg,Habex,188
690,70000,BE22,Provincie Limburg,Jamar,188
690,70000,BE22,Provincie Limburg,Valkenborgh,188
690,70000,BE22,Provincie Limburg,Vanbaelen,188
695,70000,BE22,Provincie Limburg,Grauls,187
695,70000,BE22,Provincie Limburg,Hoogmartens,187
695,70000,BE22,Provincie Limburg,Liesens,187
695,70000,BE22,Provincie Limburg,Weerts,187
699,70000,BE22,Provincie Limburg,Hulsbosch,186
699,70000,BE22,Provincie Limburg,Kennes,186
699,70000,BE22,Provincie Limburg,Luys,186
699,70000,BE22,Provincie Limburg,Paumen,186
703,70000,BE22,Provincie Limburg,Fonteyn,185
703,70000,BE22,Provincie Limburg,Jooken,185
703,70000,BE22,Provincie Limburg,Lormans,185
703,70000,BE22,Provincie Limburg,Umans,185
707,70000,BE22,Provincie Limburg,Corvers,184
707,70000,BE22,Provincie Limburg,Lowet,184
707,70000,BE22,Provincie Limburg,Swijsen,184
707,70000,BE22,Provincie Limburg,Vandepoel,184
707,70000,BE22,Provincie Limburg,Vansimpsen,184
712,70000,BE22,Provincie Limburg,Franco,183
712,70000,BE22,Provincie Limburg,Freson,183
712,70000,BE22,Provincie Limburg,Gysen,183
712,70000,BE22,Provincie Limburg,Snoekx,183
712,70000,BE22,Provincie Limburg,Thijssen,183
717,70000,BE22,Provincie Limburg,Clerx,182
717,70000,BE22,Provincie Limburg,Tips,182
717,70000,BE22,Provincie Limburg,Van Broekhoven,182
717,70000,BE22,Provincie Limburg,Vanvinckenroye,182
721,70000,BE22,Provincie Limburg,Bellen,181
721,70000,BE22,Provincie Limburg,Buekers,181
721,70000,BE22,Provincie Limburg,Dilissen,181
721,70000,BE22,Provincie Limburg,Mariën,181
721,70000,BE22,Provincie Limburg,Molemans,181
721,70000,BE22,Provincie Limburg,Reweghs,181
727,70000,BE22,Provincie Limburg,Bocken,179
727,70000,BE22,Provincie Limburg,Box,179
727,70000,BE22,Provincie Limburg,Broekmans,179
727,70000,BE22,Provincie Limburg,Duran,179
727,70000,BE22,Provincie Limburg,Geenen,179
727,70000,BE22,Provincie Limburg,Schmitz,179
727,70000,BE22,Provincie Limburg,Stalmans,179
727,70000,BE22,Provincie Limburg,Vrijens,179
735,70000,BE22,Provincie Limburg,Lismont,178
735,70000,BE22,Provincie Limburg,Maurissen,178
735,70000,BE22,Provincie Limburg,Molenaers,178
735,70000,BE22,Provincie Limburg,Mussen,178
739,70000,BE22,Provincie Limburg,Crommen,177
739,70000,BE22,Provincie Limburg,Louwet,177
739,70000,BE22,Provincie Limburg,Van Samang,177
742,70000,BE22,Provincie Limburg,Bayraktar,176
742,70000,BE22,Provincie Limburg,Leenen,176
742,70000,BE22,Provincie Limburg,Leppens,176
742,70000,BE22,Provincie Limburg,Theuwis,176
746,70000,BE22,Provincie Limburg,De Wit,175
746,70000,BE22,Provincie Limburg,Mees,175
746,70000,BE22,Provincie Limburg,Mesotten,175
746,70000,BE22,Provincie Limburg,Opsteyn,175
746,70000,BE22,Provincie Limburg,Trippaers,175
746,70000,BE22,Provincie Limburg,Truijen,175
746,70000,BE22,Provincie Limburg,Wils,175
746,70000,BE22,Provincie Limburg,Zengin,175
746,70000,BE22,Provincie Limburg,van den Berg,175
755,70000,BE22,Provincie Limburg,Acar,174
755,70000,BE22,Provincie Limburg,Pulinx,174
757,70000,BE22,Provincie Limburg,Bussels,173
757,70000,BE22,Provincie Limburg,Buvens,173
757,70000,BE22,Provincie Limburg,Fabry,173
757,70000,BE22,Provincie Limburg,Feytons,173
757,70000,BE22,Provincie Limburg,Otten,173
757,70000,BE22,Provincie Limburg,Punie,173
757,70000,BE22,Provincie Limburg,Vanden Boer,173
764,70000,BE22,Provincie Limburg,Bomans,172
764,70000,BE22,Provincie Limburg,Colaers,172
764,70000,BE22,Provincie Limburg,Dessers,172
764,70000,BE22,Provincie Limburg,Diepvens,172
764,70000,BE22,Provincie Limburg,Krasniqi,172
764,70000,BE22,Provincie Limburg,Nies,172
764,70000,BE22,Provincie Limburg,Ruymen,172
764,70000,BE22,Provincie Limburg,Smeyers,172
772,70000,BE22,Provincie Limburg,Beets,171
772,70000,BE22,Provincie Limburg,Bellefroid,171
772,70000,BE22,Provincie Limburg,Berghmans,171
772,70000,BE22,Provincie Limburg,Brands,171
772,70000,BE22,Provincie Limburg,Delvaux,171
772,70000,BE22,Provincie Limburg,Fraussen,171
772,70000,BE22,Provincie Limburg,Karaca,171
772,70000,BE22,Provincie Limburg,Luyck,171
772,70000,BE22,Provincie Limburg,Straetemans,171
772,70000,BE22,Provincie Limburg,Vandecaetsbeek,171
772,70000,BE22,Provincie Limburg,Vanhoof,171
783,70000,BE22,Provincie Limburg,Clemens,170
783,70000,BE22,Provincie Limburg,Meesters,170
783,70000,BE22,Provincie Limburg,Pauly,170
783,70000,BE22,Provincie Limburg,Van Damme,170
787,70000,BE22,Provincie Limburg,Breugelmans,169
787,70000,BE22,Provincie Limburg,Daerden,169
787,70000,BE22,Provincie Limburg,Diels,169
787,70000,BE22,Provincie Limburg,Jehoul,169
787,70000,BE22,Provincie Limburg,Noelmans,169
787,70000,BE22,Provincie Limburg,Polders,169
787,70000,BE22,Provincie Limburg,Stockmans,169
794,70000,BE22,Provincie Limburg,Claassen,168
794,70000,BE22,Provincie Limburg,Coppens,168
794,70000,BE22,Provincie Limburg,Follon,168
794,70000,BE22,Provincie Limburg,Hellings,168
794,70000,BE22,Provincie Limburg,Kemps,168
794,70000,BE22,Provincie Limburg,Vandermeeren,168
794,70000,BE22,Provincie Limburg,Özcan,168
801,70000,BE22,Provincie Limburg,Bertrand,167
801,70000,BE22,Provincie Limburg,Ciftci,167
801,70000,BE22,Provincie Limburg,Hoeven,167
801,70000,BE22,Provincie Limburg,Jamers,167
801,70000,BE22,Provincie Limburg,Liefsoens,167
801,70000,BE22,Provincie Limburg,Manshoven,167
801,70000,BE22,Provincie Limburg,Roebben,167
801,70000,BE22,Provincie Limburg,Sleven,167
801,70000,BE22,Provincie Limburg,Stiers,167
810,70000,BE22,Provincie Limburg,Cuyx,166
810,70000,BE22,Provincie Limburg,Digneffe,166
810,70000,BE22,Provincie Limburg,Engels,166
810,70000,BE22,Provincie Limburg,Indeherberge,166
810,70000,BE22,Provincie Limburg,Koolen,166
810,70000,BE22,Provincie Limburg,Martin,166
810,70000,BE22,Provincie Limburg,Reijnders,166
810,70000,BE22,Provincie Limburg,Sannen,166
810,70000,BE22,Provincie Limburg,Sourbron,166
810,70000,BE22,Provincie Limburg,Unal,166
810,70000,BE22,Provincie Limburg,Vandersteegen,166
821,70000,BE22,Provincie Limburg,Breuls,165
821,70000,BE22,Provincie Limburg,Postelmans,165
821,70000,BE22,Provincie Limburg,Steyvers,165
821,70000,BE22,Provincie Limburg,Tilkin,165
821,70000,BE22,Provincie Limburg,Warson,165
826,70000,BE22,Provincie Limburg,Altintas,164
826,70000,BE22,Provincie Limburg,Appermont,164
826,70000,BE22,Provincie Limburg,Ponet,164
826,70000,BE22,Provincie Limburg,Terwingen,164
830,70000,BE22,Provincie Limburg,Damiaens,163
830,70000,BE22,Provincie Limburg,Fastré,163
830,70000,BE22,Provincie Limburg,Geypen,163
830,70000,BE22,Provincie Limburg,Leekens,163
830,70000,BE22,Provincie Limburg,Robben,163
830,70000,BE22,Provincie Limburg,Ruysen,163
830,70000,BE22,Provincie Limburg,Schoubben,163
830,70000,BE22,Provincie Limburg,Vandermeulen,163
830,70000,BE22,Provincie Limburg,Vanseer,163
839,70000,BE22,Provincie Limburg,Aussems,162
839,70000,BE22,Provincie Limburg,Berisa,162
839,70000,BE22,Provincie Limburg,Everts,162
839,70000,BE22,Provincie Limburg,Leenaers,162
839,70000,BE22,Provincie Limburg,Vanderhallen,162
839,70000,BE22,Provincie Limburg,Vuegen,162
839,70000,BE22,Provincie Limburg,Weyens,162
846,70000,BE22,Provincie Limburg,Asnong,161
846,70000,BE22,Provincie Limburg,Goessens,161
846,70000,BE22,Provincie Limburg,Pirard,161
846,70000,BE22,Provincie Limburg,Poel,161
850,70000,BE22,Provincie Limburg,Reggers,160
850,70000,BE22,Provincie Limburg,Renard,160
850,70000,BE22,Provincie Limburg,Weltjens,160
850,70000,BE22,Provincie Limburg,Werckx,160
850,70000,BE22,Provincie Limburg,Winten,160
855,70000,BE22,Provincie Limburg,Bellinkx,159
855,70000,BE22,Provincie Limburg,Bessemans,159
855,70000,BE22,Provincie Limburg,Cochet,159
855,70000,BE22,Provincie Limburg,Genné,159
855,70000,BE22,Provincie Limburg,Grieten,159
855,70000,BE22,Provincie Limburg,Mullens,159
855,70000,BE22,Provincie Limburg,Uzun,159
855,70000,BE22,Provincie Limburg,Verwimp,159
863,70000,BE22,Provincie Limburg,Comhair,158
863,70000,BE22,Provincie Limburg,Geerdens,158
863,70000,BE22,Provincie Limburg,Minten,158
866,70000,BE22,Provincie Limburg,Bayram,157
866,70000,BE22,Provincie Limburg,Craenen,157
866,70000,BE22,Provincie Limburg,Maessen,157
866,70000,BE22,Provincie Limburg,Meykens,157
866,70000,BE22,Provincie Limburg,Onkelinx,157
866,70000,BE22,Provincie Limburg,Persoons,157
866,70000,BE22,Provincie Limburg,Safi,157
866,70000,BE22,Provincie Limburg,Schils,157
866,70000,BE22,Provincie Limburg,Sterckx,157
875,70000,BE22,Provincie Limburg,Kessels,156
875,70000,BE22,Provincie Limburg,Nelis,156
875,70000,BE22,Provincie Limburg,Slenders,156
878,70000,BE22,Provincie Limburg,Ambroos,155
878,70000,BE22,Provincie Limburg,De Smet,155
878,70000,BE22,Provincie Limburg,Vanbilsen,155
878,70000,BE22,Provincie Limburg,Vandenbosch,155
882,70000,BE22,Provincie Limburg,Bijloos,154
882,70000,BE22,Provincie Limburg,Henderix,154
882,70000,BE22,Provincie Limburg,Mievis,154
882,70000,BE22,Provincie Limburg,Sevens,154
882,70000,BE22,Provincie Limburg,Tekin,154
882,70000,BE22,Provincie Limburg,Vanlaer,154
882,70000,BE22,Provincie Limburg,Verachtert,154
889,70000,BE22,Provincie Limburg,Kunnen,153
889,70000,BE22,Provincie Limburg,Schevenels,153
889,70000,BE22,Provincie Limburg,Snellings,153
889,70000,BE22,Provincie Limburg,Vandervoort,153
889,70000,BE22,Provincie Limburg,Vanmuysen,153
889,70000,BE22,Provincie Limburg,Vermeyen,153
895,70000,BE22,Provincie Limburg,Albert,152
895,70000,BE22,Provincie Limburg,Donders,152
895,70000,BE22,Provincie Limburg,Everaerts,152
895,70000,BE22,Provincie Limburg,Langens,152
895,70000,BE22,Provincie Limburg,Vertessen,152
900,70000,BE22,Provincie Limburg,Caerts,151
900,70000,BE22,Provincie Limburg,Fiddelaers,151
900,70000,BE22,Provincie Limburg,Graulus,151
900,70000,BE22,Provincie Limburg,Munters,151
900,70000,BE22,Provincie Limburg,Speelmans,151
900,70000,BE22,Provincie Limburg,Stegen,151
900,70000,BE22,Provincie Limburg,de Jong,151
907,70000,BE22,Provincie Limburg,Berckmans,150
907,70000,BE22,Provincie Limburg,Beusen,150
907,70000,BE22,Provincie Limburg,Beysen,150
907,70000,BE22,Provincie Limburg,Cielen,150
907,70000,BE22,Provincie Limburg,Conaert,150
907,70000,BE22,Provincie Limburg,Dekkers,150
907,70000,BE22,Provincie Limburg,Durmaz,150
907,70000,BE22,Provincie Limburg,Francis,150
907,70000,BE22,Provincie Limburg,Goorts,150
907,70000,BE22,Provincie Limburg,Heleven,150
907,70000,BE22,Provincie Limburg,Molenberghs,150
907,70000,BE22,Provincie Limburg,Raymakers,150
907,70000,BE22,Provincie Limburg,Vranckx,150
907,70000,BE22,Provincie Limburg,Yigit,150
921,70000,BE22,Provincie Limburg,Adams,149
921,70000,BE22,Provincie Limburg,Gevers,149
921,70000,BE22,Provincie Limburg,Meyssen,149
921,70000,BE22,Provincie Limburg,Mignolet,149
921,70000,BE22,Provincie Limburg,Stans,149
921,70000,BE22,Provincie Limburg,Vanschoenwinkel,149
927,70000,BE22,Provincie Limburg,Bergs,148
927,70000,BE22,Provincie Limburg,Indestege,148
927,70000,BE22,Provincie Limburg,Jolling,148
927,70000,BE22,Provincie Limburg,Nijsten,148
927,70000,BE22,Provincie Limburg,Ory,148
927,70000,BE22,Provincie Limburg,Van den Broeck,148
927,70000,BE22,Provincie Limburg,Vangronsveld,148
934,70000,BE22,Provincie Limburg,Peeten,147
935,70000,BE22,Provincie Limburg,Bangels,146
935,70000,BE22,Provincie Limburg,Carlens,146
935,70000,BE22,Provincie Limburg,Geeraerts,146
935,70000,BE22,Provincie Limburg,Huibers,146
935,70000,BE22,Provincie Limburg,Jame,146
935,70000,BE22,Provincie Limburg,Marien,146
935,70000,BE22,Provincie Limburg,Masset,146
942,70000,BE22,Provincie Limburg,Desair,145
942,70000,BE22,Provincie Limburg,Dullers,145
942,70000,BE22,Provincie Limburg,Moris,145
942,70000,BE22,Provincie Limburg,Reenaers,145
942,70000,BE22,Provincie Limburg,Vandereyken,145
947,70000,BE22,Provincie Limburg,Berkmans,144
947,70000,BE22,Provincie Limburg,Buteneers,144
947,70000,BE22,Provincie Limburg,Celen,144
947,70000,BE22,Provincie Limburg,Geladé,144
947,70000,BE22,Provincie Limburg,Hillen,144
947,70000,BE22,Provincie Limburg,Jamaer,144
947,70000,BE22,Provincie Limburg,Renaers,144
947,70000,BE22,Provincie Limburg,Smeulders,144
947,70000,BE22,Provincie Limburg,Zoons,144
956,70000,BE22,Provincie Limburg,Appeltants,143
956,70000,BE22,Provincie Limburg,Ceelen,143
956,70000,BE22,Provincie Limburg,Leysen,143
956,70000,BE22,Provincie Limburg,Loots,143
956,70000,BE22,Provincie Limburg,Maex,143
956,70000,BE22,Provincie Limburg,Meeuwissen,143
956,70000,BE22,Provincie Limburg,Stijnen,143
956,70000,BE22,Provincie Limburg,Vogels,143
964,70000,BE22,Provincie Limburg,Geysen,142
964,70000,BE22,Provincie Limburg,Leunen,142
964,70000,BE22,Provincie Limburg,Rabijns,142
964,70000,BE22,Provincie Limburg,Schepens,142
964,70000,BE22,Provincie Limburg,Schurgers,142
964,70000,BE22,Provincie Limburg,Vanden Eynde,142
964,70000,BE22,Provincie Limburg,Vanhengel,142
964,70000,BE22,Provincie Limburg,Welkenhuyzen,142
964,70000,BE22,Provincie Limburg,Willen,142
964,70000,BE22,Provincie Limburg,Wintmolders,142
974,70000,BE22,Provincie Limburg,Bekkers,141
974,70000,BE22,Provincie Limburg,Bruyninckx,141
974,70000,BE22,Provincie Limburg,Kums,141
974,70000,BE22,Provincie Limburg,Muermans,141
974,70000,BE22,Provincie Limburg,Toelen,141
974,70000,BE22,Provincie Limburg,Ubachs,141
980,70000,BE22,Provincie Limburg,Boussu,140
980,70000,BE22,Provincie Limburg,Froidmont,140
980,70000,BE22,Provincie Limburg,Grobben,140
980,70000,BE22,Provincie Limburg,Jongen,140
980,70000,BE22,Provincie Limburg,Oosterbosch,140
980,70000,BE22,Provincie Limburg,Pouls,140
980,70000,BE22,Provincie Limburg,Sas,140
980,70000,BE22,Provincie Limburg,Van Gestel,140
980,70000,BE22,Provincie Limburg,Van Gompel,140
980,70000,BE22,Provincie Limburg,Vandecruys,140
990,70000,BE22,Provincie Limburg,Caubergs,139
990,70000,BE22,Provincie Limburg,De Cock,139
990,70000,BE22,Provincie Limburg,Goffings,139
990,70000,BE22,Provincie Limburg,Leroi,139
990,70000,BE22,Provincie Limburg,Piette,139
990,70000,BE22,Provincie Limburg,Tosun,139
990,70000,BE22,Provincie Limburg,Van Dyck,139
990,70000,BE22,Provincie Limburg,Yüksel,139
998,70000,BE22,Provincie Limburg,De Bruyn,138
998,70000,BE22,Provincie Limburg,Groenen,138
998,70000,BE22,Provincie Limburg,Lammens,138
998,70000,BE22,Provincie Limburg,Schraeyen,138
1002,70000,BE22,Provincie Limburg,Aegten,137
1002,70000,BE22,Provincie Limburg,Ghijsens,137
1002,70000,BE22,Provincie Limburg,Hollanders,137
1002,70000,BE22,Provincie Limburg,Mustafa,137
1002,70000,BE22,Provincie Limburg,Neys,137
1002,70000,BE22,Provincie Limburg,Renckens,137
1002,70000,BE22,Provincie Limburg,Rombouts,137
1002,70000,BE22,Provincie Limburg,Thevissen,137
1002,70000,BE22,Provincie Limburg,Van den Eynde,137
1011,70000,BE22,Provincie Limburg,Beuls,136
1011,70000,BE22,Provincie Limburg,Dreessen,136
1011,70000,BE22,Provincie Limburg,Güngör,136
1011,70000,BE22,Provincie Limburg,Joos,136
1011,70000,BE22,Provincie Limburg,Kuipers,136
1011,70000,BE22,Provincie Limburg,Lekens,136
1011,70000,BE22,Provincie Limburg,Lens,136
1011,70000,BE22,Provincie Limburg,Peumans,136
1011,70000,BE22,Provincie Limburg,Van Esser,136
1011,70000,BE22,Provincie Limburg,Vanlingen,136
1011,70000,BE22,Provincie Limburg,Verlaak,136
1022,70000,BE22,Provincie Limburg,Beunckens,135
1022,70000,BE22,Provincie Limburg,Brems,135
1022,70000,BE22,Provincie Limburg,Doucet,135
1022,70000,BE22,Provincie Limburg,Essers,135
1022,70000,BE22,Provincie Limburg,Heynen,135
1022,70000,BE22,Provincie Limburg,Jammaers,135
1022,70000,BE22,Provincie Limburg,Klingeleers,135
1022,70000,BE22,Provincie Limburg,Lindekens,135
1022,70000,BE22,Provincie Limburg,Serdons,135
1022,70000,BE22,Provincie Limburg,Vandebriel,135
1022,70000,BE22,Provincie Limburg,Vandenreyt,135
1033,70000,BE22,Provincie Limburg,Brauns,134
1033,70000,BE22,Provincie Limburg,Frans,134
1033,70000,BE22,Provincie Limburg,Hex,134
1033,70000,BE22,Provincie Limburg,Lacroix,134
1033,70000,BE22,Provincie Limburg,Monnissen,134
1033,70000,BE22,Provincie Limburg,Mulkers,134
1033,70000,BE22,Provincie Limburg,Mutlu,134
1033,70000,BE22,Provincie Limburg,Soons,134
1033,70000,BE22,Provincie Limburg,Thuwis,134
1033,70000,BE22,Provincie Limburg,Vantilt,134
1043,70000,BE22,Provincie Limburg,Franken,133
1043,70000,BE22,Provincie Limburg,Gonnissen,133
1043,70000,BE22,Provincie Limburg,Hasevoets,133
1043,70000,BE22,Provincie Limburg,Leën,133
1043,70000,BE22,Provincie Limburg,Vandebrouck,133
1043,70000,BE22,Provincie Limburg,Wolters,133
1049,70000,BE22,Provincie Limburg,Biets,132
1049,70000,BE22,Provincie Limburg,Bullen,132
1049,70000,BE22,Provincie Limburg,Carremans,132
1049,70000,BE22,Provincie Limburg,Cinar,132
1049,70000,BE22,Provincie Limburg,Devos,132
1049,70000,BE22,Provincie Limburg,Ferson,132
1049,70000,BE22,Provincie Limburg,Heynickx,132
1049,70000,BE22,Provincie Limburg,Lambrix,132
1049,70000,BE22,Provincie Limburg,Paulus,132
1049,70000,BE22,Provincie Limburg,Pirotte,132
1049,70000,BE22,Provincie Limburg,Sampermans,132
1049,70000,BE22,Provincie Limburg,Wetzels,132
1049,70000,BE22,Provincie Limburg,van Dijk,132
1062,70000,BE22,Provincie Limburg,Baillien,131
1062,70000,BE22,Provincie Limburg,Eerlings,131
1062,70000,BE22,Provincie Limburg,Grommen,131
1062,70000,BE22,Provincie Limburg,Hamaekers,131
1062,70000,BE22,Provincie Limburg,Lievens,131
1062,70000,BE22,Provincie Limburg,Luykx,131
1062,70000,BE22,Provincie Limburg,Slootmaekers,131
1062,70000,BE22,Provincie Limburg,Vangenechten,131
1062,70000,BE22,Provincie Limburg,Vleeschouwers,131
1062,70000,BE22,Provincie Limburg,van den Broek,131
1072,70000,BE22,Provincie Limburg,Banken,130
1072,70000,BE22,Provincie Limburg,Breesch,130
1072,70000,BE22,Provincie Limburg,Caltabellotta,130
1072,70000,BE22,Provincie Limburg,De Raeve,130
1072,70000,BE22,Provincie Limburg,Diliën,130
1072,70000,BE22,Provincie Limburg,Huls,130
1072,70000,BE22,Provincie Limburg,Ignoul,130
1072,70000,BE22,Provincie Limburg,Kindermans,130
1072,70000,BE22,Provincie Limburg,Köse,130
1072,70000,BE22,Provincie Limburg,Schoenaers,130
1072,70000,BE22,Provincie Limburg,Schruers,130
1072,70000,BE22,Provincie Limburg,Stieners,130
1072,70000,BE22,Provincie Limburg,Vancraybex,130
1072,70000,BE22,Provincie Limburg,Vangansewinkel,130
1072,70000,BE22,Provincie Limburg,Veestraeten,130
1072,70000,BE22,Provincie Limburg,Vincken,130
1072,70000,BE22,Provincie Limburg,van den Heuvel,130
1089,70000,BE22,Provincie Limburg,Benaets,129
1089,70000,BE22,Provincie Limburg,Klaps,129
1089,70000,BE22,Provincie Limburg,Kumpen,129
1089,70000,BE22,Provincie Limburg,Lenders,129
1089,70000,BE22,Provincie Limburg,Schabon,129
1089,70000,BE22,Provincie Limburg,Van Helden,129
1089,70000,BE22,Provincie Limburg,Welkenhuysen,129
1089,70000,BE22,Provincie Limburg,Westhovens,129
1097,70000,BE22,Provincie Limburg,Belien,128
1097,70000,BE22,Provincie Limburg,Bours,128
1097,70000,BE22,Provincie Limburg,De Smedt,128
1097,70000,BE22,Provincie Limburg,Gressens,128
1097,70000,BE22,Provincie Limburg,Knippenberg,128
1097,70000,BE22,Provincie Limburg,Kreemers,128
1097,70000,BE22,Provincie Limburg,Ozcan,128
1097,70000,BE22,Provincie Limburg,Stappers,128
1105,70000,BE22,Provincie Limburg,Christoffels,127
1105,70000,BE22,Provincie Limburg,Hasan,127
1105,70000,BE22,Provincie Limburg,Lenssen,127
1105,70000,BE22,Provincie Limburg,Noblesse,127
1105,70000,BE22,Provincie Limburg,Quintiens,127
1105,70000,BE22,Provincie Limburg,Snijkers,127
1105,70000,BE22,Provincie Limburg,Van Erum,127
1105,70000,BE22,Provincie Limburg,Wuytens,127
1113,70000,BE22,Provincie Limburg,Akkermans,126
1113,70000,BE22,Provincie Limburg,Anthonissen,126
1113,70000,BE22,Provincie Limburg,Boiten,126
1113,70000,BE22,Provincie Limburg,Cams,126
1113,70000,BE22,Provincie Limburg,Claeys,126
1113,70000,BE22,Provincie Limburg,Kersten,126
1113,70000,BE22,Provincie Limburg,Op 't Eynde,126
1113,70000,BE22,Provincie Limburg,Sillen,126
1113,70000,BE22,Provincie Limburg,Van Roy,126
1113,70000,BE22,Provincie Limburg,Van Vlierden,126
1113,70000,BE22,Provincie Limburg,Vanschoonbeek,126
1124,70000,BE22,Provincie Limburg,Andries,125
1124,70000,BE22,Provincie Limburg,Bartels,125
1124,70000,BE22,Provincie Limburg,Bruyninx,125
1124,70000,BE22,Provincie Limburg,De Coster,125
1124,70000,BE22,Provincie Limburg,Koopmans,125
1124,70000,BE22,Provincie Limburg,Potargent,125
1124,70000,BE22,Provincie Limburg,Silkens,125
1124,70000,BE22,Provincie Limburg,Slangen,125
1124,70000,BE22,Provincie Limburg,Struys,125
1124,70000,BE22,Provincie Limburg,Vanhemel,125
1124,70000,BE22,Provincie Limburg,Vanhex,125
1124,70000,BE22,Provincie Limburg,Vanlook,125
1124,70000,BE22,Provincie Limburg,Weyen,125
1137,70000,BE22,Provincie Limburg,Bobbaers,124
1137,70000,BE22,Provincie Limburg,Boets,124
1137,70000,BE22,Provincie Limburg,Corten,124
1137,70000,BE22,Provincie Limburg,Dreezen,124
1137,70000,BE22,Provincie Limburg,Gashi,124
1137,70000,BE22,Provincie Limburg,Geers,124
1137,70000,BE22,Provincie Limburg,Hoekx,124
1137,70000,BE22,Provincie Limburg,Mantels,124
1137,70000,BE22,Provincie Limburg,Rouffa,124
1137,70000,BE22,Provincie Limburg,Stessens,124
1137,70000,BE22,Provincie Limburg,Vanbockryck,124
1137,70000,BE22,Provincie Limburg,Vanderaerden,124
1137,70000,BE22,Provincie Limburg,Vanholst,124
1137,70000,BE22,Provincie Limburg,Vanmol,124
1137,70000,BE22,Provincie Limburg,Verbakel,124
1137,70000,BE22,Provincie Limburg,Verbiest,124
1137,70000,BE22,Provincie Limburg,Vromans,124
1154,70000,BE22,Provincie Limburg,Bams,123
1154,70000,BE22,Provincie Limburg,Cypers,123
1154,70000,BE22,Provincie Limburg,Flipkens,123
1154,70000,BE22,Provincie Limburg,Iven,123
1154,70000,BE22,Provincie Limburg,Jacques,123
1154,70000,BE22,Provincie Limburg,Korkmaz,123
1154,70000,BE22,Provincie Limburg,Lambrigts,123
1154,70000,BE22,Provincie Limburg,Mechelmans,123
1154,70000,BE22,Provincie Limburg,Monard,123
1154,70000,BE22,Provincie Limburg,Poels,123
1154,70000,BE22,Provincie Limburg,Russo,123
1154,70000,BE22,Provincie Limburg,Soylu,123
1154,70000,BE22,Provincie Limburg,Uysal,123
1154,70000,BE22,Provincie Limburg,Van Herck,123
1154,70000,BE22,Provincie Limburg,Vanbergen,123
1169,70000,BE22,Provincie Limburg,Berghs,122
1169,70000,BE22,Provincie Limburg,Gebruers,122
1169,70000,BE22,Provincie Limburg,Geys,122
1169,70000,BE22,Provincie Limburg,Leynen,122
1169,70000,BE22,Provincie Limburg,Loyen,122
1169,70000,BE22,Provincie Limburg,Raets,122
1169,70000,BE22,Provincie Limburg,Ruyters,122
1169,70000,BE22,Provincie Limburg,Teuwen,122
1169,70000,BE22,Provincie Limburg,Vanhout,122
1169,70000,BE22,Provincie Limburg,Vanleeuw,122
1169,70000,BE22,Provincie Limburg,Vanswijgenhoven,122
1180,70000,BE22,Provincie Limburg,Aydemir,121
1180,70000,BE22,Provincie Limburg,Clerckx,121
1180,70000,BE22,Provincie Limburg,Ghysens,121
1180,70000,BE22,Provincie Limburg,Jonkers,121
1180,70000,BE22,Provincie Limburg,Keymis,121
1180,70000,BE22,Provincie Limburg,Leeten,121
1180,70000,BE22,Provincie Limburg,Lelièvre,121
1180,70000,BE22,Provincie Limburg,Loomans,121
1180,70000,BE22,Provincie Limburg,Melis,121
1180,70000,BE22,Provincie Limburg,Noukens,121
1180,70000,BE22,Provincie Limburg,Pluymers,121
1180,70000,BE22,Provincie Limburg,Van Hove,121
1180,70000,BE22,Provincie Limburg,Vanherf,121
1193,70000,BE22,Provincie Limburg,Altun,120
1193,70000,BE22,Provincie Limburg,Beerts,120
1193,70000,BE22,Provincie Limburg,Bens,120
1193,70000,BE22,Provincie Limburg,Horemans,120
1193,70000,BE22,Provincie Limburg,Lafosse,120
1193,70000,BE22,Provincie Limburg,Mehmed,120
1193,70000,BE22,Provincie Limburg,Michels,120
1193,70000,BE22,Provincie Limburg,Miermans,120
1193,70000,BE22,Provincie Limburg,Schonkeren,120
1193,70000,BE22,Provincie Limburg,Sels,120
1193,70000,BE22,Provincie Limburg,Spreuwers,120
1193,70000,BE22,Provincie Limburg,Van Bommel,120
1193,70000,BE22,Provincie Limburg,Van de Weyer,120
1193,70000,BE22,Provincie Limburg,Vandersanden,120
1193,70000,BE22,Provincie Limburg,Vanhelden,120
1193,70000,BE22,Provincie Limburg,Vanthoor,120
1193,70000,BE22,Provincie Limburg,Vercammen,120
1193,70000,BE22,Provincie Limburg,de Vries,120
1211,70000,BE22,Provincie Limburg,Boffin,119
1211,70000,BE22,Provincie Limburg,Caenen,119
1211,70000,BE22,Provincie Limburg,Cardeynaels,119
1211,70000,BE22,Provincie Limburg,Ceustermans,119
1211,70000,BE22,Provincie Limburg,Cloesen,119
1211,70000,BE22,Provincie Limburg,Coopmans,119
1211,70000,BE22,Provincie Limburg,Erna,119
1211,70000,BE22,Provincie Limburg,Kiliç,119
1211,70000,BE22,Provincie Limburg,Maenen,119
1211,70000,BE22,Provincie Limburg,Mert,119
1211,70000,BE22,Provincie Limburg,Opdenakker,119
1211,70000,BE22,Provincie Limburg,Polus,119
1211,70000,BE22,Provincie Limburg,Van Briel,119
1211,70000,BE22,Provincie Limburg,Vandervelden,119
1211,70000,BE22,Provincie Limburg,Vandevoordt,119
1226,70000,BE22,Provincie Limburg,Bronckaers,118
1226,70000,BE22,Provincie Limburg,Fontaine,118
1226,70000,BE22,Provincie Limburg,Güler,118
1226,70000,BE22,Provincie Limburg,Leduc,118
1226,70000,BE22,Provincie Limburg,Mellemans,118
1226,70000,BE22,Provincie Limburg,Paesmans,118
1226,70000,BE22,Provincie Limburg,Remels,118
1226,70000,BE22,Provincie Limburg,Sari,118
1226,70000,BE22,Provincie Limburg,Schalley,118
1226,70000,BE22,Provincie Limburg,Vandenhoudt,118
1226,70000,BE22,Provincie Limburg,Vanderhoven,118
1237,70000,BE22,Provincie Limburg,Carolus,117
1237,70000,BE22,Provincie Limburg,Claus,117
1237,70000,BE22,Provincie Limburg,Hertogs,117
1237,70000,BE22,Provincie Limburg,Kaerts,117
1237,70000,BE22,Provincie Limburg,Keppens,117
1237,70000,BE22,Provincie Limburg,Kerfs,117
1237,70000,BE22,Provincie Limburg,Kiggen,117
1237,70000,BE22,Provincie Limburg,Pirens,117
1237,70000,BE22,Provincie Limburg,Plas,117
1237,70000,BE22,Provincie Limburg,Reyners,117
1237,70000,BE22,Provincie Limburg,Vannoppen,117
1248,70000,BE22,Provincie Limburg,Aarts,116
1248,70000,BE22,Provincie Limburg,Arits,116
1248,70000,BE22,Provincie Limburg,Caris,116
1248,70000,BE22,Provincie Limburg,Copermans,116
1248,70000,BE22,Provincie Limburg,Geris,116
1248,70000,BE22,Provincie Limburg,Palmaers,116
1248,70000,BE22,Provincie Limburg,Van Ham,116
1248,70000,BE22,Provincie Limburg,Van den Bergh,116
1248,70000,BE22,Provincie Limburg,Vanheukelom,116
1248,70000,BE22,Provincie Limburg,Vanlessen,116
1258,70000,BE22,Provincie Limburg,Buelens,115
1258,70000,BE22,Provincie Limburg,De Keyser,115
1258,70000,BE22,Provincie Limburg,Degens,115
1258,70000,BE22,Provincie Limburg,Geutjens,115
1258,70000,BE22,Provincie Limburg,Hoydonckx,115
1258,70000,BE22,Provincie Limburg,Lambrighs,115
1258,70000,BE22,Provincie Limburg,Odeurs,115
1258,70000,BE22,Provincie Limburg,Pellaers,115
1258,70000,BE22,Provincie Limburg,Van Roey,115
1258,70000,BE22,Provincie Limburg,Vandersteen,115
1258,70000,BE22,Provincie Limburg,Vankrunkelsven,115
1258,70000,BE22,Provincie Limburg,Wanten,115
1270,70000,BE22,Provincie Limburg,Huskens,114
1270,70000,BE22,Provincie Limburg,Knops,114
1270,70000,BE22,Provincie Limburg,Snijders,114
1270,70000,BE22,Provincie Limburg,Van Asten,114
1270,70000,BE22,Provincie Limburg,Van Dingenen,114
1270,70000,BE22,Provincie Limburg,Verhaegen,114
1276,70000,BE22,Provincie Limburg,Baerten,113
1276,70000,BE22,Provincie Limburg,Dingenen,113
1276,70000,BE22,Provincie Limburg,Exelmans,113
1276,70000,BE22,Provincie Limburg,Lodewijckx,113
1276,70000,BE22,Provincie Limburg,Meermans,113
1276,70000,BE22,Provincie Limburg,Murat,113
1276,70000,BE22,Provincie Limburg,Schops,113
1276,70000,BE22,Provincie Limburg,Snoeckx,113
1276,70000,BE22,Provincie Limburg,Van Bael,113
1276,70000,BE22,Provincie Limburg,van der Heijden,113
1286,70000,BE22,Provincie Limburg,Blocken,112
1286,70000,BE22,Provincie Limburg,Broeckx,112
1286,70000,BE22,Provincie Limburg,Brulmans,112
1286,70000,BE22,Provincie Limburg,De Ridder,112
1286,70000,BE22,Provincie Limburg,Demirel,112
1286,70000,BE22,Provincie Limburg,Drieskens,112
1286,70000,BE22,Provincie Limburg,Indekeu,112
1286,70000,BE22,Provincie Limburg,Latet,112
1286,70000,BE22,Provincie Limburg,Neuteleers,112
1286,70000,BE22,Provincie Limburg,Rochus,112
1286,70000,BE22,Provincie Limburg,Selis,112
1286,70000,BE22,Provincie Limburg,Simenon,112
1286,70000,BE22,Provincie Limburg,Van Rompaey,112
1286,70000,BE22,Provincie Limburg,Vanderstukken,112
1286,70000,BE22,Provincie Limburg,Verheijen,112
1301,70000,BE22,Provincie Limburg,Cupers,111
1301,70000,BE22,Provincie Limburg,Denier,111
1301,70000,BE22,Provincie Limburg,Eren,111
1301,70000,BE22,Provincie Limburg,Hanegreefs,111
1301,70000,BE22,Provincie Limburg,Hannes,111
1301,70000,BE22,Provincie Limburg,Hellinx,111
1301,70000,BE22,Provincie Limburg,Leinders,111
1301,70000,BE22,Provincie Limburg,Orens,111
1301,70000,BE22,Provincie Limburg,Pauls,111
1301,70000,BE22,Provincie Limburg,Quetin,111
1301,70000,BE22,Provincie Limburg,Reynaerts,111
1301,70000,BE22,Provincie Limburg,Schepkens,111
1301,70000,BE22,Provincie Limburg,Vandebergh,111
1301,70000,BE22,Provincie Limburg,Vanharen,111
1301,70000,BE22,Provincie Limburg,Vanlommel,111
1301,70000,BE22,Provincie Limburg,Vanmarsenille,111
1317,70000,BE22,Provincie Limburg,Ay,110
1317,70000,BE22,Provincie Limburg,Brusselaers,110
1317,70000,BE22,Provincie Limburg,Jannes,110
1317,70000,BE22,Provincie Limburg,Nijst,110
1317,70000,BE22,Provincie Limburg,Noens,110
1317,70000,BE22,Provincie Limburg,Roumans,110
1317,70000,BE22,Provincie Limburg,Trekels,110
1317,70000,BE22,Provincie Limburg,Vaelen,110
1317,70000,BE22,Provincie Limburg,Vanbriel,110
1326,70000,BE22,Provincie Limburg,Beertens,109
1326,70000,BE22,Provincie Limburg,Broers,109
1326,70000,BE22,Provincie Limburg,Coskun,109
1326,70000,BE22,Provincie Limburg,Kauffmann,109
1326,70000,BE22,Provincie Limburg,Kimpen,109
1326,70000,BE22,Provincie Limburg,Lamers,109
1326,70000,BE22,Provincie Limburg,Lodewyckx,109
1326,70000,BE22,Provincie Limburg,Raeymaekers,109
1326,70000,BE22,Provincie Limburg,Spaas,109
1326,70000,BE22,Provincie Limburg,Vanderhoydonks,109
1326,70000,BE22,Provincie Limburg,Vannitsen,109
1326,70000,BE22,Provincie Limburg,Wissels,109
1338,70000,BE22,Provincie Limburg,Aksoy,108
1338,70000,BE22,Provincie Limburg,Bergen,108
1338,70000,BE22,Provincie Limburg,Braekers,108
1338,70000,BE22,Provincie Limburg,Chen,108
1338,70000,BE22,Provincie Limburg,Coumans,108
1338,70000,BE22,Provincie Limburg,Erdogan,108
1338,70000,BE22,Provincie Limburg,Lemoine,108
1338,70000,BE22,Provincie Limburg,Lodewijks,108
1338,70000,BE22,Provincie Limburg,Massa,108
1338,70000,BE22,Provincie Limburg,Merola,108
1338,70000,BE22,Provincie Limburg,Michielsen,108
1338,70000,BE22,Provincie Limburg,Royen,108
1338,70000,BE22,Provincie Limburg,Stroobants,108
1338,70000,BE22,Provincie Limburg,Triekels,108
1338,70000,BE22,Provincie Limburg,Van Dael,108
1338,70000,BE22,Provincie Limburg,Vanduren,108
1338,70000,BE22,Provincie Limburg,Vanempten,108
1338,70000,BE22,Provincie Limburg,Vansweevelt,108
1338,70000,BE22,Provincie Limburg,Vanvelthoven,108
1357,70000,BE22,Provincie Limburg,Boogaerts,107
1357,70000,BE22,Provincie Limburg,Boosten,107
1357,70000,BE22,Provincie Limburg,Bussé,107
1357,70000,BE22,Provincie Limburg,Frederickx,107
1357,70000,BE22,Provincie Limburg,Güney,107
1357,70000,BE22,Provincie Limburg,Hubrechts,107
1357,70000,BE22,Provincie Limburg,Karatas,107
1357,70000,BE22,Provincie Limburg,Pepels,107
1357,70000,BE22,Provincie Limburg,Sijbers,107
1357,70000,BE22,Provincie Limburg,Thewis,107
1357,70000,BE22,Provincie Limburg,Van Eygen,107
1357,70000,BE22,Provincie Limburg,Vanesch,107
1369,70000,BE22,Provincie Limburg,Alaerts,106
1369,70000,BE22,Provincie Limburg,Beckx,106
1369,70000,BE22,Provincie Limburg,Cakir,106
1369,70000,BE22,Provincie Limburg,Collas,106
1369,70000,BE22,Provincie Limburg,Davids,106
1369,70000,BE22,Provincie Limburg,François,106
1369,70000,BE22,Provincie Limburg,Ghoos,106
1369,70000,BE22,Provincie Limburg,Heselmans,106
1369,70000,BE22,Provincie Limburg,Holsteens,106
1369,70000,BE22,Provincie Limburg,Huygens,106
1369,70000,BE22,Provincie Limburg,Leroy,106
1369,70000,BE22,Provincie Limburg,Oben,106
1369,70000,BE22,Provincie Limburg,Ritzen,106
1369,70000,BE22,Provincie Limburg,Siborgs,106
1369,70000,BE22,Provincie Limburg,Vanstreels,106
1384,70000,BE22,Provincie Limburg,Coninckx,105
1384,70000,BE22,Provincie Limburg,Cuijpers,105
1384,70000,BE22,Provincie Limburg,Degraen,105
1384,70000,BE22,Provincie Limburg,Dieu,105
1384,70000,BE22,Provincie Limburg,Guisson,105
1384,70000,BE22,Provincie Limburg,Kahraman,105
1384,70000,BE22,Provincie Limburg,Lehaen,105
1384,70000,BE22,Provincie Limburg,Liberloo,105
1384,70000,BE22,Provincie Limburg,Myny,105
1384,70000,BE22,Provincie Limburg,Steukers,105
1384,70000,BE22,Provincie Limburg,Tijskens,105
1384,70000,BE22,Provincie Limburg,Van den Heuvel,105
1384,70000,BE22,Provincie Limburg,Vanderheiden,105
1384,70000,BE22,Provincie Limburg,Verbeemen,105
1384,70000,BE22,Provincie Limburg,Vinken,105
1399,70000,BE22,Provincie Limburg,Aras,104
1399,70000,BE22,Provincie Limburg,Ilsbroux,104
1399,70000,BE22,Provincie Limburg,Lemaire,104
1399,70000,BE22,Provincie Limburg,Nullens,104
1399,70000,BE22,Provincie Limburg,Schoubs,104
1399,70000,BE22,Provincie Limburg,Sen,104
1399,70000,BE22,Provincie Limburg,Servaes,104
1399,70000,BE22,Provincie Limburg,Valkenborg,104
1399,70000,BE22,Provincie Limburg,Vangrieken,104
1399,70000,BE22,Provincie Limburg,Verbraeken,104
1399,70000,BE22,Provincie Limburg,Zeelmaekers,104
1410,70000,BE22,Provincie Limburg,Abeels,103
1410,70000,BE22,Provincie Limburg,Aksu,103
1410,70000,BE22,Provincie Limburg,Caers,103
1410,70000,BE22,Provincie Limburg,Kaplan,103
1410,70000,BE22,Provincie Limburg,Loverix,103
1410,70000,BE22,Provincie Limburg,Noten,103
1410,70000,BE22,Provincie Limburg,Philippe,103
1410,70000,BE22,Provincie Limburg,Rayen,103
1410,70000,BE22,Provincie Limburg,Sacré,103
1410,70000,BE22,Provincie Limburg,Tilmans,103
1410,70000,BE22,Provincie Limburg,Vandereycken,103
1410,70000,BE22,Provincie Limburg,Vlekken,103
1422,70000,BE22,Provincie Limburg,Ceylan,102
1422,70000,BE22,Provincie Limburg,Erol,102
1422,70000,BE22,Provincie Limburg,Laeremans,102
1422,70000,BE22,Provincie Limburg,Lavreysen,102
1422,70000,BE22,Provincie Limburg,Op de Beeck,102
1422,70000,BE22,Provincie Limburg,Pelssers,102
1422,70000,BE22,Provincie Limburg,Schoels,102
1422,70000,BE22,Provincie Limburg,Wertelaers,102
1422,70000,BE22,Provincie Limburg,Ünal,102
1431,70000,BE22,Provincie Limburg,Aydogan,101
1431,70000,BE22,Provincie Limburg,Claeskens,101
1431,70000,BE22,Provincie Limburg,De Clercq,101
1431,70000,BE22,Provincie Limburg,Degreef,101
1431,70000,BE22,Provincie Limburg,Dehasque,101
1431,70000,BE22,Provincie Limburg,Delwiche,101
1431,70000,BE22,Provincie Limburg,Elmas,101
1431,70000,BE22,Provincie Limburg,Lynen,101
1431,70000,BE22,Provincie Limburg,Thoné,101
1431,70000,BE22,Provincie Limburg,Vanderbiesen,101
1431,70000,BE22,Provincie Limburg,Vanherk,101
1431,70000,BE22,Provincie Limburg,Verduyckt,101
1431,70000,BE22,Provincie Limburg,Vuerstaek,101
1431,70000,BE22,Provincie Limburg,Waelbers,101
1445,70000,BE22,Provincie Limburg,Bah,100
1445,70000,BE22,Provincie Limburg,Caliskan,100
1445,70000,BE22,Provincie Limburg,Dag,100
1445,70000,BE22,Provincie Limburg,Ector,100
1445,70000,BE22,Provincie Limburg,Emonds,100
1445,70000,BE22,Provincie Limburg,Isci,100
1445,70000,BE22,Provincie Limburg,Ismail,100
1445,70000,BE22,Provincie Limburg,Merlo,100
1445,70000,BE22,Provincie Limburg,Piccard,100
1445,70000,BE22,Provincie Limburg,Rademakers,100
1445,70000,BE22,Provincie Limburg,Schaekers,100
1445,70000,BE22,Provincie Limburg,Teppers,100
1445,70000,BE22,Provincie Limburg,Valkeners,100
1445,70000,BE22,Provincie Limburg,Vermeire,100
1445,70000,BE22,Provincie Limburg,Wilmots,100
1,40000,BE23,Provincie Oost-Vlaanderen,De Smet,"7,316"
2,40000,BE23,Provincie Oost-Vlaanderen,De Clercq,"5,783"
3,40000,BE23,Provincie Oost-Vlaanderen,Maes,"5,697"
4,40000,BE23,Provincie Oost-Vlaanderen,Van Damme,"5,115"
5,40000,BE23,Provincie Oost-Vlaanderen,De Vos,"4,525"
6,40000,BE23,Provincie Oost-Vlaanderen,Janssens,"4,249"
7,40000,BE23,Provincie Oost-Vlaanderen,Van de Velde,"3,947"
8,40000,BE23,Provincie Oost-Vlaanderen,De Wilde,"3,899"
9,40000,BE23,Provincie Oost-Vlaanderen,Smet,"3,827"
10,40000,BE23,Provincie Oost-Vlaanderen,Goossens,"3,700"
11,40000,BE23,Provincie Oost-Vlaanderen,Coppens,"3,653"
12,40000,BE23,Provincie Oost-Vlaanderen,Claeys,"3,623"
13,40000,BE23,Provincie Oost-Vlaanderen,De Cock,"3,484"
14,40000,BE23,Provincie Oost-Vlaanderen,De Backer,"3,437"
15,40000,BE23,Provincie Oost-Vlaanderen,Vermeulen,"3,380"
16,40000,BE23,Provincie Oost-Vlaanderen,Martens,"3,300"
17,40000,BE23,Provincie Oost-Vlaanderen,Willems,"3,179"
18,40000,BE23,Provincie Oost-Vlaanderen,De Meyer,"2,991"
19,40000,BE23,Provincie Oost-Vlaanderen,Pauwels,"2,963"
20,40000,BE23,Provincie Oost-Vlaanderen,De Pauw,"2,959"
21,40000,BE23,Provincie Oost-Vlaanderen,Van Hecke,"2,807"
22,40000,BE23,Provincie Oost-Vlaanderen,Bauwens,"2,578"
23,40000,BE23,Provincie Oost-Vlaanderen,Van den Bossche,"2,468"
24,40000,BE23,Provincie Oost-Vlaanderen,De Bock,"2,464"
25,40000,BE23,Provincie Oost-Vlaanderen,Bogaert,"2,379"
26,40000,BE23,Provincie Oost-Vlaanderen,Mertens,"2,371"
27,40000,BE23,Provincie Oost-Vlaanderen,De Groote,"2,370"
28,40000,BE23,Provincie Oost-Vlaanderen,Van Acker,"2,332"
29,40000,BE23,Provincie Oost-Vlaanderen,Vercauteren,"2,302"
30,40000,BE23,Provincie Oost-Vlaanderen,Pieters,"2,280"
31,40000,BE23,Provincie Oost-Vlaanderen,Baert,"2,265"
32,40000,BE23,Provincie Oost-Vlaanderen,De Waele,"2,231"
33,40000,BE23,Provincie Oost-Vlaanderen,Stevens,"2,219"
34,40000,BE23,Provincie Oost-Vlaanderen,Roels,"2,185"
35,40000,BE23,Provincie Oost-Vlaanderen,De Smedt,"2,175"
36,40000,BE23,Provincie Oost-Vlaanderen,Wauters,"2,127"
37,40000,BE23,Provincie Oost-Vlaanderen,De Ridder,"2,108"
38,40000,BE23,Provincie Oost-Vlaanderen,Temmerman,"2,079"
39,40000,BE23,Provincie Oost-Vlaanderen,Moens,"2,069"
40,40000,BE23,Provincie Oost-Vlaanderen,Bracke,"2,032"
41,40000,BE23,Provincie Oost-Vlaanderen,Jacobs,"2,027"
42,40000,BE23,Provincie Oost-Vlaanderen,De Witte,"1,988"
43,40000,BE23,Provincie Oost-Vlaanderen,Baeyens,"1,939"
44,40000,BE23,Provincie Oost-Vlaanderen,Van Goethem,"1,905"
45,40000,BE23,Provincie Oost-Vlaanderen,De Bruyne,"1,890"
45,40000,BE23,Provincie Oost-Vlaanderen,Goethals,"1,890"
47,40000,BE23,Provincie Oost-Vlaanderen,Cornelis,"1,866"
48,40000,BE23,Provincie Oost-Vlaanderen,De Coninck,"1,863"
49,40000,BE23,Provincie Oost-Vlaanderen,Matthys,"1,859"
50,40000,BE23,Provincie Oost-Vlaanderen,Dhondt,"1,836"
51,40000,BE23,Provincie Oost-Vlaanderen,De Paepe,"1,834"
52,40000,BE23,Provincie Oost-Vlaanderen,De Wolf,"1,804"
52,40000,BE23,Provincie Oost-Vlaanderen,Verstraeten,"1,804"
54,40000,BE23,Provincie Oost-Vlaanderen,Van Driessche,"1,763"
55,40000,BE23,Provincie Oost-Vlaanderen,Michiels,"1,761"
56,40000,BE23,Provincie Oost-Vlaanderen,Van Daele,"1,741"
57,40000,BE23,Provincie Oost-Vlaanderen,De Moor,"1,735"
58,40000,BE23,Provincie Oost-Vlaanderen,Peeters,"1,724"
58,40000,BE23,Provincie Oost-Vlaanderen,Van den Berghe,"1,724"
60,40000,BE23,Provincie Oost-Vlaanderen,Van Laere,"1,714"
61,40000,BE23,Provincie Oost-Vlaanderen,Van de Walle,"1,658"
62,40000,BE23,Provincie Oost-Vlaanderen,De Baets,"1,622"
63,40000,BE23,Provincie Oost-Vlaanderen,Raes,"1,595"
64,40000,BE23,Provincie Oost-Vlaanderen,Poppe,"1,594"
65,40000,BE23,Provincie Oost-Vlaanderen,Verbeke,"1,590"
66,40000,BE23,Provincie Oost-Vlaanderen,Verhelst,"1,565"
67,40000,BE23,Provincie Oost-Vlaanderen,De Sutter,"1,562"
68,40000,BE23,Provincie Oost-Vlaanderen,De Vuyst,"1,555"
69,40000,BE23,Provincie Oost-Vlaanderen,Lievens,"1,553"
70,40000,BE23,Provincie Oost-Vlaanderen,De Decker,"1,549"
71,40000,BE23,Provincie Oost-Vlaanderen,De Schepper,"1,548"
72,40000,BE23,Provincie Oost-Vlaanderen,Buysse,"1,545"
73,40000,BE23,Provincie Oost-Vlaanderen,Verstraete,"1,543"
74,40000,BE23,Provincie Oost-Vlaanderen,Claus,"1,524"
75,40000,BE23,Provincie Oost-Vlaanderen,Roelandt,"1,519"
76,40000,BE23,Provincie Oost-Vlaanderen,Eeckhout,"1,513"
77,40000,BE23,Provincie Oost-Vlaanderen,Vermeire,"1,504"
78,40000,BE23,Provincie Oost-Vlaanderen,De Block,"1,487"
79,40000,BE23,Provincie Oost-Vlaanderen,Mortier,"1,483"
80,40000,BE23,Provincie Oost-Vlaanderen,Segers,"1,460"
81,40000,BE23,Provincie Oost-Vlaanderen,De Neve,"1,426"
82,40000,BE23,Provincie Oost-Vlaanderen,Van de Voorde,"1,408"
83,40000,BE23,Provincie Oost-Vlaanderen,Dierickx,"1,406"
84,40000,BE23,Provincie Oost-Vlaanderen,Desmet,"1,391"
85,40000,BE23,Provincie Oost-Vlaanderen,Van Impe,"1,386"
86,40000,BE23,Provincie Oost-Vlaanderen,Lippens,"1,384"
87,40000,BE23,Provincie Oost-Vlaanderen,Schepens,"1,358"
88,40000,BE23,Provincie Oost-Vlaanderen,Boone,"1,337"
89,40000,BE23,Provincie Oost-Vlaanderen,Christiaens,"1,324"
90,40000,BE23,Provincie Oost-Vlaanderen,De Bruycker,"1,319"
91,40000,BE23,Provincie Oost-Vlaanderen,De Rycke,"1,316"
92,40000,BE23,Provincie Oost-Vlaanderen,Van Hoecke,"1,311"
93,40000,BE23,Provincie Oost-Vlaanderen,Vervaet,"1,308"
94,40000,BE23,Provincie Oost-Vlaanderen,Van den Broeck,"1,284"
95,40000,BE23,Provincie Oost-Vlaanderen,Callebaut,"1,253"
95,40000,BE23,Provincie Oost-Vlaanderen,Vereecken,"1,253"
97,40000,BE23,Provincie Oost-Vlaanderen,Everaert,"1,247"
98,40000,BE23,Provincie Oost-Vlaanderen,Dobbelaere,"1,237"
99,40000,BE23,Provincie Oost-Vlaanderen,De Keyser,"1,227"
100,40000,BE23,Provincie Oost-Vlaanderen,Meert,"1,210"
101,40000,BE23,Provincie Oost-Vlaanderen,Rombaut,"1,198"
102,40000,BE23,Provincie Oost-Vlaanderen,Baetens,"1,181"
103,40000,BE23,Provincie Oost-Vlaanderen,Vermeiren,"1,177"
104,40000,BE23,Provincie Oost-Vlaanderen,De Graeve,"1,176"
105,40000,BE23,Provincie Oost-Vlaanderen,Steyaert,"1,158"
106,40000,BE23,Provincie Oost-Vlaanderen,De Winter,"1,148"
107,40000,BE23,Provincie Oost-Vlaanderen,De Roeck,"1,144"
108,40000,BE23,Provincie Oost-Vlaanderen,Moerman,"1,135"
109,40000,BE23,Provincie Oost-Vlaanderen,Braeckman,"1,126"
110,40000,BE23,Provincie Oost-Vlaanderen,De Coster,"1,125"
111,40000,BE23,Provincie Oost-Vlaanderen,De Bruyn,"1,120"
112,40000,BE23,Provincie Oost-Vlaanderen,Devos,"1,116"
113,40000,BE23,Provincie Oost-Vlaanderen,Van Landeghem,"1,115"
114,40000,BE23,Provincie Oost-Vlaanderen,Van Hove,"1,105"
115,40000,BE23,Provincie Oost-Vlaanderen,D'Hondt,"1,093"
116,40000,BE23,Provincie Oost-Vlaanderen,Colman,"1,091"
117,40000,BE23,Provincie Oost-Vlaanderen,Vermeersch,"1,072"
118,40000,BE23,Provincie Oost-Vlaanderen,Bekaert,"1,065"
119,40000,BE23,Provincie Oost-Vlaanderen,Vermeir,"1,058"
120,40000,BE23,Provincie Oost-Vlaanderen,Beeckman,"1,054"
120,40000,BE23,Provincie Oost-Vlaanderen,Van Kerckhove,"1,054"
122,40000,BE23,Provincie Oost-Vlaanderen,De Baere,"1,044"
122,40000,BE23,Provincie Oost-Vlaanderen,Verhulst,"1,044"
124,40000,BE23,Provincie Oost-Vlaanderen,Lammens,"1,025"
125,40000,BE23,Provincie Oost-Vlaanderen,De Mulder,"1,023"
125,40000,BE23,Provincie Oost-Vlaanderen,Engels,"1,023"
127,40000,BE23,Provincie Oost-Vlaanderen,Meersman,"1,020"
128,40000,BE23,Provincie Oost-Vlaanderen,Baele,"1,017"
129,40000,BE23,Provincie Oost-Vlaanderen,De Mey,"1,009"
130,40000,BE23,Provincie Oost-Vlaanderen,De Jonghe,"1,007"
130,40000,BE23,Provincie Oost-Vlaanderen,Verdonck,"1,007"
132,40000,BE23,Provincie Oost-Vlaanderen,De Schryver,"1,004"
132,40000,BE23,Provincie Oost-Vlaanderen,Lambrecht,"1,004"
134,40000,BE23,Provincie Oost-Vlaanderen,Bruggeman,"1,003"
135,40000,BE23,Provincie Oost-Vlaanderen,De Jaeger,"1,000"
136,40000,BE23,Provincie Oost-Vlaanderen,Standaert,975
137,40000,BE23,Provincie Oost-Vlaanderen,De Boeck,974
138,40000,BE23,Provincie Oost-Vlaanderen,Colpaert,973
138,40000,BE23,Provincie Oost-Vlaanderen,De Schrijver,973
140,40000,BE23,Provincie Oost-Vlaanderen,De Muynck,971
140,40000,BE23,Provincie Oost-Vlaanderen,Van Raemdonck,971
142,40000,BE23,Provincie Oost-Vlaanderen,Laureys,967
143,40000,BE23,Provincie Oost-Vlaanderen,De Clerck,962
144,40000,BE23,Provincie Oost-Vlaanderen,Van Poucke,952
145,40000,BE23,Provincie Oost-Vlaanderen,Yilmaz,946
146,40000,BE23,Provincie Oost-Vlaanderen,De Winne,943
147,40000,BE23,Provincie Oost-Vlaanderen,Matthijs,942
148,40000,BE23,Provincie Oost-Vlaanderen,De Wulf,938
149,40000,BE23,Provincie Oost-Vlaanderen,D'hondt,937
150,40000,BE23,Provincie Oost-Vlaanderen,Moreels,931
151,40000,BE23,Provincie Oost-Vlaanderen,De Meester,924
152,40000,BE23,Provincie Oost-Vlaanderen,Cools,922
153,40000,BE23,Provincie Oost-Vlaanderen,Declercq,921
154,40000,BE23,Provincie Oost-Vlaanderen,Audenaert,913
155,40000,BE23,Provincie Oost-Vlaanderen,Van Vooren,911
156,40000,BE23,Provincie Oost-Vlaanderen,De Vriendt,901
157,40000,BE23,Provincie Oost-Vlaanderen,De Maesschalck,897
158,40000,BE23,Provincie Oost-Vlaanderen,Rogiers,895
159,40000,BE23,Provincie Oost-Vlaanderen,Haegeman,886
160,40000,BE23,Provincie Oost-Vlaanderen,Vandenberghe,883
161,40000,BE23,Provincie Oost-Vlaanderen,Verschueren,881
162,40000,BE23,Provincie Oost-Vlaanderen,Hofman,878
163,40000,BE23,Provincie Oost-Vlaanderen,Van De Velde,870
164,40000,BE23,Provincie Oost-Vlaanderen,Praet,865
164,40000,BE23,Provincie Oost-Vlaanderen,Van Cauwenberghe,865
166,40000,BE23,Provincie Oost-Vlaanderen,Thienpont,864
167,40000,BE23,Provincie Oost-Vlaanderen,De Geest,861
168,40000,BE23,Provincie Oost-Vlaanderen,Van Lierde,860
168,40000,BE23,Provincie Oost-Vlaanderen,Van de Vyver,860
170,40000,BE23,Provincie Oost-Vlaanderen,Claes,854
171,40000,BE23,Provincie Oost-Vlaanderen,Verhoeven,853
172,40000,BE23,Provincie Oost-Vlaanderen,Hoste,851
172,40000,BE23,Provincie Oost-Vlaanderen,Van Bogaert,851
174,40000,BE23,Provincie Oost-Vlaanderen,Philips,847
175,40000,BE23,Provincie Oost-Vlaanderen,Neyt,846
176,40000,BE23,Provincie Oost-Vlaanderen,De Cooman,845
177,40000,BE23,Provincie Oost-Vlaanderen,De Corte,843
178,40000,BE23,Provincie Oost-Vlaanderen,Dierick,839
179,40000,BE23,Provincie Oost-Vlaanderen,De Ryck,832
180,40000,BE23,Provincie Oost-Vlaanderen,Troch,831
181,40000,BE23,Provincie Oost-Vlaanderen,De Mol,828
182,40000,BE23,Provincie Oost-Vlaanderen,Blomme,827
183,40000,BE23,Provincie Oost-Vlaanderen,Seghers,813
184,40000,BE23,Provincie Oost-Vlaanderen,Heyvaert,812
185,40000,BE23,Provincie Oost-Vlaanderen,Blommaert,805
185,40000,BE23,Provincie Oost-Vlaanderen,De Beule,805
187,40000,BE23,Provincie Oost-Vlaanderen,Joos,804
188,40000,BE23,Provincie Oost-Vlaanderen,Schollaert,803
189,40000,BE23,Provincie Oost-Vlaanderen,Dhont,802
190,40000,BE23,Provincie Oost-Vlaanderen,De Roo,800
191,40000,BE23,Provincie Oost-Vlaanderen,Bosman,798
192,40000,BE23,Provincie Oost-Vlaanderen,Hermans,796
193,40000,BE23,Provincie Oost-Vlaanderen,Vercruysse,794
194,40000,BE23,Provincie Oost-Vlaanderen,Naessens,788
194,40000,BE23,Provincie Oost-Vlaanderen,Van Renterghem,788
196,40000,BE23,Provincie Oost-Vlaanderen,Van Herreweghe,785
197,40000,BE23,Provincie Oost-Vlaanderen,Van Belle,783
198,40000,BE23,Provincie Oost-Vlaanderen,Andries,781
198,40000,BE23,Provincie Oost-Vlaanderen,D'Haese,781
198,40000,BE23,Provincie Oost-Vlaanderen,Geerts,781
201,40000,BE23,Provincie Oost-Vlaanderen,Hendrickx,779
201,40000,BE23,Provincie Oost-Vlaanderen,Van Hulle,779
203,40000,BE23,Provincie Oost-Vlaanderen,De Craene,776
204,40000,BE23,Provincie Oost-Vlaanderen,Heirman,775
204,40000,BE23,Provincie Oost-Vlaanderen,Tack,775
206,40000,BE23,Provincie Oost-Vlaanderen,De Temmerman,774
206,40000,BE23,Provincie Oost-Vlaanderen,Van Peteghem,774
208,40000,BE23,Provincie Oost-Vlaanderen,Aerts,772
208,40000,BE23,Provincie Oost-Vlaanderen,Buyle,772
210,40000,BE23,Provincie Oost-Vlaanderen,Cocquyt,769
211,40000,BE23,Provincie Oost-Vlaanderen,Van Assche,765
212,40000,BE23,Provincie Oost-Vlaanderen,De Geyter,764
212,40000,BE23,Provincie Oost-Vlaanderen,De Zutter,764
214,40000,BE23,Provincie Oost-Vlaanderen,De Poorter,758
215,40000,BE23,Provincie Oost-Vlaanderen,Van Vaerenbergh,755
216,40000,BE23,Provincie Oost-Vlaanderen,Van Parys,751
217,40000,BE23,Provincie Oost-Vlaanderen,Vanderstraeten,745
217,40000,BE23,Provincie Oost-Vlaanderen,Wille,745
219,40000,BE23,Provincie Oost-Vlaanderen,De Troyer,742
220,40000,BE23,Provincie Oost-Vlaanderen,Aelbrecht,740
220,40000,BE23,Provincie Oost-Vlaanderen,De Rouck,740
222,40000,BE23,Provincie Oost-Vlaanderen,François,736
223,40000,BE23,Provincie Oost-Vlaanderen,Claessens,735
223,40000,BE23,Provincie Oost-Vlaanderen,De Vlieger,735
223,40000,BE23,Provincie Oost-Vlaanderen,Gevaert,735
226,40000,BE23,Provincie Oost-Vlaanderen,Ryckaert,733
227,40000,BE23,Provincie Oost-Vlaanderen,De Buck,729
228,40000,BE23,Provincie Oost-Vlaanderen,Cooreman,726
229,40000,BE23,Provincie Oost-Vlaanderen,Gillis,725
230,40000,BE23,Provincie Oost-Vlaanderen,Vereecke,722
231,40000,BE23,Provincie Oost-Vlaanderen,Govaert,720
232,40000,BE23,Provincie Oost-Vlaanderen,Smekens,718
232,40000,BE23,Provincie Oost-Vlaanderen,Van den Abeele,718
234,40000,BE23,Provincie Oost-Vlaanderen,Braem,715
235,40000,BE23,Provincie Oost-Vlaanderen,Snoeck,714
236,40000,BE23,Provincie Oost-Vlaanderen,De Boever,711
236,40000,BE23,Provincie Oost-Vlaanderen,Rasschaert,711
238,40000,BE23,Provincie Oost-Vlaanderen,Van den Abbeele,709
239,40000,BE23,Provincie Oost-Vlaanderen,Polfliet,708
239,40000,BE23,Provincie Oost-Vlaanderen,Sonck,708
241,40000,BE23,Provincie Oost-Vlaanderen,Galle,705
242,40000,BE23,Provincie Oost-Vlaanderen,Bauters,700
243,40000,BE23,Provincie Oost-Vlaanderen,Scheerlinck,697
244,40000,BE23,Provincie Oost-Vlaanderen,De Wispelaere,696
244,40000,BE23,Provincie Oost-Vlaanderen,Keppens,696
244,40000,BE23,Provincie Oost-Vlaanderen,Merckx,696
247,40000,BE23,Provincie Oost-Vlaanderen,Van Nuffel,691
247,40000,BE23,Provincie Oost-Vlaanderen,Vandevelde,691
249,40000,BE23,Provincie Oost-Vlaanderen,De Maeyer,690
250,40000,BE23,Provincie Oost-Vlaanderen,Van Durme,684
251,40000,BE23,Provincie Oost-Vlaanderen,Geirnaert,680
251,40000,BE23,Provincie Oost-Vlaanderen,Huyghe,680
253,40000,BE23,Provincie Oost-Vlaanderen,Muylaert,679
254,40000,BE23,Provincie Oost-Vlaanderen,De Vreese,676
255,40000,BE23,Provincie Oost-Vlaanderen,Heymans,672
256,40000,BE23,Provincie Oost-Vlaanderen,Lauwers,669
257,40000,BE23,Provincie Oost-Vlaanderen,Vergauwen,666
258,40000,BE23,Provincie Oost-Vlaanderen,Vandeputte,664
258,40000,BE23,Provincie Oost-Vlaanderen,Vlaeminck,664
260,40000,BE23,Provincie Oost-Vlaanderen,De Wit,660
261,40000,BE23,Provincie Oost-Vlaanderen,Ali,659
262,40000,BE23,Provincie Oost-Vlaanderen,Ongena,655
263,40000,BE23,Provincie Oost-Vlaanderen,Neirynck,652
264,40000,BE23,Provincie Oost-Vlaanderen,De Munck,650
265,40000,BE23,Provincie Oost-Vlaanderen,Heyrman,649
266,40000,BE23,Provincie Oost-Vlaanderen,Callens,647
266,40000,BE23,Provincie Oost-Vlaanderen,Schelfhout,647
266,40000,BE23,Provincie Oost-Vlaanderen,Schockaert,647
269,40000,BE23,Provincie Oost-Vlaanderen,Vinck,646
270,40000,BE23,Provincie Oost-Vlaanderen,De Vylder,645
270,40000,BE23,Provincie Oost-Vlaanderen,Vandewalle,645
272,40000,BE23,Provincie Oost-Vlaanderen,Lootens,641
272,40000,BE23,Provincie Oost-Vlaanderen,Raman,641
274,40000,BE23,Provincie Oost-Vlaanderen,De Kegel,639
274,40000,BE23,Provincie Oost-Vlaanderen,Staelens,639
276,40000,BE23,Provincie Oost-Vlaanderen,Meganck,634
276,40000,BE23,Provincie Oost-Vlaanderen,Van Laethem,634
276,40000,BE23,Provincie Oost-Vlaanderen,Van Malderen,634
279,40000,BE23,Provincie Oost-Vlaanderen,Impens,633
280,40000,BE23,Provincie Oost-Vlaanderen,De Ruyck,632
281,40000,BE23,Provincie Oost-Vlaanderen,Van Cauter,631
282,40000,BE23,Provincie Oost-Vlaanderen,Buytaert,630
282,40000,BE23,Provincie Oost-Vlaanderen,Heyndrickx,630
282,40000,BE23,Provincie Oost-Vlaanderen,Van Loo,630
285,40000,BE23,Provincie Oost-Vlaanderen,De Visscher,629
285,40000,BE23,Provincie Oost-Vlaanderen,Goeman,629
285,40000,BE23,Provincie Oost-Vlaanderen,Schelstraete,629
288,40000,BE23,Provincie Oost-Vlaanderen,Diallo,623
289,40000,BE23,Provincie Oost-Vlaanderen,Rogge,620
289,40000,BE23,Provincie Oost-Vlaanderen,Van den Steen,620
291,40000,BE23,Provincie Oost-Vlaanderen,Volckaert,616
292,40000,BE23,Provincie Oost-Vlaanderen,De Neef,614
292,40000,BE23,Provincie Oost-Vlaanderen,Huylebroeck,614
292,40000,BE23,Provincie Oost-Vlaanderen,Timmerman,614
295,40000,BE23,Provincie Oost-Vlaanderen,Dhaenens,613
295,40000,BE23,Provincie Oost-Vlaanderen,Meuleman,613
295,40000,BE23,Provincie Oost-Vlaanderen,Rottiers,613
298,40000,BE23,Provincie Oost-Vlaanderen,Van Lancker,611
299,40000,BE23,Provincie Oost-Vlaanderen,De Saedeleer,609
300,40000,BE23,Provincie Oost-Vlaanderen,De Man,608
301,40000,BE23,Provincie Oost-Vlaanderen,Stuer,607
302,40000,BE23,Provincie Oost-Vlaanderen,Lambert,605
303,40000,BE23,Provincie Oost-Vlaanderen,Haeck,601
304,40000,BE23,Provincie Oost-Vlaanderen,Mestdagh,600
304,40000,BE23,Provincie Oost-Vlaanderen,Verhaeghe,600
306,40000,BE23,Provincie Oost-Vlaanderen,Naudts,597
307,40000,BE23,Provincie Oost-Vlaanderen,Blondeel,596
307,40000,BE23,Provincie Oost-Vlaanderen,Criel,596
307,40000,BE23,Provincie Oost-Vlaanderen,Van der Linden,596
310,40000,BE23,Provincie Oost-Vlaanderen,De Leeuw,594
310,40000,BE23,Provincie Oost-Vlaanderen,Dossche,594
310,40000,BE23,Provincie Oost-Vlaanderen,Roegiers,594
313,40000,BE23,Provincie Oost-Vlaanderen,Roggeman,592
314,40000,BE23,Provincie Oost-Vlaanderen,Rooms,591
314,40000,BE23,Provincie Oost-Vlaanderen,Van Den Bossche,591
316,40000,BE23,Provincie Oost-Vlaanderen,Oosterlinck,590
317,40000,BE23,Provincie Oost-Vlaanderen,Uyttersprot,589
318,40000,BE23,Provincie Oost-Vlaanderen,Timmermans,582
319,40000,BE23,Provincie Oost-Vlaanderen,Van Eetvelde,579
319,40000,BE23,Provincie Oost-Vlaanderen,Willaert,579
321,40000,BE23,Provincie Oost-Vlaanderen,Verleyen,573
322,40000,BE23,Provincie Oost-Vlaanderen,Coene,571
322,40000,BE23,Provincie Oost-Vlaanderen,De Cuyper,571
322,40000,BE23,Provincie Oost-Vlaanderen,Van Nieuwenhove,571
322,40000,BE23,Provincie Oost-Vlaanderen,Wouters,571
326,40000,BE23,Provincie Oost-Vlaanderen,Thys,569
327,40000,BE23,Provincie Oost-Vlaanderen,Verbruggen,568
328,40000,BE23,Provincie Oost-Vlaanderen,Van de Wiele,566
329,40000,BE23,Provincie Oost-Vlaanderen,Van Cauwenberge,563
329,40000,BE23,Provincie Oost-Vlaanderen,Verheyen,563
331,40000,BE23,Provincie Oost-Vlaanderen,Van Mieghem,560
332,40000,BE23,Provincie Oost-Vlaanderen,De Lange,556
332,40000,BE23,Provincie Oost-Vlaanderen,Huys,556
334,40000,BE23,Provincie Oost-Vlaanderen,Beerens,554
335,40000,BE23,Provincie Oost-Vlaanderen,Blancquaert,553
335,40000,BE23,Provincie Oost-Vlaanderen,Van den Branden,553
337,40000,BE23,Provincie Oost-Vlaanderen,Buys,552
337,40000,BE23,Provincie Oost-Vlaanderen,Van Hoorebeke,552
339,40000,BE23,Provincie Oost-Vlaanderen,Bonne,551
340,40000,BE23,Provincie Oost-Vlaanderen,Foubert,550
341,40000,BE23,Provincie Oost-Vlaanderen,Vermassen,548
342,40000,BE23,Provincie Oost-Vlaanderen,De Gendt,547
343,40000,BE23,Provincie Oost-Vlaanderen,Van Dorpe,546
344,40000,BE23,Provincie Oost-Vlaanderen,Dauwe,545
344,40000,BE23,Provincie Oost-Vlaanderen,Vandendriessche,545
346,40000,BE23,Provincie Oost-Vlaanderen,Van Hauwermeiren,544
347,40000,BE23,Provincie Oost-Vlaanderen,Van de Putte,543
348,40000,BE23,Provincie Oost-Vlaanderen,Ahmed,541
349,40000,BE23,Provincie Oost-Vlaanderen,Van Gucht,539
350,40000,BE23,Provincie Oost-Vlaanderen,Goessens,532
351,40000,BE23,Provincie Oost-Vlaanderen,Strobbe,531
352,40000,BE23,Provincie Oost-Vlaanderen,Van Wassenhove,528
353,40000,BE23,Provincie Oost-Vlaanderen,De Vriese,526
354,40000,BE23,Provincie Oost-Vlaanderen,Lemmens,524
355,40000,BE23,Provincie Oost-Vlaanderen,De Brabander,523
356,40000,BE23,Provincie Oost-Vlaanderen,Van Droogenbroeck,519
356,40000,BE23,Provincie Oost-Vlaanderen,Van Langenhove,519
358,40000,BE23,Provincie Oost-Vlaanderen,Van Puyvelde,518
359,40000,BE23,Provincie Oost-Vlaanderen,Geerinck,517
359,40000,BE23,Provincie Oost-Vlaanderen,Redant,517
361,40000,BE23,Provincie Oost-Vlaanderen,Van Den Berghe,514
362,40000,BE23,Provincie Oost-Vlaanderen,Fierens,513
362,40000,BE23,Provincie Oost-Vlaanderen,Mouton,513
362,40000,BE23,Provincie Oost-Vlaanderen,Van Hyfte,513
365,40000,BE23,Provincie Oost-Vlaanderen,Boel,512
366,40000,BE23,Provincie Oost-Vlaanderen,Goeminne,510
367,40000,BE23,Provincie Oost-Vlaanderen,Buyse,509
367,40000,BE23,Provincie Oost-Vlaanderen,De Meersman,509
367,40000,BE23,Provincie Oost-Vlaanderen,Geeroms,509
370,40000,BE23,Provincie Oost-Vlaanderen,Vandaele,508
371,40000,BE23,Provincie Oost-Vlaanderen,De Jonge,507
371,40000,BE23,Provincie Oost-Vlaanderen,Kaya,507
373,40000,BE23,Provincie Oost-Vlaanderen,Vercammen,506
374,40000,BE23,Provincie Oost-Vlaanderen,Cnudde,505
374,40000,BE23,Provincie Oost-Vlaanderen,Schouppe,505
374,40000,BE23,Provincie Oost-Vlaanderen,Simoens,505
374,40000,BE23,Provincie Oost-Vlaanderen,Van Wesemael,505
378,40000,BE23,Provincie Oost-Vlaanderen,Cardon,504
378,40000,BE23,Provincie Oost-Vlaanderen,Coppieters,504
380,40000,BE23,Provincie Oost-Vlaanderen,De Bondt,502
381,40000,BE23,Provincie Oost-Vlaanderen,Poelman,501
382,40000,BE23,Provincie Oost-Vlaanderen,De Langhe,499
382,40000,BE23,Provincie Oost-Vlaanderen,Nachtergaele,499
384,40000,BE23,Provincie Oost-Vlaanderen,Dewaele,498
385,40000,BE23,Provincie Oost-Vlaanderen,Vandamme,497
386,40000,BE23,Provincie Oost-Vlaanderen,Köse,496
387,40000,BE23,Provincie Oost-Vlaanderen,David,494
388,40000,BE23,Provincie Oost-Vlaanderen,Uyttendaele,493
388,40000,BE23,Provincie Oost-Vlaanderen,Van den Eynde,493
390,40000,BE23,Provincie Oost-Vlaanderen,De Kimpe,492
390,40000,BE23,Provincie Oost-Vlaanderen,Fiers,492
390,40000,BE23,Provincie Oost-Vlaanderen,Safi,492
390,40000,BE23,Provincie Oost-Vlaanderen,Vyncke,492
394,40000,BE23,Provincie Oost-Vlaanderen,Peelman,491
394,40000,BE23,Provincie Oost-Vlaanderen,Piens,491
394,40000,BE23,Provincie Oost-Vlaanderen,Van Huffel,491
397,40000,BE23,Provincie Oost-Vlaanderen,Verhaegen,489
398,40000,BE23,Provincie Oost-Vlaanderen,De Brouwer,488
399,40000,BE23,Provincie Oost-Vlaanderen,De Vrieze,487
400,40000,BE23,Provincie Oost-Vlaanderen,Daelman,485
400,40000,BE23,Provincie Oost-Vlaanderen,Eggermont,485
402,40000,BE23,Provincie Oost-Vlaanderen,Boelens,483
403,40000,BE23,Provincie Oost-Vlaanderen,Celik,482
403,40000,BE23,Provincie Oost-Vlaanderen,De Potter,482
405,40000,BE23,Provincie Oost-Vlaanderen,Bonte,479
405,40000,BE23,Provincie Oost-Vlaanderen,De Schutter,479
405,40000,BE23,Provincie Oost-Vlaanderen,Van Boven,479
408,40000,BE23,Provincie Oost-Vlaanderen,Callaert,478
408,40000,BE23,Provincie Oost-Vlaanderen,Maenhout,478
408,40000,BE23,Provincie Oost-Vlaanderen,Van de Veire,478
411,40000,BE23,Provincie Oost-Vlaanderen,De Keyzer,476
412,40000,BE23,Provincie Oost-Vlaanderen,Vlerick,474
413,40000,BE23,Provincie Oost-Vlaanderen,Bral,473
414,40000,BE23,Provincie Oost-Vlaanderen,Ingels,472
415,40000,BE23,Provincie Oost-Vlaanderen,Van Cauteren,471
416,40000,BE23,Provincie Oost-Vlaanderen,Waterschoot,470
417,40000,BE23,Provincie Oost-Vlaanderen,Gyselinck,469
418,40000,BE23,Provincie Oost-Vlaanderen,Van Cleemput,468
419,40000,BE23,Provincie Oost-Vlaanderen,Leroy,467
419,40000,BE23,Provincie Oost-Vlaanderen,Noens,467
419,40000,BE23,Provincie Oost-Vlaanderen,Vandekerckhove,467
422,40000,BE23,Provincie Oost-Vlaanderen,De Maere,466
422,40000,BE23,Provincie Oost-Vlaanderen,Verlinden,466
424,40000,BE23,Provincie Oost-Vlaanderen,Dewulf,465
424,40000,BE23,Provincie Oost-Vlaanderen,Van Broeck,465
426,40000,BE23,Provincie Oost-Vlaanderen,Demeyer,464
426,40000,BE23,Provincie Oost-Vlaanderen,Van Mele,464
428,40000,BE23,Provincie Oost-Vlaanderen,Kiekens,461
429,40000,BE23,Provincie Oost-Vlaanderen,Haentjens,459
430,40000,BE23,Provincie Oost-Vlaanderen,Heyman,455
431,40000,BE23,Provincie Oost-Vlaanderen,Reynaert,454
432,40000,BE23,Provincie Oost-Vlaanderen,De Meulemeester,453
433,40000,BE23,Provincie Oost-Vlaanderen,Kajtazi,452
433,40000,BE23,Provincie Oost-Vlaanderen,Van den Borre,452
435,40000,BE23,Provincie Oost-Vlaanderen,De Maertelaere,451
436,40000,BE23,Provincie Oost-Vlaanderen,Bruyneel,450
436,40000,BE23,Provincie Oost-Vlaanderen,Buyl,450
436,40000,BE23,Provincie Oost-Vlaanderen,De Wever,450
436,40000,BE23,Provincie Oost-Vlaanderen,Quintelier,450
436,40000,BE23,Provincie Oost-Vlaanderen,Vonck,450
441,40000,BE23,Provincie Oost-Vlaanderen,Verschelden,449
442,40000,BE23,Provincie Oost-Vlaanderen,De Rocker,448
442,40000,BE23,Provincie Oost-Vlaanderen,De Spiegeleer,448
444,40000,BE23,Provincie Oost-Vlaanderen,Vermoesen,447
445,40000,BE23,Provincie Oost-Vlaanderen,D'haese,446
445,40000,BE23,Provincie Oost-Vlaanderen,Weyn,446
447,40000,BE23,Provincie Oost-Vlaanderen,Hanssens,445
447,40000,BE23,Provincie Oost-Vlaanderen,Herman,445
447,40000,BE23,Provincie Oost-Vlaanderen,Karakaya,445
447,40000,BE23,Provincie Oost-Vlaanderen,Van der Biest,445
447,40000,BE23,Provincie Oost-Vlaanderen,Verbeken,445
452,40000,BE23,Provincie Oost-Vlaanderen,Van Praet,443
452,40000,BE23,Provincie Oost-Vlaanderen,Van de Perre,443
454,40000,BE23,Provincie Oost-Vlaanderen,Declerck,442
455,40000,BE23,Provincie Oost-Vlaanderen,Van Osselaer,441
456,40000,BE23,Provincie Oost-Vlaanderen,Boeykens,440
456,40000,BE23,Provincie Oost-Vlaanderen,Danneels,440
456,40000,BE23,Provincie Oost-Vlaanderen,Ivens,440
456,40000,BE23,Provincie Oost-Vlaanderen,Saey,440
456,40000,BE23,Provincie Oost-Vlaanderen,Van den Bergh,440
461,40000,BE23,Provincie Oost-Vlaanderen,De Bie,437
462,40000,BE23,Provincie Oost-Vlaanderen,Carlier,436
462,40000,BE23,Provincie Oost-Vlaanderen,De Vleeschouwer,436
462,40000,BE23,Provincie Oost-Vlaanderen,Saelens,436
462,40000,BE23,Provincie Oost-Vlaanderen,Schatteman,436
466,40000,BE23,Provincie Oost-Vlaanderen,D'hont,435
466,40000,BE23,Provincie Oost-Vlaanderen,Dupont,435
466,40000,BE23,Provincie Oost-Vlaanderen,Verniers,435
469,40000,BE23,Provincie Oost-Vlaanderen,De Loose,434
469,40000,BE23,Provincie Oost-Vlaanderen,Decock,434
469,40000,BE23,Provincie Oost-Vlaanderen,Van Hamme,434
469,40000,BE23,Provincie Oost-Vlaanderen,Van Oost,434
469,40000,BE23,Provincie Oost-Vlaanderen,Vercruyssen,434
474,40000,BE23,Provincie Oost-Vlaanderen,Leys,433
474,40000,BE23,Provincie Oost-Vlaanderen,Slock,433
476,40000,BE23,Provincie Oost-Vlaanderen,Saerens,432
476,40000,BE23,Provincie Oost-Vlaanderen,Sergeant,432
478,40000,BE23,Provincie Oost-Vlaanderen,D'hooge,431
479,40000,BE23,Provincie Oost-Vlaanderen,Özdemir,429
480,40000,BE23,Provincie Oost-Vlaanderen,Van Duyse,428
480,40000,BE23,Provincie Oost-Vlaanderen,Vanhoutte,428
482,40000,BE23,Provincie Oost-Vlaanderen,Windey,426
483,40000,BE23,Provincie Oost-Vlaanderen,Ghyselinck,425
484,40000,BE23,Provincie Oost-Vlaanderen,Minnaert,424
485,40000,BE23,Provincie Oost-Vlaanderen,Roman,422
486,40000,BE23,Provincie Oost-Vlaanderen,Braet,421
486,40000,BE23,Provincie Oost-Vlaanderen,Meirlaen,421
486,40000,BE23,Provincie Oost-Vlaanderen,Van Brussel,421
489,40000,BE23,Provincie Oost-Vlaanderen,Van Snick,420
489,40000,BE23,Provincie Oost-Vlaanderen,Vande Velde,420
491,40000,BE23,Provincie Oost-Vlaanderen,Verleysen,419
492,40000,BE23,Provincie Oost-Vlaanderen,Bogaerts,417
492,40000,BE23,Provincie Oost-Vlaanderen,De Vleeschauwer,417
492,40000,BE23,Provincie Oost-Vlaanderen,Degroote,417
492,40000,BE23,Provincie Oost-Vlaanderen,Tavernier,417
496,40000,BE23,Provincie Oost-Vlaanderen,Beirnaert,416
496,40000,BE23,Provincie Oost-Vlaanderen,Raemdonck,416
498,40000,BE23,Provincie Oost-Vlaanderen,Viaene,415
499,40000,BE23,Provincie Oost-Vlaanderen,Van Bever,414
500,40000,BE23,Provincie Oost-Vlaanderen,De Roose,411
500,40000,BE23,Provincie Oost-Vlaanderen,Van der Straeten,411
502,40000,BE23,Provincie Oost-Vlaanderen,Sierens,410
503,40000,BE23,Provincie Oost-Vlaanderen,De Kerpel,409
503,40000,BE23,Provincie Oost-Vlaanderen,Roeland,409
503,40000,BE23,Provincie Oost-Vlaanderen,Van der Haegen,409
503,40000,BE23,Provincie Oost-Vlaanderen,Veldeman,409
503,40000,BE23,Provincie Oost-Vlaanderen,Verheyden,409
503,40000,BE23,Provincie Oost-Vlaanderen,Welvaert,409
509,40000,BE23,Provincie Oost-Vlaanderen,Tanghe,408
510,40000,BE23,Provincie Oost-Vlaanderen,De Wael,407
510,40000,BE23,Provincie Oost-Vlaanderen,Verhofstadt,407
512,40000,BE23,Provincie Oost-Vlaanderen,Balcaen,406
513,40000,BE23,Provincie Oost-Vlaanderen,Baeke,405
513,40000,BE23,Provincie Oost-Vlaanderen,De Brauwer,405
513,40000,BE23,Provincie Oost-Vlaanderen,Van Haute,405
516,40000,BE23,Provincie Oost-Vlaanderen,Boon,404
516,40000,BE23,Provincie Oost-Vlaanderen,Ivanov,404
516,40000,BE23,Provincie Oost-Vlaanderen,Verschraegen,404
519,40000,BE23,Provincie Oost-Vlaanderen,Adam,403
519,40000,BE23,Provincie Oost-Vlaanderen,Heirbaut,403
519,40000,BE23,Provincie Oost-Vlaanderen,Mustafa,403
519,40000,BE23,Provincie Oost-Vlaanderen,Van Mol,403
519,40000,BE23,Provincie Oost-Vlaanderen,Vekeman,403
524,40000,BE23,Provincie Oost-Vlaanderen,Vanneste,400
525,40000,BE23,Provincie Oost-Vlaanderen,Van De Walle,399
525,40000,BE23,Provincie Oost-Vlaanderen,Wuytack,399
527,40000,BE23,Provincie Oost-Vlaanderen,De Kesel,397
528,40000,BE23,Provincie Oost-Vlaanderen,Clauwaert,396
528,40000,BE23,Provincie Oost-Vlaanderen,Depoorter,396
528,40000,BE23,Provincie Oost-Vlaanderen,Dubois,396
528,40000,BE23,Provincie Oost-Vlaanderen,Herremans,396
528,40000,BE23,Provincie Oost-Vlaanderen,Saeys,396
528,40000,BE23,Provincie Oost-Vlaanderen,Van Royen,396
534,40000,BE23,Provincie Oost-Vlaanderen,Bontinck,395
534,40000,BE23,Provincie Oost-Vlaanderen,Van der Borght,395
536,40000,BE23,Provincie Oost-Vlaanderen,Blanckaert,394
537,40000,BE23,Provincie Oost-Vlaanderen,Beck,393
538,40000,BE23,Provincie Oost-Vlaanderen,Spitaels,392
538,40000,BE23,Provincie Oost-Vlaanderen,Van Haver,392
538,40000,BE23,Provincie Oost-Vlaanderen,Vandenbussche,392
541,40000,BE23,Provincie Oost-Vlaanderen,Peleman,391
542,40000,BE23,Provincie Oost-Vlaanderen,Mussche,390
542,40000,BE23,Provincie Oost-Vlaanderen,Reyns,390
544,40000,BE23,Provincie Oost-Vlaanderen,Verbraeken,389
545,40000,BE23,Provincie Oost-Vlaanderen,Van Geert,388
546,40000,BE23,Provincie Oost-Vlaanderen,De Laet,387
546,40000,BE23,Provincie Oost-Vlaanderen,Paelinck,387
546,40000,BE23,Provincie Oost-Vlaanderen,Thomas,387
546,40000,BE23,Provincie Oost-Vlaanderen,Van Landschoot,387
546,40000,BE23,Provincie Oost-Vlaanderen,Van der Elst,387
551,40000,BE23,Provincie Oost-Vlaanderen,Van de Vijver,386
552,40000,BE23,Provincie Oost-Vlaanderen,Geers,385
552,40000,BE23,Provincie Oost-Vlaanderen,Staes,385
554,40000,BE23,Provincie Oost-Vlaanderen,Bah,384
554,40000,BE23,Provincie Oost-Vlaanderen,Moortgat,384
554,40000,BE23,Provincie Oost-Vlaanderen,Pollet,384
557,40000,BE23,Provincie Oost-Vlaanderen,Versluys,383
558,40000,BE23,Provincie Oost-Vlaanderen,De Cauwer,382
558,40000,BE23,Provincie Oost-Vlaanderen,Van Nieuwenhuyze,382
560,40000,BE23,Provincie Oost-Vlaanderen,Dullaert,381
560,40000,BE23,Provincie Oost-Vlaanderen,Smets,381
560,40000,BE23,Provincie Oost-Vlaanderen,Van den Brande,381
560,40000,BE23,Provincie Oost-Vlaanderen,Vanden Berghe,381
564,40000,BE23,Provincie Oost-Vlaanderen,Corthals,380
565,40000,BE23,Provincie Oost-Vlaanderen,Apers,379
565,40000,BE23,Provincie Oost-Vlaanderen,De Coen,379
565,40000,BE23,Provincie Oost-Vlaanderen,Drieghe,379
565,40000,BE23,Provincie Oost-Vlaanderen,Van Waes,379
565,40000,BE23,Provincie Oost-Vlaanderen,Vandenbossche,379
570,40000,BE23,Provincie Oost-Vlaanderen,De Rudder,378
571,40000,BE23,Provincie Oost-Vlaanderen,Van Vlierberghe,377
571,40000,BE23,Provincie Oost-Vlaanderen,Vernimmen,377
573,40000,BE23,Provincie Oost-Vlaanderen,Geenens,376
574,40000,BE23,Provincie Oost-Vlaanderen,Vanhove,375
574,40000,BE23,Provincie Oost-Vlaanderen,Verbeeck,375
576,40000,BE23,Provincie Oost-Vlaanderen,De Roover,373
577,40000,BE23,Provincie Oost-Vlaanderen,Morel,372
577,40000,BE23,Provincie Oost-Vlaanderen,Van Audenhove,372
577,40000,BE23,Provincie Oost-Vlaanderen,Van Hoyweghen,372
580,40000,BE23,Provincie Oost-Vlaanderen,Van der Heyden,371
580,40000,BE23,Provincie Oost-Vlaanderen,Vandenbroucke,371
580,40000,BE23,Provincie Oost-Vlaanderen,Verstuyft,371
583,40000,BE23,Provincie Oost-Vlaanderen,De Grauwe,370
583,40000,BE23,Provincie Oost-Vlaanderen,De Greve,370
583,40000,BE23,Provincie Oost-Vlaanderen,Lambrechts,370
586,40000,BE23,Provincie Oost-Vlaanderen,Van Puymbroeck,369
587,40000,BE23,Provincie Oost-Vlaanderen,Meire,368
587,40000,BE23,Provincie Oost-Vlaanderen,Van Avermaet,368
587,40000,BE23,Provincie Oost-Vlaanderen,Van Belleghem,368
590,40000,BE23,Provincie Oost-Vlaanderen,De Caluwé,367
590,40000,BE23,Provincie Oost-Vlaanderen,Haelterman,367
590,40000,BE23,Provincie Oost-Vlaanderen,Van den Eede,367
593,40000,BE23,Provincie Oost-Vlaanderen,Meul,366
593,40000,BE23,Provincie Oost-Vlaanderen,Van Overloop,366
593,40000,BE23,Provincie Oost-Vlaanderen,Van Riet,366
593,40000,BE23,Provincie Oost-Vlaanderen,Vincke,366
597,40000,BE23,Provincie Oost-Vlaanderen,Heyse,365
598,40000,BE23,Provincie Oost-Vlaanderen,Deprez,364
598,40000,BE23,Provincie Oost-Vlaanderen,Ronsse,364
598,40000,BE23,Provincie Oost-Vlaanderen,Van den Driessche,364
601,40000,BE23,Provincie Oost-Vlaanderen,Dogan,363
601,40000,BE23,Provincie Oost-Vlaanderen,Ost,363
603,40000,BE23,Provincie Oost-Vlaanderen,De Baerdemaeker,362
603,40000,BE23,Provincie Oost-Vlaanderen,Debruyne,362
603,40000,BE23,Provincie Oost-Vlaanderen,Dekeyser,362
603,40000,BE23,Provincie Oost-Vlaanderen,Nys,362
607,40000,BE23,Provincie Oost-Vlaanderen,Scheire,361
607,40000,BE23,Provincie Oost-Vlaanderen,Vandecasteele,361
609,40000,BE23,Provincie Oost-Vlaanderen,Bollaert,360
609,40000,BE23,Provincie Oost-Vlaanderen,Tas,360
611,40000,BE23,Provincie Oost-Vlaanderen,Van Rossem,359
612,40000,BE23,Provincie Oost-Vlaanderen,Thierens,358
613,40000,BE23,Provincie Oost-Vlaanderen,Mehmed,357
614,40000,BE23,Provincie Oost-Vlaanderen,Baeten,356
615,40000,BE23,Provincie Oost-Vlaanderen,Ponnet,355
616,40000,BE23,Provincie Oost-Vlaanderen,Reyniers,354
616,40000,BE23,Provincie Oost-Vlaanderen,Van Hoorde,354
616,40000,BE23,Provincie Oost-Vlaanderen,Vandenabeele,354
619,40000,BE23,Provincie Oost-Vlaanderen,De Nil,353
620,40000,BE23,Provincie Oost-Vlaanderen,Berckmoes,352
620,40000,BE23,Provincie Oost-Vlaanderen,Ysebaert,352
622,40000,BE23,Provincie Oost-Vlaanderen,De Landtsheer,351
622,40000,BE23,Provincie Oost-Vlaanderen,Lefevre,351
622,40000,BE23,Provincie Oost-Vlaanderen,Maertens,351
625,40000,BE23,Provincie Oost-Vlaanderen,Cooman,350
626,40000,BE23,Provincie Oost-Vlaanderen,De Raedt,349
626,40000,BE23,Provincie Oost-Vlaanderen,Dewitte,349
626,40000,BE23,Provincie Oost-Vlaanderen,Provost,349
626,40000,BE23,Provincie Oost-Vlaanderen,Vanderhaeghen,349
630,40000,BE23,Provincie Oost-Vlaanderen,Schiettecatte,346
630,40000,BE23,Provincie Oost-Vlaanderen,Taelman,346
630,40000,BE23,Provincie Oost-Vlaanderen,Van Biesen,346
630,40000,BE23,Provincie Oost-Vlaanderen,Van Speybroeck,346
634,40000,BE23,Provincie Oost-Vlaanderen,De Rijcke,345
634,40000,BE23,Provincie Oost-Vlaanderen,Hautekeete,345
634,40000,BE23,Provincie Oost-Vlaanderen,Piessens,345
634,40000,BE23,Provincie Oost-Vlaanderen,Van Keer,345
634,40000,BE23,Provincie Oost-Vlaanderen,Wieme,345
639,40000,BE23,Provincie Oost-Vlaanderen,Ivanova,343
639,40000,BE23,Provincie Oost-Vlaanderen,Vindevogel,343
641,40000,BE23,Provincie Oost-Vlaanderen,De Vogelaere,342
641,40000,BE23,Provincie Oost-Vlaanderen,Van Mulders,342
641,40000,BE23,Provincie Oost-Vlaanderen,Van den Bulcke,342
644,40000,BE23,Provincie Oost-Vlaanderen,De Donder,341
645,40000,BE23,Provincie Oost-Vlaanderen,De Taeye,340
645,40000,BE23,Provincie Oost-Vlaanderen,Van Leuven,340
647,40000,BE23,Provincie Oost-Vlaanderen,Meiresonne,339
647,40000,BE23,Provincie Oost-Vlaanderen,Pattyn,339
647,40000,BE23,Provincie Oost-Vlaanderen,Van den Bosch,339
647,40000,BE23,Provincie Oost-Vlaanderen,Van den Broecke,339
651,40000,BE23,Provincie Oost-Vlaanderen,Van Melkebeke,338
651,40000,BE23,Provincie Oost-Vlaanderen,Van der Eecken,338
653,40000,BE23,Provincie Oost-Vlaanderen,Asselman,337
654,40000,BE23,Provincie Oost-Vlaanderen,Adriaenssens,336
654,40000,BE23,Provincie Oost-Vlaanderen,Bourgeois,336
654,40000,BE23,Provincie Oost-Vlaanderen,De Waegeneer,336
654,40000,BE23,Provincie Oost-Vlaanderen,Landuyt,336
654,40000,BE23,Provincie Oost-Vlaanderen,Roos,336
654,40000,BE23,Provincie Oost-Vlaanderen,Van Buynder,336
660,40000,BE23,Provincie Oost-Vlaanderen,Somers,335
661,40000,BE23,Provincie Oost-Vlaanderen,Keymeulen,334
661,40000,BE23,Provincie Oost-Vlaanderen,Leemans,334
663,40000,BE23,Provincie Oost-Vlaanderen,Cool,333
663,40000,BE23,Provincie Oost-Vlaanderen,Stockman,333
665,40000,BE23,Provincie Oost-Vlaanderen,De Pril,331
666,40000,BE23,Provincie Oost-Vlaanderen,Hoebeke,330
666,40000,BE23,Provincie Oost-Vlaanderen,Van Hoey,330
668,40000,BE23,Provincie Oost-Vlaanderen,De Greef,329
668,40000,BE23,Provincie Oost-Vlaanderen,Van Ransbeeck,329
668,40000,BE23,Provincie Oost-Vlaanderen,Yildirim,329
671,40000,BE23,Provincie Oost-Vlaanderen,De Grave,328
671,40000,BE23,Provincie Oost-Vlaanderen,Jacob,328
671,40000,BE23,Provincie Oost-Vlaanderen,Roose,328
674,40000,BE23,Provincie Oost-Vlaanderen,Coussement,327
674,40000,BE23,Provincie Oost-Vlaanderen,Dejonghe,327
676,40000,BE23,Provincie Oost-Vlaanderen,Leus,326
676,40000,BE23,Provincie Oost-Vlaanderen,Verdoodt,326
678,40000,BE23,Provincie Oost-Vlaanderen,Aydin,325
678,40000,BE23,Provincie Oost-Vlaanderen,Sari,325
680,40000,BE23,Provincie Oost-Vlaanderen,De Reu,324
681,40000,BE23,Provincie Oost-Vlaanderen,Beernaert,323
681,40000,BE23,Provincie Oost-Vlaanderen,Casteleyn,323
681,40000,BE23,Provincie Oost-Vlaanderen,D'Hollander,323
681,40000,BE23,Provincie Oost-Vlaanderen,Mannaert,323
685,40000,BE23,Provincie Oost-Vlaanderen,Avci,322
685,40000,BE23,Provincie Oost-Vlaanderen,Voet,322
685,40000,BE23,Provincie Oost-Vlaanderen,Zaman,322
688,40000,BE23,Provincie Oost-Vlaanderen,Van Vlaenderen,321
689,40000,BE23,Provincie Oost-Vlaanderen,De Rop,320
689,40000,BE23,Provincie Oost-Vlaanderen,Snauwaert,320
689,40000,BE23,Provincie Oost-Vlaanderen,Stoop,320
692,40000,BE23,Provincie Oost-Vlaanderen,Arijs,319
692,40000,BE23,Provincie Oost-Vlaanderen,Janssen,319
694,40000,BE23,Provincie Oost-Vlaanderen,Acke,318
694,40000,BE23,Provincie Oost-Vlaanderen,Brys,318
694,40000,BE23,Provincie Oost-Vlaanderen,De Cocker,318
697,40000,BE23,Provincie Oost-Vlaanderen,De Meyere,317
698,40000,BE23,Provincie Oost-Vlaanderen,De Brabanter,316
698,40000,BE23,Provincie Oost-Vlaanderen,Rotthier,316
698,40000,BE23,Provincie Oost-Vlaanderen,Steenbeke,316
698,40000,BE23,Provincie Oost-Vlaanderen,Van Boxstael,316
702,40000,BE23,Provincie Oost-Vlaanderen,De Veirman,315
702,40000,BE23,Provincie Oost-Vlaanderen,Deconinck,315
702,40000,BE23,Provincie Oost-Vlaanderen,Heirwegh,315
702,40000,BE23,Provincie Oost-Vlaanderen,Malfait,315
706,40000,BE23,Provincie Oost-Vlaanderen,De Koker,314
706,40000,BE23,Provincie Oost-Vlaanderen,De Swaef,314
708,40000,BE23,Provincie Oost-Vlaanderen,Bouckaert,313
708,40000,BE23,Provincie Oost-Vlaanderen,De Brandt,313
708,40000,BE23,Provincie Oost-Vlaanderen,Dujardin,313
708,40000,BE23,Provincie Oost-Vlaanderen,Michels,313
708,40000,BE23,Provincie Oost-Vlaanderen,Sahin,313
713,40000,BE23,Provincie Oost-Vlaanderen,De Meulenaere,312
713,40000,BE23,Provincie Oost-Vlaanderen,Suy,312
713,40000,BE23,Provincie Oost-Vlaanderen,Teirlinck,312
716,40000,BE23,Provincie Oost-Vlaanderen,Depaepe,311
716,40000,BE23,Provincie Oost-Vlaanderen,Sterck,311
716,40000,BE23,Provincie Oost-Vlaanderen,Thienpondt,311
719,40000,BE23,Provincie Oost-Vlaanderen,Dooms,310
719,40000,BE23,Provincie Oost-Vlaanderen,Mahieu,310
719,40000,BE23,Provincie Oost-Vlaanderen,Petit,310
719,40000,BE23,Provincie Oost-Vlaanderen,Van Gyseghem,310
719,40000,BE23,Provincie Oost-Vlaanderen,Vincent,310
724,40000,BE23,Provincie Oost-Vlaanderen,Schuddinck,309
724,40000,BE23,Provincie Oost-Vlaanderen,Vandevoorde,309
724,40000,BE23,Provincie Oost-Vlaanderen,Verdegem,309
727,40000,BE23,Provincie Oost-Vlaanderen,Feys,308
727,40000,BE23,Provincie Oost-Vlaanderen,Lauwaert,308
729,40000,BE23,Provincie Oost-Vlaanderen,Depuydt,307
729,40000,BE23,Provincie Oost-Vlaanderen,Hasan,307
729,40000,BE23,Provincie Oost-Vlaanderen,Leyman,307
729,40000,BE23,Provincie Oost-Vlaanderen,Van Overmeire,307
729,40000,BE23,Provincie Oost-Vlaanderen,Velghe,307
734,40000,BE23,Provincie Oost-Vlaanderen,Hutsebaut,306
734,40000,BE23,Provincie Oost-Vlaanderen,Steurbaut,306
736,40000,BE23,Provincie Oost-Vlaanderen,Geldof,305
736,40000,BE23,Provincie Oost-Vlaanderen,Parmentier,305
736,40000,BE23,Provincie Oost-Vlaanderen,Steeman,305
739,40000,BE23,Provincie Oost-Vlaanderen,De Loor,304
739,40000,BE23,Provincie Oost-Vlaanderen,Valcke,304
739,40000,BE23,Provincie Oost-Vlaanderen,Van de Steene,304
742,40000,BE23,Provincie Oost-Vlaanderen,De Munter,303
742,40000,BE23,Provincie Oost-Vlaanderen,Demeulemeester,303
742,40000,BE23,Provincie Oost-Vlaanderen,Meskens,303
745,40000,BE23,Provincie Oost-Vlaanderen,Vanderhaegen,302
746,40000,BE23,Provincie Oost-Vlaanderen,Callewaert,301
746,40000,BE23,Provincie Oost-Vlaanderen,De Smaele,301
746,40000,BE23,Provincie Oost-Vlaanderen,Persoons,301
746,40000,BE23,Provincie Oost-Vlaanderen,Van Roeyen,301
750,40000,BE23,Provincie Oost-Vlaanderen,Antheunis,300
750,40000,BE23,Provincie Oost-Vlaanderen,Bert,300
750,40000,BE23,Provincie Oost-Vlaanderen,Borms,300
750,40000,BE23,Provincie Oost-Vlaanderen,Nijs,300
750,40000,BE23,Provincie Oost-Vlaanderen,Verberckmoes,300
755,40000,BE23,Provincie Oost-Vlaanderen,De Cubber,299
755,40000,BE23,Provincie Oost-Vlaanderen,Van Landuyt,299
757,40000,BE23,Provincie Oost-Vlaanderen,D'haeseleer,298
757,40000,BE23,Provincie Oost-Vlaanderen,De Braekeleer,298
757,40000,BE23,Provincie Oost-Vlaanderen,De Keukeleire,298
757,40000,BE23,Provincie Oost-Vlaanderen,De Saeger,298
757,40000,BE23,Provincie Oost-Vlaanderen,Devriese,298
757,40000,BE23,Provincie Oost-Vlaanderen,Sanders,298
757,40000,BE23,Provincie Oost-Vlaanderen,Van Kerckvoorde,298
764,40000,BE23,Provincie Oost-Vlaanderen,Lampaert,297
765,40000,BE23,Provincie Oost-Vlaanderen,Bockstaele,296
765,40000,BE23,Provincie Oost-Vlaanderen,Plasschaert,296
765,40000,BE23,Provincie Oost-Vlaanderen,Van Roy,296
768,40000,BE23,Provincie Oost-Vlaanderen,Dellaert,295
768,40000,BE23,Provincie Oost-Vlaanderen,Ghysels,295
768,40000,BE23,Provincie Oost-Vlaanderen,Van Camp,295
771,40000,BE23,Provincie Oost-Vlaanderen,Van den Berge,294
772,40000,BE23,Provincie Oost-Vlaanderen,Vergeylen,293
773,40000,BE23,Provincie Oost-Vlaanderen,Boelaert,292
774,40000,BE23,Provincie Oost-Vlaanderen,Heyerick,291
774,40000,BE23,Provincie Oost-Vlaanderen,Van den Hende,291
776,40000,BE23,Provincie Oost-Vlaanderen,De Leenheer,290
776,40000,BE23,Provincie Oost-Vlaanderen,Devriendt,290
776,40000,BE23,Provincie Oost-Vlaanderen,Holvoet,290
779,40000,BE23,Provincie Oost-Vlaanderen,Demuynck,289
779,40000,BE23,Provincie Oost-Vlaanderen,Jansegers,289
781,40000,BE23,Provincie Oost-Vlaanderen,Malfliet,288
781,40000,BE23,Provincie Oost-Vlaanderen,Van de Sompel,288
781,40000,BE23,Provincie Oost-Vlaanderen,Verhasselt,288
784,40000,BE23,Provincie Oost-Vlaanderen,Beeckmans,287
784,40000,BE23,Provincie Oost-Vlaanderen,De Weirdt,287
784,40000,BE23,Provincie Oost-Vlaanderen,Goemaere,287
784,40000,BE23,Provincie Oost-Vlaanderen,Speeckaert,287
784,40000,BE23,Provincie Oost-Vlaanderen,Van de Kerckhove,287
784,40000,BE23,Provincie Oost-Vlaanderen,Wittevrongel,287
790,40000,BE23,Provincie Oost-Vlaanderen,Bosteels,286
790,40000,BE23,Provincie Oost-Vlaanderen,Debbaut,286
790,40000,BE23,Provincie Oost-Vlaanderen,Jonckheere,286
790,40000,BE23,Provincie Oost-Vlaanderen,Vertriest,286
794,40000,BE23,Provincie Oost-Vlaanderen,De Jaegher,285
794,40000,BE23,Provincie Oost-Vlaanderen,Van Waeyenberghe,285
796,40000,BE23,Provincie Oost-Vlaanderen,Broekaert,284
796,40000,BE23,Provincie Oost-Vlaanderen,Creve,284
796,40000,BE23,Provincie Oost-Vlaanderen,Permentier,284
796,40000,BE23,Provincie Oost-Vlaanderen,Ringoot,284
796,40000,BE23,Provincie Oost-Vlaanderen,Singh,284
801,40000,BE23,Provincie Oost-Vlaanderen,Dekens,283
801,40000,BE23,Provincie Oost-Vlaanderen,Dhaene,283
801,40000,BE23,Provincie Oost-Vlaanderen,Diependaele,283
801,40000,BE23,Provincie Oost-Vlaanderen,Huysman,283
801,40000,BE23,Provincie Oost-Vlaanderen,Rousseau,283
806,40000,BE23,Provincie Oost-Vlaanderen,Meersschaut,282
806,40000,BE23,Provincie Oost-Vlaanderen,Van Havere,282
806,40000,BE23,Provincie Oost-Vlaanderen,Van de Maele,282
806,40000,BE23,Provincie Oost-Vlaanderen,Vansteenkiste,282
810,40000,BE23,Provincie Oost-Vlaanderen,Verelst,281
811,40000,BE23,Provincie Oost-Vlaanderen,De Prez,280
811,40000,BE23,Provincie Oost-Vlaanderen,Kint,280
811,40000,BE23,Provincie Oost-Vlaanderen,Opsomer,280
811,40000,BE23,Provincie Oost-Vlaanderen,Verbiest,280
815,40000,BE23,Provincie Oost-Vlaanderen,Borremans,279
815,40000,BE23,Provincie Oost-Vlaanderen,Glorieux,279
815,40000,BE23,Provincie Oost-Vlaanderen,Noppe,279
815,40000,BE23,Provincie Oost-Vlaanderen,Pletinckx,279
819,40000,BE23,Provincie Oost-Vlaanderen,Deckers,278
820,40000,BE23,Provincie Oost-Vlaanderen,De Bolle,277
820,40000,BE23,Provincie Oost-Vlaanderen,Depauw,277
822,40000,BE23,Provincie Oost-Vlaanderen,De Pessemier,276
822,40000,BE23,Provincie Oost-Vlaanderen,Hillaert,276
822,40000,BE23,Provincie Oost-Vlaanderen,Van Den Berge,276
825,40000,BE23,Provincie Oost-Vlaanderen,Bruneel,275
825,40000,BE23,Provincie Oost-Vlaanderen,Demir,275
825,40000,BE23,Provincie Oost-Vlaanderen,Erauw,275
825,40000,BE23,Provincie Oost-Vlaanderen,Heyninck,275
829,40000,BE23,Provincie Oost-Vlaanderen,Dhooge,274
829,40000,BE23,Provincie Oost-Vlaanderen,Santens,274
829,40000,BE23,Provincie Oost-Vlaanderen,Van Puyenbroeck,274
829,40000,BE23,Provincie Oost-Vlaanderen,Vlaminck,274
833,40000,BE23,Provincie Oost-Vlaanderen,Aelvoet,273
833,40000,BE23,Provincie Oost-Vlaanderen,Cobbaert,273
833,40000,BE23,Provincie Oost-Vlaanderen,De Feyter,273
836,40000,BE23,Provincie Oost-Vlaanderen,Cosyns,272
836,40000,BE23,Provincie Oost-Vlaanderen,De Bisschop,272
836,40000,BE23,Provincie Oost-Vlaanderen,Gök,272
836,40000,BE23,Provincie Oost-Vlaanderen,Soetens,272
836,40000,BE23,Provincie Oost-Vlaanderen,Van Gansbeke,272
836,40000,BE23,Provincie Oost-Vlaanderen,Vanderlinden,272
842,40000,BE23,Provincie Oost-Vlaanderen,De Loof,271
842,40000,BE23,Provincie Oost-Vlaanderen,Khan,271
842,40000,BE23,Provincie Oost-Vlaanderen,Van Caenegem,271
845,40000,BE23,Provincie Oost-Vlaanderen,Annaert,270
845,40000,BE23,Provincie Oost-Vlaanderen,De Wachter,270
845,40000,BE23,Provincie Oost-Vlaanderen,Franck,270
848,40000,BE23,Provincie Oost-Vlaanderen,Barry,269
848,40000,BE23,Provincie Oost-Vlaanderen,Billiet,269
848,40000,BE23,Provincie Oost-Vlaanderen,Van Cauwenbergh,269
848,40000,BE23,Provincie Oost-Vlaanderen,Vanden Bossche,269
852,40000,BE23,Provincie Oost-Vlaanderen,Blancke,268
852,40000,BE23,Provincie Oost-Vlaanderen,De Naeyer,268
852,40000,BE23,Provincie Oost-Vlaanderen,Derycke,268
852,40000,BE23,Provincie Oost-Vlaanderen,Descamps,268
852,40000,BE23,Provincie Oost-Vlaanderen,Kindt,268
852,40000,BE23,Provincie Oost-Vlaanderen,Lybaert,268
852,40000,BE23,Provincie Oost-Vlaanderen,Vernaillen,268
852,40000,BE23,Provincie Oost-Vlaanderen,Yildiz,268
860,40000,BE23,Provincie Oost-Vlaanderen,Eeman,267
861,40000,BE23,Provincie Oost-Vlaanderen,De Vulder,266
861,40000,BE23,Provincie Oost-Vlaanderen,Persyn,266
861,40000,BE23,Provincie Oost-Vlaanderen,Van Gasse,266
861,40000,BE23,Provincie Oost-Vlaanderen,Verschuere,266
865,40000,BE23,Provincie Oost-Vlaanderen,De Brucker,265
865,40000,BE23,Provincie Oost-Vlaanderen,De Kerf,265
865,40000,BE23,Provincie Oost-Vlaanderen,De Volder,265
865,40000,BE23,Provincie Oost-Vlaanderen,Schelfaut,265
865,40000,BE23,Provincie Oost-Vlaanderen,Schoonjans,265
865,40000,BE23,Provincie Oost-Vlaanderen,Van Zele,265
871,40000,BE23,Provincie Oost-Vlaanderen,Aelterman,264
871,40000,BE23,Provincie Oost-Vlaanderen,Coryn,264
871,40000,BE23,Provincie Oost-Vlaanderen,De Craecker,264
871,40000,BE23,Provincie Oost-Vlaanderen,De Deyn,264
871,40000,BE23,Provincie Oost-Vlaanderen,De Keukelaere,264
871,40000,BE23,Provincie Oost-Vlaanderen,De Pelsmaeker,264
871,40000,BE23,Provincie Oost-Vlaanderen,Maebe,264
871,40000,BE23,Provincie Oost-Vlaanderen,Rosseel,264
871,40000,BE23,Provincie Oost-Vlaanderen,Spruyt,264
871,40000,BE23,Provincie Oost-Vlaanderen,Tollenaere,264
871,40000,BE23,Provincie Oost-Vlaanderen,Van Steenberge,264
871,40000,BE23,Provincie Oost-Vlaanderen,Vanhecke,264
883,40000,BE23,Provincie Oost-Vlaanderen,Burm,263
883,40000,BE23,Provincie Oost-Vlaanderen,De Vliegher,263
883,40000,BE23,Provincie Oost-Vlaanderen,Kesteleyn,263
883,40000,BE23,Provincie Oost-Vlaanderen,Van Den Steen,263
883,40000,BE23,Provincie Oost-Vlaanderen,Van Houtte,263
883,40000,BE23,Provincie Oost-Vlaanderen,Van Wambeke,263
889,40000,BE23,Provincie Oost-Vlaanderen,Aslan,262
889,40000,BE23,Provincie Oost-Vlaanderen,Bosmans,262
889,40000,BE23,Provincie Oost-Vlaanderen,Haerens,262
889,40000,BE23,Provincie Oost-Vlaanderen,Ruys,262
889,40000,BE23,Provincie Oost-Vlaanderen,Schamp,262
889,40000,BE23,Provincie Oost-Vlaanderen,Van Beveren,262
889,40000,BE23,Provincie Oost-Vlaanderen,Van Thuyne,262
896,40000,BE23,Provincie Oost-Vlaanderen,De Keersmaeker,261
896,40000,BE23,Provincie Oost-Vlaanderen,Van Eeckhout,261
896,40000,BE23,Provincie Oost-Vlaanderen,Öztürk,261
899,40000,BE23,Provincie Oost-Vlaanderen,Ferket,260
899,40000,BE23,Provincie Oost-Vlaanderen,Luyckx,260
899,40000,BE23,Provincie Oost-Vlaanderen,Van Eynde,260
899,40000,BE23,Provincie Oost-Vlaanderen,Van de Weghe,260
903,40000,BE23,Provincie Oost-Vlaanderen,Arys,259
903,40000,BE23,Provincie Oost-Vlaanderen,Berisha,259
903,40000,BE23,Provincie Oost-Vlaanderen,De Cremer,259
903,40000,BE23,Provincie Oost-Vlaanderen,De Poortere,259
903,40000,BE23,Provincie Oost-Vlaanderen,Minne,259
903,40000,BE23,Provincie Oost-Vlaanderen,Nobels,259
903,40000,BE23,Provincie Oost-Vlaanderen,Van Dam,259
903,40000,BE23,Provincie Oost-Vlaanderen,Van Laeken,259
911,40000,BE23,Provincie Oost-Vlaanderen,Coessens,258
911,40000,BE23,Provincie Oost-Vlaanderen,De Graef,258
911,40000,BE23,Provincie Oost-Vlaanderen,Torrekens,258
911,40000,BE23,Provincie Oost-Vlaanderen,Van Kerkhove,258
911,40000,BE23,Provincie Oost-Vlaanderen,Van Moer,258
916,40000,BE23,Provincie Oost-Vlaanderen,Angelov,257
916,40000,BE23,Provincie Oost-Vlaanderen,Caudron,257
916,40000,BE23,Provincie Oost-Vlaanderen,De Sloover,257
916,40000,BE23,Provincie Oost-Vlaanderen,Mees,257
916,40000,BE23,Provincie Oost-Vlaanderen,Pede,257
916,40000,BE23,Provincie Oost-Vlaanderen,Shinwari,257
922,40000,BE23,Provincie Oost-Vlaanderen,Coen,256
922,40000,BE23,Provincie Oost-Vlaanderen,De Koninck,256
922,40000,BE23,Provincie Oost-Vlaanderen,De Raeve,256
922,40000,BE23,Provincie Oost-Vlaanderen,Eeckhoudt,256
922,40000,BE23,Provincie Oost-Vlaanderen,Van Dyck,256
922,40000,BE23,Provincie Oost-Vlaanderen,Vispoel,256
928,40000,BE23,Provincie Oost-Vlaanderen,Clement,255
928,40000,BE23,Provincie Oost-Vlaanderen,Colle,255
928,40000,BE23,Provincie Oost-Vlaanderen,De Proft,255
928,40000,BE23,Provincie Oost-Vlaanderen,Ketels,255
932,40000,BE23,Provincie Oost-Vlaanderen,D'Hooghe,254
932,40000,BE23,Provincie Oost-Vlaanderen,D'hollander,254
932,40000,BE23,Provincie Oost-Vlaanderen,Melis,254
935,40000,BE23,Provincie Oost-Vlaanderen,Cappaert,253
935,40000,BE23,Provincie Oost-Vlaanderen,D'Hooge,253
935,40000,BE23,Provincie Oost-Vlaanderen,Heynderickx,253
935,40000,BE23,Provincie Oost-Vlaanderen,Van Londersele,253
935,40000,BE23,Provincie Oost-Vlaanderen,Verheye,253
935,40000,BE23,Provincie Oost-Vlaanderen,Özer,253
941,40000,BE23,Provincie Oost-Vlaanderen,Limpens,252
941,40000,BE23,Provincie Oost-Vlaanderen,Van der Cruyssen,252
941,40000,BE23,Provincie Oost-Vlaanderen,Waegeman,252
944,40000,BE23,Provincie Oost-Vlaanderen,Adams,251
944,40000,BE23,Provincie Oost-Vlaanderen,Geeraerts,251
946,40000,BE23,Provincie Oost-Vlaanderen,De Doncker,250
946,40000,BE23,Provincie Oost-Vlaanderen,De Vis,250
946,40000,BE23,Provincie Oost-Vlaanderen,De Windt,250
946,40000,BE23,Provincie Oost-Vlaanderen,Guns,250
946,40000,BE23,Provincie Oost-Vlaanderen,Wauman,250
951,40000,BE23,Provincie Oost-Vlaanderen,De Ruyver,249
951,40000,BE23,Provincie Oost-Vlaanderen,Mariman,249
951,40000,BE23,Provincie Oost-Vlaanderen,Verlee,249
954,40000,BE23,Provincie Oost-Vlaanderen,Bal,248
954,40000,BE23,Provincie Oost-Vlaanderen,Dewilde,248
954,40000,BE23,Provincie Oost-Vlaanderen,Mettepenningen,248
954,40000,BE23,Provincie Oost-Vlaanderen,Stalpaert,248
954,40000,BE23,Provincie Oost-Vlaanderen,Van Britsom,248
959,40000,BE23,Provincie Oost-Vlaanderen,Adriaens,247
959,40000,BE23,Provincie Oost-Vlaanderen,Vanderheyden,247
961,40000,BE23,Provincie Oost-Vlaanderen,Leeman,246
961,40000,BE23,Provincie Oost-Vlaanderen,Van Hese,246
961,40000,BE23,Provincie Oost-Vlaanderen,Wynant,246
964,40000,BE23,Provincie Oost-Vlaanderen,Brondeel,245
964,40000,BE23,Provincie Oost-Vlaanderen,Daneels,245
964,40000,BE23,Provincie Oost-Vlaanderen,Demey,245
964,40000,BE23,Provincie Oost-Vlaanderen,Seeuws,245
968,40000,BE23,Provincie Oost-Vlaanderen,De Nul,244
968,40000,BE23,Provincie Oost-Vlaanderen,Denys,244
968,40000,BE23,Provincie Oost-Vlaanderen,Desmedt,244
968,40000,BE23,Provincie Oost-Vlaanderen,Macharis,244
968,40000,BE23,Provincie Oost-Vlaanderen,Mattheeuws,244
968,40000,BE23,Provincie Oost-Vlaanderen,Van Severen,244
968,40000,BE23,Provincie Oost-Vlaanderen,Yüksel,244
975,40000,BE23,Provincie Oost-Vlaanderen,Capiau,243
975,40000,BE23,Provincie Oost-Vlaanderen,D'hooghe,243
975,40000,BE23,Provincie Oost-Vlaanderen,Linthout,243
975,40000,BE23,Provincie Oost-Vlaanderen,Osselaer,243
975,40000,BE23,Provincie Oost-Vlaanderen,Van Campenhout,243
975,40000,BE23,Provincie Oost-Vlaanderen,Van Hoof,243
975,40000,BE23,Provincie Oost-Vlaanderen,Van Kerrebroeck,243
975,40000,BE23,Provincie Oost-Vlaanderen,Van Steen,243
975,40000,BE23,Provincie Oost-Vlaanderen,Van Steenkiste,243
984,40000,BE23,Provincie Oost-Vlaanderen,De Caluwe,242
984,40000,BE23,Provincie Oost-Vlaanderen,De Rijck,242
984,40000,BE23,Provincie Oost-Vlaanderen,De Wandel,242
984,40000,BE23,Provincie Oost-Vlaanderen,Moerenhout,242
984,40000,BE23,Provincie Oost-Vlaanderen,Vander Beken,242
984,40000,BE23,Provincie Oost-Vlaanderen,Verbrugge,242
990,40000,BE23,Provincie Oost-Vlaanderen,Goubert,241
990,40000,BE23,Provincie Oost-Vlaanderen,Mathys,241
990,40000,BE23,Provincie Oost-Vlaanderen,Vancoppenolle,241
993,40000,BE23,Provincie Oost-Vlaanderen,Anné,240
993,40000,BE23,Provincie Oost-Vlaanderen,Mariën,240
993,40000,BE23,Provincie Oost-Vlaanderen,Ottoy,240
993,40000,BE23,Provincie Oost-Vlaanderen,Vanhee,240
997,40000,BE23,Provincie Oost-Vlaanderen,Bossuyt,239
997,40000,BE23,Provincie Oost-Vlaanderen,Geeraert,239
997,40000,BE23,Provincie Oost-Vlaanderen,Van Rysselberghe,239
997,40000,BE23,Provincie Oost-Vlaanderen,Van Wijmeersch,239
1001,40000,BE23,Provincie Oost-Vlaanderen,Angelova,238
1001,40000,BE23,Provincie Oost-Vlaanderen,Baes,238
1001,40000,BE23,Provincie Oost-Vlaanderen,Decoster,238
1001,40000,BE23,Provincie Oost-Vlaanderen,Sabbe,238
1001,40000,BE23,Provincie Oost-Vlaanderen,Van Remoortere,238
1001,40000,BE23,Provincie Oost-Vlaanderen,Wullaert,238
1007,40000,BE23,Provincie Oost-Vlaanderen,Bellemans,237
1007,40000,BE23,Provincie Oost-Vlaanderen,Casier,237
1007,40000,BE23,Provincie Oost-Vlaanderen,Cauwels,237
1007,40000,BE23,Provincie Oost-Vlaanderen,De Bosscher,237
1007,40000,BE23,Provincie Oost-Vlaanderen,Hellemans,237
1007,40000,BE23,Provincie Oost-Vlaanderen,Machtelinckx,237
1007,40000,BE23,Provincie Oost-Vlaanderen,Meeus,237
1007,40000,BE23,Provincie Oost-Vlaanderen,Wuyts,237
1015,40000,BE23,Provincie Oost-Vlaanderen,Arslan,236
1015,40000,BE23,Provincie Oost-Vlaanderen,Beke,236
1015,40000,BE23,Provincie Oost-Vlaanderen,Cassiman,236
1015,40000,BE23,Provincie Oost-Vlaanderen,De Kock,236
1015,40000,BE23,Provincie Oost-Vlaanderen,De Meerleer,236
1015,40000,BE23,Provincie Oost-Vlaanderen,De Weerdt,236
1015,40000,BE23,Provincie Oost-Vlaanderen,Ghys,236
1015,40000,BE23,Provincie Oost-Vlaanderen,Lauwereys,236
1015,40000,BE23,Provincie Oost-Vlaanderen,Marchand,236
1015,40000,BE23,Provincie Oost-Vlaanderen,Uytterhaegen,236
1015,40000,BE23,Provincie Oost-Vlaanderen,Vande Walle,236
1026,40000,BE23,Provincie Oost-Vlaanderen,Danckaert,235
1026,40000,BE23,Provincie Oost-Vlaanderen,De Coensel,235
1026,40000,BE23,Provincie Oost-Vlaanderen,Robberecht,235
1026,40000,BE23,Provincie Oost-Vlaanderen,Van Hoye,235
1030,40000,BE23,Provincie Oost-Vlaanderen,Jansen,234
1030,40000,BE23,Provincie Oost-Vlaanderen,Palit,234
1032,40000,BE23,Provincie Oost-Vlaanderen,Alghalban,233
1032,40000,BE23,Provincie Oost-Vlaanderen,Bruyland,233
1032,40000,BE23,Provincie Oost-Vlaanderen,Cleys,233
1032,40000,BE23,Provincie Oost-Vlaanderen,De Beul,233
1032,40000,BE23,Provincie Oost-Vlaanderen,De Lille,233
1032,40000,BE23,Provincie Oost-Vlaanderen,Quintyn,233
1032,40000,BE23,Provincie Oost-Vlaanderen,Van Buggenhout,233
1039,40000,BE23,Provincie Oost-Vlaanderen,Cobbaut,232
1039,40000,BE23,Provincie Oost-Vlaanderen,De Kinder,232
1039,40000,BE23,Provincie Oost-Vlaanderen,Karanfil,232
1039,40000,BE23,Provincie Oost-Vlaanderen,Luypaert,232
1039,40000,BE23,Provincie Oost-Vlaanderen,Van Crombrugge,232
1039,40000,BE23,Provincie Oost-Vlaanderen,Van Ruyskensvelde,232
1045,40000,BE23,Provincie Oost-Vlaanderen,Deleu,231
1045,40000,BE23,Provincie Oost-Vlaanderen,Duyck,231
1045,40000,BE23,Provincie Oost-Vlaanderen,Eeckhaut,231
1045,40000,BE23,Provincie Oost-Vlaanderen,Geiregat,231
1045,40000,BE23,Provincie Oost-Vlaanderen,Van Gysegem,231
1045,40000,BE23,Provincie Oost-Vlaanderen,Van Petegem,231
1045,40000,BE23,Provincie Oost-Vlaanderen,Van Sande,231
1052,40000,BE23,Provincie Oost-Vlaanderen,Buggenhout,230
1052,40000,BE23,Provincie Oost-Vlaanderen,De Coene,230
1052,40000,BE23,Provincie Oost-Vlaanderen,Sterckx,230
1052,40000,BE23,Provincie Oost-Vlaanderen,Van Bastelaere,230
1052,40000,BE23,Provincie Oost-Vlaanderen,Van Laecke,230
1052,40000,BE23,Provincie Oost-Vlaanderen,Verplancke,230
1058,40000,BE23,Provincie Oost-Vlaanderen,Triest,229
1058,40000,BE23,Provincie Oost-Vlaanderen,Van Nieuwenhuyse,229
1058,40000,BE23,Provincie Oost-Vlaanderen,Van der Beken,229
1058,40000,BE23,Provincie Oost-Vlaanderen,Vertongen,229
1062,40000,BE23,Provincie Oost-Vlaanderen,Van der Gucht,228
1062,40000,BE23,Provincie Oost-Vlaanderen,Vervaeke,228
1062,40000,BE23,Provincie Oost-Vlaanderen,Veys,228
1065,40000,BE23,Provincie Oost-Vlaanderen,Buyens,227
1065,40000,BE23,Provincie Oost-Vlaanderen,Coopman,227
1065,40000,BE23,Provincie Oost-Vlaanderen,Demeester,227
1065,40000,BE23,Provincie Oost-Vlaanderen,Oste,227
1065,40000,BE23,Provincie Oost-Vlaanderen,Van den Heede,227
1070,40000,BE23,Provincie Oost-Vlaanderen,Dhaese,226
1070,40000,BE23,Provincie Oost-Vlaanderen,Platteau,226
1070,40000,BE23,Provincie Oost-Vlaanderen,Verbanck,226
1073,40000,BE23,Provincie Oost-Vlaanderen,Akin,225
1073,40000,BE23,Provincie Oost-Vlaanderen,Geldhof,225
1073,40000,BE23,Provincie Oost-Vlaanderen,Heye,225
1073,40000,BE23,Provincie Oost-Vlaanderen,Martin,225
1073,40000,BE23,Provincie Oost-Vlaanderen,Uyttenhove,225
1073,40000,BE23,Provincie Oost-Vlaanderen,Van Esbroeck,225
1073,40000,BE23,Provincie Oost-Vlaanderen,Vergucht,225
1080,40000,BE23,Provincie Oost-Vlaanderen,Cant,224
1080,40000,BE23,Provincie Oost-Vlaanderen,D'Hoker,224
1080,40000,BE23,Provincie Oost-Vlaanderen,Gabriël,224
1080,40000,BE23,Provincie Oost-Vlaanderen,Muys,224
1084,40000,BE23,Provincie Oost-Vlaanderen,Ahmadi,223
1084,40000,BE23,Provincie Oost-Vlaanderen,De Sadeleer,223
1084,40000,BE23,Provincie Oost-Vlaanderen,Hamerlinck,223
1084,40000,BE23,Provincie Oost-Vlaanderen,Laureyns,223
1084,40000,BE23,Provincie Oost-Vlaanderen,Thoen,223
1084,40000,BE23,Provincie Oost-Vlaanderen,Van Rentergem,223
1084,40000,BE23,Provincie Oost-Vlaanderen,Vertenten,223
1084,40000,BE23,Provincie Oost-Vlaanderen,Wellekens,223
1092,40000,BE23,Provincie Oost-Vlaanderen,Broeckaert,222
1092,40000,BE23,Provincie Oost-Vlaanderen,De Letter,222
1092,40000,BE23,Provincie Oost-Vlaanderen,Krasniqi,222
1092,40000,BE23,Provincie Oost-Vlaanderen,Lenaerts,222
1096,40000,BE23,Provincie Oost-Vlaanderen,De Croock,221
1096,40000,BE23,Provincie Oost-Vlaanderen,De Groot,221
1096,40000,BE23,Provincie Oost-Vlaanderen,Roosens,221
1099,40000,BE23,Provincie Oost-Vlaanderen,Albrecht,220
1099,40000,BE23,Provincie Oost-Vlaanderen,Bilici,220
1099,40000,BE23,Provincie Oost-Vlaanderen,Dhollander,220
1099,40000,BE23,Provincie Oost-Vlaanderen,Smits,220
1099,40000,BE23,Provincie Oost-Vlaanderen,Van Oudenhove,220
1099,40000,BE23,Provincie Oost-Vlaanderen,Van Wiele,220
1099,40000,BE23,Provincie Oost-Vlaanderen,Vermeeren,220
1106,40000,BE23,Provincie Oost-Vlaanderen,D'heer,219
1106,40000,BE23,Provincie Oost-Vlaanderen,Droesbeke,219
1106,40000,BE23,Provincie Oost-Vlaanderen,Hebbelinck,219
1106,40000,BE23,Provincie Oost-Vlaanderen,Roets,219
1106,40000,BE23,Provincie Oost-Vlaanderen,Van Nevel,219
1106,40000,BE23,Provincie Oost-Vlaanderen,Verdickt,219
1112,40000,BE23,Provincie Oost-Vlaanderen,De Blieck,218
1112,40000,BE23,Provincie Oost-Vlaanderen,Duran,218
1112,40000,BE23,Provincie Oost-Vlaanderen,Naert,218
1112,40000,BE23,Provincie Oost-Vlaanderen,Vyverman,218
1116,40000,BE23,Provincie Oost-Vlaanderen,De Dobbeleer,217
1116,40000,BE23,Provincie Oost-Vlaanderen,Lenssens,217
1116,40000,BE23,Provincie Oost-Vlaanderen,Van Hijfte,217
1116,40000,BE23,Provincie Oost-Vlaanderen,Weemaes,217
1120,40000,BE23,Provincie Oost-Vlaanderen,De Ruysscher,216
1120,40000,BE23,Provincie Oost-Vlaanderen,De Troch,216
1120,40000,BE23,Provincie Oost-Vlaanderen,Dieleman,216
1120,40000,BE23,Provincie Oost-Vlaanderen,Nelis,216
1120,40000,BE23,Provincie Oost-Vlaanderen,Samson,216
1120,40000,BE23,Provincie Oost-Vlaanderen,Simons,216
1120,40000,BE23,Provincie Oost-Vlaanderen,Soetaert,216
1120,40000,BE23,Provincie Oost-Vlaanderen,Van Gysel,216
1120,40000,BE23,Provincie Oost-Vlaanderen,Verheecke,216
1129,40000,BE23,Provincie Oost-Vlaanderen,Cuvelier,215
1129,40000,BE23,Provincie Oost-Vlaanderen,Dönmez,215
1129,40000,BE23,Provincie Oost-Vlaanderen,Marin,215
1129,40000,BE23,Provincie Oost-Vlaanderen,Neckebroeck,215
1129,40000,BE23,Provincie Oost-Vlaanderen,Van De Vijver,215
1129,40000,BE23,Provincie Oost-Vlaanderen,Van der Jeught,215
1135,40000,BE23,Provincie Oost-Vlaanderen,Buyck,214
1135,40000,BE23,Provincie Oost-Vlaanderen,Mestdag,214
1137,40000,BE23,Provincie Oost-Vlaanderen,Van Geyt,213
1137,40000,BE23,Provincie Oost-Vlaanderen,Vandermeulen,213
1139,40000,BE23,Provincie Oost-Vlaanderen,Brusselmans,212
1139,40000,BE23,Provincie Oost-Vlaanderen,De Vetter,212
1139,40000,BE23,Provincie Oost-Vlaanderen,Goedertier,212
1139,40000,BE23,Provincie Oost-Vlaanderen,Joris,212
1139,40000,BE23,Provincie Oost-Vlaanderen,Van Keymeulen,212
1144,40000,BE23,Provincie Oost-Vlaanderen,Bonnarens,211
1144,40000,BE23,Provincie Oost-Vlaanderen,D'Haeseleer,211
1144,40000,BE23,Provincie Oost-Vlaanderen,Ibrahim,211
1144,40000,BE23,Provincie Oost-Vlaanderen,Tielemans,211
1144,40000,BE23,Provincie Oost-Vlaanderen,Van Der Heyden,211
1144,40000,BE23,Provincie Oost-Vlaanderen,Van Gaever,211
1150,40000,BE23,Provincie Oost-Vlaanderen,Coolens,210
1150,40000,BE23,Provincie Oost-Vlaanderen,De Bodt,210
1150,40000,BE23,Provincie Oost-Vlaanderen,Genbrugge,210
1150,40000,BE23,Provincie Oost-Vlaanderen,Hermie,210
1150,40000,BE23,Provincie Oost-Vlaanderen,Herssens,210
1150,40000,BE23,Provincie Oost-Vlaanderen,Sorgeloos,210
1150,40000,BE23,Provincie Oost-Vlaanderen,Venneman,210
1157,40000,BE23,Provincie Oost-Vlaanderen,Asenov,209
1157,40000,BE23,Provincie Oost-Vlaanderen,Cole,209
1157,40000,BE23,Provincie Oost-Vlaanderen,De Maeseneer,209
1157,40000,BE23,Provincie Oost-Vlaanderen,De Nys,209
1157,40000,BE23,Provincie Oost-Vlaanderen,Dhooghe,209
1157,40000,BE23,Provincie Oost-Vlaanderen,Herregodts,209
1157,40000,BE23,Provincie Oost-Vlaanderen,Spileers,209
1157,40000,BE23,Provincie Oost-Vlaanderen,Van Den Broeck,209
1157,40000,BE23,Provincie Oost-Vlaanderen,Van den Bremt,209
1157,40000,BE23,Provincie Oost-Vlaanderen,Van der Schueren,209
1157,40000,BE23,Provincie Oost-Vlaanderen,Van der Sypt,209
1157,40000,BE23,Provincie Oost-Vlaanderen,Vanderpoorten,209
1169,40000,BE23,Provincie Oost-Vlaanderen,De Cleene,208
1169,40000,BE23,Provincie Oost-Vlaanderen,De Schuyter,208
1169,40000,BE23,Provincie Oost-Vlaanderen,De Vilder,208
1169,40000,BE23,Provincie Oost-Vlaanderen,Degraeve,208
1169,40000,BE23,Provincie Oost-Vlaanderen,Geerinckx,208
1169,40000,BE23,Provincie Oost-Vlaanderen,Samyn,208
1175,40000,BE23,Provincie Oost-Vlaanderen,Cattoir,207
1175,40000,BE23,Provincie Oost-Vlaanderen,Cerpentier,207
1175,40000,BE23,Provincie Oost-Vlaanderen,Ceulemans,207
1175,40000,BE23,Provincie Oost-Vlaanderen,Claerhout,207
1175,40000,BE23,Provincie Oost-Vlaanderen,Steenhaut,207
1175,40000,BE23,Provincie Oost-Vlaanderen,Van Overbeke,207
1175,40000,BE23,Provincie Oost-Vlaanderen,Van de Casteele,207
1175,40000,BE23,Provincie Oost-Vlaanderen,Verfaillie,207
1183,40000,BE23,Provincie Oost-Vlaanderen,De Saegher,206
1183,40000,BE23,Provincie Oost-Vlaanderen,Maesschalck,206
1183,40000,BE23,Provincie Oost-Vlaanderen,Van Meirvenne,206
1183,40000,BE23,Provincie Oost-Vlaanderen,Van Ooteghem,206
1183,40000,BE23,Provincie Oost-Vlaanderen,Van Wonterghem,206
1188,40000,BE23,Provincie Oost-Vlaanderen,Bettens,205
1188,40000,BE23,Provincie Oost-Vlaanderen,Browaeys,205
1188,40000,BE23,Provincie Oost-Vlaanderen,Kiliç,205
1188,40000,BE23,Provincie Oost-Vlaanderen,Van Dooren,205
1188,40000,BE23,Provincie Oost-Vlaanderen,Van de Woestyne,205
1193,40000,BE23,Provincie Oost-Vlaanderen,Bombeke,204
1193,40000,BE23,Provincie Oost-Vlaanderen,Ismail,204
1193,40000,BE23,Provincie Oost-Vlaanderen,Minnebo,204
1193,40000,BE23,Provincie Oost-Vlaanderen,Piron,204
1197,40000,BE23,Provincie Oost-Vlaanderen,Cornu,203
1197,40000,BE23,Provincie Oost-Vlaanderen,De Bleecker,203
1197,40000,BE23,Provincie Oost-Vlaanderen,Van Autreve,203
1197,40000,BE23,Provincie Oost-Vlaanderen,Van Heghe,203
1201,40000,BE23,Provincie Oost-Vlaanderen,Bultinck,202
1201,40000,BE23,Provincie Oost-Vlaanderen,De Gols,202
1201,40000,BE23,Provincie Oost-Vlaanderen,Devolder,202
1201,40000,BE23,Provincie Oost-Vlaanderen,Eeckman,202
1201,40000,BE23,Provincie Oost-Vlaanderen,Smessaert,202
1201,40000,BE23,Provincie Oost-Vlaanderen,Soenen,202
1201,40000,BE23,Provincie Oost-Vlaanderen,Soens,202
1201,40000,BE23,Provincie Oost-Vlaanderen,Van Mossevelde,202
1201,40000,BE23,Provincie Oost-Vlaanderen,Windels,202
1210,40000,BE23,Provincie Oost-Vlaanderen,Daem,201
1210,40000,BE23,Provincie Oost-Vlaanderen,De Petter,201
1210,40000,BE23,Provincie Oost-Vlaanderen,De Ville,201
1210,40000,BE23,Provincie Oost-Vlaanderen,Dumont,201
1210,40000,BE23,Provincie Oost-Vlaanderen,Lannoo,201
1210,40000,BE23,Provincie Oost-Vlaanderen,Lyssens,201
1210,40000,BE23,Provincie Oost-Vlaanderen,Messiaen,201
1210,40000,BE23,Provincie Oost-Vlaanderen,Peters,201
1210,40000,BE23,Provincie Oost-Vlaanderen,Putteman,201
1210,40000,BE23,Provincie Oost-Vlaanderen,Rogiest,201
1210,40000,BE23,Provincie Oost-Vlaanderen,Tuypens,201
1210,40000,BE23,Provincie Oost-Vlaanderen,Vandenhende,201
1210,40000,BE23,Provincie Oost-Vlaanderen,Waeytens,201
1210,40000,BE23,Provincie Oost-Vlaanderen,Willockx,201
1224,40000,BE23,Provincie Oost-Vlaanderen,De Beer,200
1224,40000,BE23,Provincie Oost-Vlaanderen,De Groeve,200
1224,40000,BE23,Provincie Oost-Vlaanderen,Kahya,200
1224,40000,BE23,Provincie Oost-Vlaanderen,Kara,200
1224,40000,BE23,Provincie Oost-Vlaanderen,Penne,200
1224,40000,BE23,Provincie Oost-Vlaanderen,Van Aerde,200
1230,40000,BE23,Provincie Oost-Vlaanderen,Gosseye,199
1230,40000,BE23,Provincie Oost-Vlaanderen,Karsikaya,199
1230,40000,BE23,Provincie Oost-Vlaanderen,Plas,199
1230,40000,BE23,Provincie Oost-Vlaanderen,Van Rumst,199
1230,40000,BE23,Provincie Oost-Vlaanderen,Van Tittelboom,199
1230,40000,BE23,Provincie Oost-Vlaanderen,Vandenheede,199
1236,40000,BE23,Provincie Oost-Vlaanderen,Asenova,198
1236,40000,BE23,Provincie Oost-Vlaanderen,De Pourcq,198
1238,40000,BE23,Provincie Oost-Vlaanderen,De Sloovere,197
1238,40000,BE23,Provincie Oost-Vlaanderen,Degryse,197
1238,40000,BE23,Provincie Oost-Vlaanderen,Gashi,197
1238,40000,BE23,Provincie Oost-Vlaanderen,Spiessens,197
1238,40000,BE23,Provincie Oost-Vlaanderen,Suys,197
1238,40000,BE23,Provincie Oost-Vlaanderen,T'Kindt,197
1238,40000,BE23,Provincie Oost-Vlaanderen,Van Achter,197
1245,40000,BE23,Provincie Oost-Vlaanderen,Bas,196
1245,40000,BE23,Provincie Oost-Vlaanderen,De Dycker,196
1245,40000,BE23,Provincie Oost-Vlaanderen,Felix,196
1245,40000,BE23,Provincie Oost-Vlaanderen,Huygens,196
1245,40000,BE23,Provincie Oost-Vlaanderen,Lanckman,196
1245,40000,BE23,Provincie Oost-Vlaanderen,Meersschaert,196
1245,40000,BE23,Provincie Oost-Vlaanderen,Vandeweghe,196
1252,40000,BE23,Provincie Oost-Vlaanderen,Beyaert,195
1252,40000,BE23,Provincie Oost-Vlaanderen,Demoor,195
1252,40000,BE23,Provincie Oost-Vlaanderen,Gabriels,195
1252,40000,BE23,Provincie Oost-Vlaanderen,Geens,195
1252,40000,BE23,Provincie Oost-Vlaanderen,Maenhaut,195
1252,40000,BE23,Provincie Oost-Vlaanderen,Reynvoet,195
1252,40000,BE23,Provincie Oost-Vlaanderen,Schotte,195
1252,40000,BE23,Provincie Oost-Vlaanderen,Van De Putte,195
1252,40000,BE23,Provincie Oost-Vlaanderen,Van De Voorde,195
1252,40000,BE23,Provincie Oost-Vlaanderen,Van Vynckt,195
1262,40000,BE23,Provincie Oost-Vlaanderen,Cap,194
1262,40000,BE23,Provincie Oost-Vlaanderen,Daldal,194
1262,40000,BE23,Provincie Oost-Vlaanderen,Dick,194
1262,40000,BE23,Provincie Oost-Vlaanderen,Lissens,194
1262,40000,BE23,Provincie Oost-Vlaanderen,Neirinckx,194
1262,40000,BE23,Provincie Oost-Vlaanderen,Symoens,194
1262,40000,BE23,Provincie Oost-Vlaanderen,Tytgat,194
1262,40000,BE23,Provincie Oost-Vlaanderen,Van Mullem,194
1270,40000,BE23,Provincie Oost-Vlaanderen,Beckers,193
1270,40000,BE23,Provincie Oost-Vlaanderen,Deman,193
1270,40000,BE23,Provincie Oost-Vlaanderen,Laroy,193
1270,40000,BE23,Provincie Oost-Vlaanderen,Thijs,193
1274,40000,BE23,Provincie Oost-Vlaanderen,Allaert,192
1274,40000,BE23,Provincie Oost-Vlaanderen,Chen,192
1274,40000,BE23,Provincie Oost-Vlaanderen,De Ketelaere,192
1274,40000,BE23,Provincie Oost-Vlaanderen,Pots,192
1274,40000,BE23,Provincie Oost-Vlaanderen,Ruyssinck,192
1274,40000,BE23,Provincie Oost-Vlaanderen,Souffriau,192
1274,40000,BE23,Provincie Oost-Vlaanderen,Taghon,192
1274,40000,BE23,Provincie Oost-Vlaanderen,Thomaes,192
1274,40000,BE23,Provincie Oost-Vlaanderen,Van Cutsem,192
1274,40000,BE23,Provincie Oost-Vlaanderen,Walravens,192
1284,40000,BE23,Provincie Oost-Vlaanderen,D'haenens,191
1284,40000,BE23,Provincie Oost-Vlaanderen,Duym,191
1284,40000,BE23,Provincie Oost-Vlaanderen,Notte,191
1287,40000,BE23,Provincie Oost-Vlaanderen,Bernaert,190
1287,40000,BE23,Provincie Oost-Vlaanderen,Cnockaert,190
1287,40000,BE23,Provincie Oost-Vlaanderen,De Nutte,190
1287,40000,BE23,Provincie Oost-Vlaanderen,Legrand,190
1287,40000,BE23,Provincie Oost-Vlaanderen,Li,190
1287,40000,BE23,Provincie Oost-Vlaanderen,Staut,190
1293,40000,BE23,Provincie Oost-Vlaanderen,De Hauwere,189
1293,40000,BE23,Provincie Oost-Vlaanderen,De Laender,189
1293,40000,BE23,Provincie Oost-Vlaanderen,De Mits,189
1293,40000,BE23,Provincie Oost-Vlaanderen,Herreman,189
1293,40000,BE23,Provincie Oost-Vlaanderen,Van Liedekerke,189
1293,40000,BE23,Provincie Oost-Vlaanderen,Van Stappen,189
1293,40000,BE23,Provincie Oost-Vlaanderen,Van den Bussche,189
1293,40000,BE23,Provincie Oost-Vlaanderen,Verbelen,189
1293,40000,BE23,Provincie Oost-Vlaanderen,Wijnant,189
1302,40000,BE23,Provincie Oost-Vlaanderen,Achahbar,188
1302,40000,BE23,Provincie Oost-Vlaanderen,Decorte,188
1302,40000,BE23,Provincie Oost-Vlaanderen,Lagaert,188
1302,40000,BE23,Provincie Oost-Vlaanderen,Magerman,188
1302,40000,BE23,Provincie Oost-Vlaanderen,Sucaet,188
1302,40000,BE23,Provincie Oost-Vlaanderen,Van Caelenberg,188
1302,40000,BE23,Provincie Oost-Vlaanderen,Van Steenberghe,188
1302,40000,BE23,Provincie Oost-Vlaanderen,Vanlerberghe,188
1310,40000,BE23,Provincie Oost-Vlaanderen,Bonnaerens,187
1310,40000,BE23,Provincie Oost-Vlaanderen,Cleemput,187
1310,40000,BE23,Provincie Oost-Vlaanderen,De Geeter,187
1310,40000,BE23,Provincie Oost-Vlaanderen,Deraedt,187
1310,40000,BE23,Provincie Oost-Vlaanderen,Henderickx,187
1310,40000,BE23,Provincie Oost-Vlaanderen,Nimmegeers,187
1310,40000,BE23,Provincie Oost-Vlaanderen,Robbrecht,187
1310,40000,BE23,Provincie Oost-Vlaanderen,Schietecatte,187
1310,40000,BE23,Provincie Oost-Vlaanderen,Van Holderbeke,187
1310,40000,BE23,Provincie Oost-Vlaanderen,Vidts,187
1320,40000,BE23,Provincie Oost-Vlaanderen,Bryssinck,186
1320,40000,BE23,Provincie Oost-Vlaanderen,De Mil,186
1320,40000,BE23,Provincie Oost-Vlaanderen,Lefebvre,186
1320,40000,BE23,Provincie Oost-Vlaanderen,Roelants,186
1320,40000,BE23,Provincie Oost-Vlaanderen,Steels,186
1320,40000,BE23,Provincie Oost-Vlaanderen,Van Herzeele,186
1320,40000,BE23,Provincie Oost-Vlaanderen,Van der Veken,186
1327,40000,BE23,Provincie Oost-Vlaanderen,Bisschop,185
1327,40000,BE23,Provincie Oost-Vlaanderen,Steppe,185
1329,40000,BE23,Provincie Oost-Vlaanderen,Behiels,184
1329,40000,BE23,Provincie Oost-Vlaanderen,Caluwé,184
1329,40000,BE23,Provincie Oost-Vlaanderen,Collier,184
1329,40000,BE23,Provincie Oost-Vlaanderen,Daelemans,184
1329,40000,BE23,Provincie Oost-Vlaanderen,De Maerteleire,184
1329,40000,BE23,Provincie Oost-Vlaanderen,De Meyst,184
1329,40000,BE23,Provincie Oost-Vlaanderen,Eylenbosch,184
1329,40000,BE23,Provincie Oost-Vlaanderen,Govaerts,184
1329,40000,BE23,Provincie Oost-Vlaanderen,Lamon,184
1329,40000,BE23,Provincie Oost-Vlaanderen,Vandenhaute,184
1339,40000,BE23,Provincie Oost-Vlaanderen,De Roos,183
1339,40000,BE23,Provincie Oost-Vlaanderen,Leclercq,183
1339,40000,BE23,Provincie Oost-Vlaanderen,Moorthamer,183
1342,40000,BE23,Provincie Oost-Vlaanderen,Simon,182
1342,40000,BE23,Provincie Oost-Vlaanderen,Van Doorsselaere,182
1342,40000,BE23,Provincie Oost-Vlaanderen,Van Maele,182
1342,40000,BE23,Provincie Oost-Vlaanderen,Watté,182
1342,40000,BE23,Provincie Oost-Vlaanderen,Weytens,182
1347,40000,BE23,Provincie Oost-Vlaanderen,Atmaca,181
1347,40000,BE23,Provincie Oost-Vlaanderen,Gusani,181
1347,40000,BE23,Provincie Oost-Vlaanderen,Ide,181
1347,40000,BE23,Provincie Oost-Vlaanderen,Jolie,181
1347,40000,BE23,Provincie Oost-Vlaanderen,Kegels,181
1347,40000,BE23,Provincie Oost-Vlaanderen,Nevejans,181
1347,40000,BE23,Provincie Oost-Vlaanderen,Noël,181
1347,40000,BE23,Provincie Oost-Vlaanderen,Renneboog,181
1347,40000,BE23,Provincie Oost-Vlaanderen,Vroman,181
1356,40000,BE23,Provincie Oost-Vlaanderen,Abbeloos,180
1356,40000,BE23,Provincie Oost-Vlaanderen,Arens,180
1356,40000,BE23,Provincie Oost-Vlaanderen,Bruylandt,180
1356,40000,BE23,Provincie Oost-Vlaanderen,Cambier,180
1356,40000,BE23,Provincie Oost-Vlaanderen,De Belie,180
1356,40000,BE23,Provincie Oost-Vlaanderen,Depoortere,180
1356,40000,BE23,Provincie Oost-Vlaanderen,Vagenende,180
1356,40000,BE23,Provincie Oost-Vlaanderen,Van Hende,180
1356,40000,BE23,Provincie Oost-Vlaanderen,Vandermeersch,180
1365,40000,BE23,Provincie Oost-Vlaanderen,Knockaert,179
1365,40000,BE23,Provincie Oost-Vlaanderen,Lejeune,179
1365,40000,BE23,Provincie Oost-Vlaanderen,Merchiers,179
1365,40000,BE23,Provincie Oost-Vlaanderen,Renders,179
1365,40000,BE23,Provincie Oost-Vlaanderen,Thyssen,179
1365,40000,BE23,Provincie Oost-Vlaanderen,Van Delsen,179
1365,40000,BE23,Provincie Oost-Vlaanderen,Van Hemelryck,179
1365,40000,BE23,Provincie Oost-Vlaanderen,Van Imschoot,179
1373,40000,BE23,Provincie Oost-Vlaanderen,Bulut,178
1373,40000,BE23,Provincie Oost-Vlaanderen,De Gussem,178
1373,40000,BE23,Provincie Oost-Vlaanderen,Mohamed,178
1373,40000,BE23,Provincie Oost-Vlaanderen,Nuyts,178
1373,40000,BE23,Provincie Oost-Vlaanderen,Servaes,178
1373,40000,BE23,Provincie Oost-Vlaanderen,Storme,178
1373,40000,BE23,Provincie Oost-Vlaanderen,Van Poecke,178
1373,40000,BE23,Provincie Oost-Vlaanderen,Waem,178
1381,40000,BE23,Provincie Oost-Vlaanderen,Calik,177
1381,40000,BE23,Provincie Oost-Vlaanderen,De Cleen,177
1381,40000,BE23,Provincie Oost-Vlaanderen,Heylen,177
1381,40000,BE23,Provincie Oost-Vlaanderen,Lasseel,177
1381,40000,BE23,Provincie Oost-Vlaanderen,Van Meenen,177
1381,40000,BE23,Provincie Oost-Vlaanderen,Vergote,177
1387,40000,BE23,Provincie Oost-Vlaanderen,Beirens,176
1387,40000,BE23,Provincie Oost-Vlaanderen,De Fré,176
1387,40000,BE23,Provincie Oost-Vlaanderen,Den Haese,176
1387,40000,BE23,Provincie Oost-Vlaanderen,Hassan,176
1387,40000,BE23,Provincie Oost-Vlaanderen,Roelandts,176
1387,40000,BE23,Provincie Oost-Vlaanderen,Steenssens,176
1387,40000,BE23,Provincie Oost-Vlaanderen,Van Liefferinge,176
1387,40000,BE23,Provincie Oost-Vlaanderen,Verpoest,176
1387,40000,BE23,Provincie Oost-Vlaanderen,Wang,176
1387,40000,BE23,Provincie Oost-Vlaanderen,Zhang,176
1397,40000,BE23,Provincie Oost-Vlaanderen,Calle,175
1397,40000,BE23,Provincie Oost-Vlaanderen,Clarysse,175
1397,40000,BE23,Provincie Oost-Vlaanderen,De Bruyckere,175
1397,40000,BE23,Provincie Oost-Vlaanderen,De Smul,175
1397,40000,BE23,Provincie Oost-Vlaanderen,Delanghe,175
1397,40000,BE23,Provincie Oost-Vlaanderen,Van Muylem,175
1397,40000,BE23,Provincie Oost-Vlaanderen,Van Uytvanck,175
1397,40000,BE23,Provincie Oost-Vlaanderen,Van der Jeugt,175
1397,40000,BE23,Provincie Oost-Vlaanderen,Vernaeve,175
1406,40000,BE23,Provincie Oost-Vlaanderen,D'hoore,174
1406,40000,BE23,Provincie Oost-Vlaanderen,De Beleyr,174
1406,40000,BE23,Provincie Oost-Vlaanderen,Eloot,174
1406,40000,BE23,Provincie Oost-Vlaanderen,Huybrechts,174
1410,40000,BE23,Provincie Oost-Vlaanderen,Baetslé,173
1410,40000,BE23,Provincie Oost-Vlaanderen,De Valck,173
1410,40000,BE23,Provincie Oost-Vlaanderen,Dierckx,173
1410,40000,BE23,Provincie Oost-Vlaanderen,Fonck,173
1410,40000,BE23,Provincie Oost-Vlaanderen,Huyck,173
1410,40000,BE23,Provincie Oost-Vlaanderen,Karaca,173
1410,40000,BE23,Provincie Oost-Vlaanderen,Mehmedov,173
1410,40000,BE23,Provincie Oost-Vlaanderen,Van Aken,173
1410,40000,BE23,Provincie Oost-Vlaanderen,Van Vossel,173
1410,40000,BE23,Provincie Oost-Vlaanderen,Vos,173
1420,40000,BE23,Provincie Oost-Vlaanderen,Anthuenis,172
1420,40000,BE23,Provincie Oost-Vlaanderen,De Nijs,172
1420,40000,BE23,Provincie Oost-Vlaanderen,Küçük,172
1420,40000,BE23,Provincie Oost-Vlaanderen,Ongenae,172
1420,40000,BE23,Provincie Oost-Vlaanderen,Savat,172
1420,40000,BE23,Provincie Oost-Vlaanderen,Van Doorslaer,172
1420,40000,BE23,Provincie Oost-Vlaanderen,Vandendaele,172
1420,40000,BE23,Provincie Oost-Vlaanderen,Verbeiren,172
1428,40000,BE23,Provincie Oost-Vlaanderen,Berth,171
1428,40000,BE23,Provincie Oost-Vlaanderen,Bovijn,171
1428,40000,BE23,Provincie Oost-Vlaanderen,Byl,171
1428,40000,BE23,Provincie Oost-Vlaanderen,Dejonckheere,171
1428,40000,BE23,Provincie Oost-Vlaanderen,Schaubroeck,171
1428,40000,BE23,Provincie Oost-Vlaanderen,Van Craenenbroeck,171
1428,40000,BE23,Provincie Oost-Vlaanderen,Van Hauwe,171
1428,40000,BE23,Provincie Oost-Vlaanderen,Van de Meerssche,171
1428,40000,BE23,Provincie Oost-Vlaanderen,Van den Meersschaut,171
1428,40000,BE23,Provincie Oost-Vlaanderen,Vanheule,171
1428,40000,BE23,Provincie Oost-Vlaanderen,Verbist,171
1428,40000,BE23,Provincie Oost-Vlaanderen,Verleye,171
1428,40000,BE23,Provincie Oost-Vlaanderen,Vervoort,171
1441,40000,BE23,Provincie Oost-Vlaanderen,Appelmans,170
1441,40000,BE23,Provincie Oost-Vlaanderen,Barbé,170
1441,40000,BE23,Provincie Oost-Vlaanderen,Baten,170
1441,40000,BE23,Provincie Oost-Vlaanderen,Bolsens,170
1441,40000,BE23,Provincie Oost-Vlaanderen,Cuypers,170
1441,40000,BE23,Provincie Oost-Vlaanderen,Hebbrecht,170
1441,40000,BE23,Provincie Oost-Vlaanderen,Van Herpe,170
1441,40000,BE23,Provincie Oost-Vlaanderen,Van Hul,170
1441,40000,BE23,Provincie Oost-Vlaanderen,Van de Keere,170
1441,40000,BE23,Provincie Oost-Vlaanderen,Verlinde,170
1451,40000,BE23,Provincie Oost-Vlaanderen,De Beir,169
1451,40000,BE23,Provincie Oost-Vlaanderen,De Mets,169
1451,40000,BE23,Provincie Oost-Vlaanderen,De Walsche,169
1451,40000,BE23,Provincie Oost-Vlaanderen,Neirinck,169
1451,40000,BE23,Provincie Oost-Vlaanderen,Peirsman,169
1451,40000,BE23,Provincie Oost-Vlaanderen,Tuytschaever,169
1451,40000,BE23,Provincie Oost-Vlaanderen,Van Audenaerde,169
1451,40000,BE23,Provincie Oost-Vlaanderen,Van Hooste,169
1451,40000,BE23,Provincie Oost-Vlaanderen,Van Limbergen,169
1451,40000,BE23,Provincie Oost-Vlaanderen,Van Meirhaeghe,169
1451,40000,BE23,Provincie Oost-Vlaanderen,Van Parijs,169
1451,40000,BE23,Provincie Oost-Vlaanderen,Vanhaverbeke,169
1451,40000,BE23,Provincie Oost-Vlaanderen,Vijverman,169
1451,40000,BE23,Provincie Oost-Vlaanderen,Volkaert,169
1465,40000,BE23,Provincie Oost-Vlaanderen,Beelaert,168
1465,40000,BE23,Provincie Oost-Vlaanderen,De Staercke,168
1465,40000,BE23,Provincie Oost-Vlaanderen,De Tandt,168
1465,40000,BE23,Provincie Oost-Vlaanderen,Delmotte,168
1465,40000,BE23,Provincie Oost-Vlaanderen,Moons,168
1465,40000,BE23,Provincie Oost-Vlaanderen,Van Helleputte,168
1471,40000,BE23,Provincie Oost-Vlaanderen,Baete,167
1471,40000,BE23,Provincie Oost-Vlaanderen,Coenen,167
1471,40000,BE23,Provincie Oost-Vlaanderen,Coorevits,167
1471,40000,BE23,Provincie Oost-Vlaanderen,D'hoe,167
1471,40000,BE23,Provincie Oost-Vlaanderen,De Prins,167
1471,40000,BE23,Provincie Oost-Vlaanderen,Vanderbeken,167
1477,40000,BE23,Provincie Oost-Vlaanderen,Aksoy,166
1477,40000,BE23,Provincie Oost-Vlaanderen,Bradt,166
1477,40000,BE23,Provincie Oost-Vlaanderen,Deweirdt,166
1477,40000,BE23,Provincie Oost-Vlaanderen,Durinck,166
1477,40000,BE23,Provincie Oost-Vlaanderen,Heyde,166
1477,40000,BE23,Provincie Oost-Vlaanderen,Hristov,166
1477,40000,BE23,Provincie Oost-Vlaanderen,Hussein,166
1477,40000,BE23,Provincie Oost-Vlaanderen,Peersman,166
1477,40000,BE23,Provincie Oost-Vlaanderen,Van Holsbeeck,166
1477,40000,BE23,Provincie Oost-Vlaanderen,Van Kerckhoven,166
1477,40000,BE23,Provincie Oost-Vlaanderen,Verbrugghe,166
1488,40000,BE23,Provincie Oost-Vlaanderen,Backaert,165
1488,40000,BE23,Provincie Oost-Vlaanderen,Biesemans,165
1488,40000,BE23,Provincie Oost-Vlaanderen,Bocklandt,165
1488,40000,BE23,Provincie Oost-Vlaanderen,Daems,165
1488,40000,BE23,Provincie Oost-Vlaanderen,Hristova,165
1488,40000,BE23,Provincie Oost-Vlaanderen,Nerinckx,165
1488,40000,BE23,Provincie Oost-Vlaanderen,Scheir,165
1488,40000,BE23,Provincie Oost-Vlaanderen,Van Der Straeten,165
1488,40000,BE23,Provincie Oost-Vlaanderen,Van Laer,165
1488,40000,BE23,Provincie Oost-Vlaanderen,Verbeurgt,165
1488,40000,BE23,Provincie Oost-Vlaanderen,Vercamer,165
1488,40000,BE23,Provincie Oost-Vlaanderen,Verhavert,165
1500,40000,BE23,Provincie Oost-Vlaanderen,Coppejans,164
1500,40000,BE23,Provincie Oost-Vlaanderen,Coucke,164
1500,40000,BE23,Provincie Oost-Vlaanderen,D'Haene,164
1500,40000,BE23,Provincie Oost-Vlaanderen,De Clippeleir,164
1500,40000,BE23,Provincie Oost-Vlaanderen,De Regge,164
1500,40000,BE23,Provincie Oost-Vlaanderen,Dimitrova,164
1500,40000,BE23,Provincie Oost-Vlaanderen,Franssens,164
1500,40000,BE23,Provincie Oost-Vlaanderen,Hiel,164
1500,40000,BE23,Provincie Oost-Vlaanderen,Huysmans,164
1500,40000,BE23,Provincie Oost-Vlaanderen,Moonen,164
1500,40000,BE23,Provincie Oost-Vlaanderen,Pynaert,164
1500,40000,BE23,Provincie Oost-Vlaanderen,Van Grembergen,164
1500,40000,BE23,Provincie Oost-Vlaanderen,Van Melckebeke,164
1500,40000,BE23,Provincie Oost-Vlaanderen,Van Weyenberg,164
1500,40000,BE23,Provincie Oost-Vlaanderen,Verlé,164
1515,40000,BE23,Provincie Oost-Vlaanderen,Ahmad,163
1515,40000,BE23,Provincie Oost-Vlaanderen,Ballegeer,163
1515,40000,BE23,Provincie Oost-Vlaanderen,De Bleser,163
1515,40000,BE23,Provincie Oost-Vlaanderen,Delbaere,163
1515,40000,BE23,Provincie Oost-Vlaanderen,Deschepper,163
1515,40000,BE23,Provincie Oost-Vlaanderen,Dhoore,163
1515,40000,BE23,Provincie Oost-Vlaanderen,Jooris,163
1515,40000,BE23,Provincie Oost-Vlaanderen,Robbens,163
1515,40000,BE23,Provincie Oost-Vlaanderen,Van Alboom,163
1515,40000,BE23,Provincie Oost-Vlaanderen,Van Bocxlaer,163
1515,40000,BE23,Provincie Oost-Vlaanderen,Van den Eeckhout,163
1515,40000,BE23,Provincie Oost-Vlaanderen,Van der Kelen,163
1515,40000,BE23,Provincie Oost-Vlaanderen,Vande Putte,163
1528,40000,BE23,Provincie Oost-Vlaanderen,Aper,162
1528,40000,BE23,Provincie Oost-Vlaanderen,De Strooper,162
1528,40000,BE23,Provincie Oost-Vlaanderen,Hellinckx,162
1528,40000,BE23,Provincie Oost-Vlaanderen,Remue,162
1528,40000,BE23,Provincie Oost-Vlaanderen,Van Extergem,162
1528,40000,BE23,Provincie Oost-Vlaanderen,Vuylsteke,162
1534,40000,BE23,Provincie Oost-Vlaanderen,De Bel,161
1534,40000,BE23,Provincie Oost-Vlaanderen,De Henau,161
1534,40000,BE23,Provincie Oost-Vlaanderen,Kaplan,161
1534,40000,BE23,Provincie Oost-Vlaanderen,Momand,161
1534,40000,BE23,Provincie Oost-Vlaanderen,Roelant,161
1534,40000,BE23,Provincie Oost-Vlaanderen,Roelens,161
1534,40000,BE23,Provincie Oost-Vlaanderen,Vandriessche,161
1534,40000,BE23,Provincie Oost-Vlaanderen,Verhaege,161
1534,40000,BE23,Provincie Oost-Vlaanderen,Werbrouck,161
1543,40000,BE23,Provincie Oost-Vlaanderen,Aktas,160
1543,40000,BE23,Provincie Oost-Vlaanderen,Camara,160
1543,40000,BE23,Provincie Oost-Vlaanderen,Carpentier,160
1543,40000,BE23,Provincie Oost-Vlaanderen,Deceuninck,160
1543,40000,BE23,Provincie Oost-Vlaanderen,Evenepoel,160
1543,40000,BE23,Provincie Oost-Vlaanderen,Hellebaut,160
1543,40000,BE23,Provincie Oost-Vlaanderen,Longueville,160
1543,40000,BE23,Provincie Oost-Vlaanderen,Luyten,160
1543,40000,BE23,Provincie Oost-Vlaanderen,Moreau,160
1543,40000,BE23,Provincie Oost-Vlaanderen,Mornie,160
1543,40000,BE23,Provincie Oost-Vlaanderen,Sow,160
1543,40000,BE23,Provincie Oost-Vlaanderen,Van Gijseghem,160
1543,40000,BE23,Provincie Oost-Vlaanderen,Van Guyse,160
1543,40000,BE23,Provincie Oost-Vlaanderen,Van Waeyenberge,160
1543,40000,BE23,Provincie Oost-Vlaanderen,Wulteputte,160
1558,40000,BE23,Provincie Oost-Vlaanderen,Baecke,159
1558,40000,BE23,Provincie Oost-Vlaanderen,Batsleer,159
1558,40000,BE23,Provincie Oost-Vlaanderen,Cardoen,159
1558,40000,BE23,Provincie Oost-Vlaanderen,De Turck,159
1558,40000,BE23,Provincie Oost-Vlaanderen,Elaut,159
1558,40000,BE23,Provincie Oost-Vlaanderen,Haesaert,159
1558,40000,BE23,Provincie Oost-Vlaanderen,Kutlu,159
1558,40000,BE23,Provincie Oost-Vlaanderen,Libbrecht,159
1558,40000,BE23,Provincie Oost-Vlaanderen,Penninck,159
1558,40000,BE23,Provincie Oost-Vlaanderen,Saman,159
1558,40000,BE23,Provincie Oost-Vlaanderen,Scheers,159
1558,40000,BE23,Provincie Oost-Vlaanderen,Tackaert,159
1558,40000,BE23,Provincie Oost-Vlaanderen,Van Beneden,159
1558,40000,BE23,Provincie Oost-Vlaanderen,Van Houcke,159
1558,40000,BE23,Provincie Oost-Vlaanderen,Van Wynsberge,159
1558,40000,BE23,Provincie Oost-Vlaanderen,Vande Wiele,159
1558,40000,BE23,Provincie Oost-Vlaanderen,Veeckman,159
1558,40000,BE23,Provincie Oost-Vlaanderen,Verschelde,159
1558,40000,BE23,Provincie Oost-Vlaanderen,Yürük,159
1577,40000,BE23,Provincie Oost-Vlaanderen,Baeck,158
1577,40000,BE23,Provincie Oost-Vlaanderen,De Pestel,158
1577,40000,BE23,Provincie Oost-Vlaanderen,De Tollenaere,158
1577,40000,BE23,Provincie Oost-Vlaanderen,Ryckbosch,158
1577,40000,BE23,Provincie Oost-Vlaanderen,Tempels,158
1577,40000,BE23,Provincie Oost-Vlaanderen,Thuy,158
1577,40000,BE23,Provincie Oost-Vlaanderen,Van Geyte,158
1577,40000,BE23,Provincie Oost-Vlaanderen,Van Herck,158
1577,40000,BE23,Provincie Oost-Vlaanderen,Van Rie,158
1577,40000,BE23,Provincie Oost-Vlaanderen,Verhamme,158
1587,40000,BE23,Provincie Oost-Vlaanderen,Bruyninckx,157
1587,40000,BE23,Provincie Oost-Vlaanderen,Buelens,157
1587,40000,BE23,Provincie Oost-Vlaanderen,Campe,157
1587,40000,BE23,Provincie Oost-Vlaanderen,De Dobbelaere,157
1587,40000,BE23,Provincie Oost-Vlaanderen,De Maeseneire,157
1587,40000,BE23,Provincie Oost-Vlaanderen,Depraetere,157
1587,40000,BE23,Provincie Oost-Vlaanderen,Franckaert,157
1587,40000,BE23,Provincie Oost-Vlaanderen,Inghels,157
1587,40000,BE23,Provincie Oost-Vlaanderen,Lemaire,157
1587,40000,BE23,Provincie Oost-Vlaanderen,Meyvaert,157
1587,40000,BE23,Provincie Oost-Vlaanderen,Van De Wiele,157
1587,40000,BE23,Provincie Oost-Vlaanderen,Wymeersch,157
1599,40000,BE23,Provincie Oost-Vlaanderen,De Boom,156
1599,40000,BE23,Provincie Oost-Vlaanderen,De Buysscher,156
1599,40000,BE23,Provincie Oost-Vlaanderen,Mels,156
1599,40000,BE23,Provincie Oost-Vlaanderen,Monsieur,156
1599,40000,BE23,Provincie Oost-Vlaanderen,Van Hoe,156
1599,40000,BE23,Provincie Oost-Vlaanderen,Van Walle,156
1599,40000,BE23,Provincie Oost-Vlaanderen,Walraevens,156
1606,40000,BE23,Provincie Oost-Vlaanderen,Hellebuyck,155
1606,40000,BE23,Provincie Oost-Vlaanderen,Ibrahimi,155
1606,40000,BE23,Provincie Oost-Vlaanderen,Rooman,155
1606,40000,BE23,Provincie Oost-Vlaanderen,Six,155
1606,40000,BE23,Provincie Oost-Vlaanderen,Steenhout,155
1606,40000,BE23,Provincie Oost-Vlaanderen,Van Heesvelde,155
1606,40000,BE23,Provincie Oost-Vlaanderen,Vyt,155
1606,40000,BE23,Provincie Oost-Vlaanderen,Wielandt,155
1614,40000,BE23,Provincie Oost-Vlaanderen,Alci,154
1614,40000,BE23,Provincie Oost-Vlaanderen,Busschaert,154
1614,40000,BE23,Provincie Oost-Vlaanderen,De Sterck,154
1614,40000,BE23,Provincie Oost-Vlaanderen,El Kaddouri,154
1614,40000,BE23,Provincie Oost-Vlaanderen,Fosselle,154
1614,40000,BE23,Provincie Oost-Vlaanderen,Gysels,154
1614,40000,BE23,Provincie Oost-Vlaanderen,Imschoot,154
1614,40000,BE23,Provincie Oost-Vlaanderen,Mohammed,154
1614,40000,BE23,Provincie Oost-Vlaanderen,Neukermans,154
1614,40000,BE23,Provincie Oost-Vlaanderen,Provoost,154
1614,40000,BE23,Provincie Oost-Vlaanderen,Simoen,154
1614,40000,BE23,Provincie Oost-Vlaanderen,Van Den Abeele,154
1614,40000,BE23,Provincie Oost-Vlaanderen,Van Glabeke,154
1614,40000,BE23,Provincie Oost-Vlaanderen,Van Lysebetten,154
1614,40000,BE23,Provincie Oost-Vlaanderen,Wyns,154
1629,40000,BE23,Provincie Oost-Vlaanderen,Cannoot,153
1629,40000,BE23,Provincie Oost-Vlaanderen,De Blander,153
1629,40000,BE23,Provincie Oost-Vlaanderen,De Haeck,153
1629,40000,BE23,Provincie Oost-Vlaanderen,Decuyper,153
1629,40000,BE23,Provincie Oost-Vlaanderen,Dibrani,153
1629,40000,BE23,Provincie Oost-Vlaanderen,Fonteyne,153
1629,40000,BE23,Provincie Oost-Vlaanderen,Himschoot,153
1629,40000,BE23,Provincie Oost-Vlaanderen,Podevyn,153
1629,40000,BE23,Provincie Oost-Vlaanderen,Van Moorleghem,153
1629,40000,BE23,Provincie Oost-Vlaanderen,Van Twembeke,153
1629,40000,BE23,Provincie Oost-Vlaanderen,Vandewiele,153
1629,40000,BE23,Provincie Oost-Vlaanderen,Verzele,153
1641,40000,BE23,Provincie Oost-Vlaanderen,De Ganck,152
1641,40000,BE23,Provincie Oost-Vlaanderen,De Gucht,152
1641,40000,BE23,Provincie Oost-Vlaanderen,De Vroe,152
1641,40000,BE23,Provincie Oost-Vlaanderen,Dimitrov,152
1641,40000,BE23,Provincie Oost-Vlaanderen,Lagae,152
1641,40000,BE23,Provincie Oost-Vlaanderen,Mets,152
1641,40000,BE23,Provincie Oost-Vlaanderen,Rottier,152
1641,40000,BE23,Provincie Oost-Vlaanderen,Sali,152
1641,40000,BE23,Provincie Oost-Vlaanderen,Scholliers,152
1641,40000,BE23,Provincie Oost-Vlaanderen,Van Eenaeme,152
1641,40000,BE23,Provincie Oost-Vlaanderen,Vanderschueren,152
1652,40000,BE23,Provincie Oost-Vlaanderen,Buyst,151
1652,40000,BE23,Provincie Oost-Vlaanderen,Cetin,151
1652,40000,BE23,Provincie Oost-Vlaanderen,Coddens,151
1652,40000,BE23,Provincie Oost-Vlaanderen,Cornand,151
1652,40000,BE23,Provincie Oost-Vlaanderen,Demeulenaere,151
1652,40000,BE23,Provincie Oost-Vlaanderen,Gryp,151
1652,40000,BE23,Provincie Oost-Vlaanderen,Kellens,151
1652,40000,BE23,Provincie Oost-Vlaanderen,Maris,151
1652,40000,BE23,Provincie Oost-Vlaanderen,Merckaert,151
1652,40000,BE23,Provincie Oost-Vlaanderen,Sönmez,151
1652,40000,BE23,Provincie Oost-Vlaanderen,T'Jampens,151
1652,40000,BE23,Provincie Oost-Vlaanderen,Vanderveken,151
1652,40000,BE23,Provincie Oost-Vlaanderen,Vehent,151
1652,40000,BE23,Provincie Oost-Vlaanderen,Verhegge,151
1666,40000,BE23,Provincie Oost-Vlaanderen,Altintas,150
1666,40000,BE23,Provincie Oost-Vlaanderen,Beyens,150
1666,40000,BE23,Provincie Oost-Vlaanderen,Cousaert,150
1666,40000,BE23,Provincie Oost-Vlaanderen,De Rechter,150
1666,40000,BE23,Provincie Oost-Vlaanderen,Decraene,150
1666,40000,BE23,Provincie Oost-Vlaanderen,Duytschaever,150
1666,40000,BE23,Provincie Oost-Vlaanderen,Lamont,150
1673,40000,BE23,Provincie Oost-Vlaanderen,Balci,149
1673,40000,BE23,Provincie Oost-Vlaanderen,Celie,149
1673,40000,BE23,Provincie Oost-Vlaanderen,De Craemer,149
1673,40000,BE23,Provincie Oost-Vlaanderen,De Landsheer,149
1673,40000,BE23,Provincie Oost-Vlaanderen,Liu,149
1673,40000,BE23,Provincie Oost-Vlaanderen,Marinova,149
1673,40000,BE23,Provincie Oost-Vlaanderen,Tondeleir,149
1673,40000,BE23,Provincie Oost-Vlaanderen,Van Havermaet,149
1673,40000,BE23,Provincie Oost-Vlaanderen,Van Lokeren,149
1682,40000,BE23,Provincie Oost-Vlaanderen,Botte,148
1682,40000,BE23,Provincie Oost-Vlaanderen,Casteels,148
1682,40000,BE23,Provincie Oost-Vlaanderen,Cosyn,148
1682,40000,BE23,Provincie Oost-Vlaanderen,D'haeyer,148
1682,40000,BE23,Provincie Oost-Vlaanderen,De Luyck,148
1682,40000,BE23,Provincie Oost-Vlaanderen,De Prest,148
1682,40000,BE23,Provincie Oost-Vlaanderen,Hooft,148
1682,40000,BE23,Provincie Oost-Vlaanderen,Matton,148
1682,40000,BE23,Provincie Oost-Vlaanderen,Meerschaut,148
1682,40000,BE23,Provincie Oost-Vlaanderen,Mehmedova,148
1682,40000,BE23,Provincie Oost-Vlaanderen,Neels,148
1682,40000,BE23,Provincie Oost-Vlaanderen,Pyl,148
1682,40000,BE23,Provincie Oost-Vlaanderen,Trenson,148
1682,40000,BE23,Provincie Oost-Vlaanderen,Van Marcke,148
1682,40000,BE23,Provincie Oost-Vlaanderen,Van den Bogaert,148
1682,40000,BE23,Provincie Oost-Vlaanderen,Vermaercke,148
1682,40000,BE23,Provincie Oost-Vlaanderen,Wilssens,148
1699,40000,BE23,Provincie Oost-Vlaanderen,De Dapper,147
1699,40000,BE23,Provincie Oost-Vlaanderen,De Meulenaer,147
1699,40000,BE23,Provincie Oost-Vlaanderen,Gül,147
1699,40000,BE23,Provincie Oost-Vlaanderen,Holderbeke,147
1699,40000,BE23,Provincie Oost-Vlaanderen,Jans,147
1699,40000,BE23,Provincie Oost-Vlaanderen,Van Caneghem,147
1699,40000,BE23,Provincie Oost-Vlaanderen,Van de Moortele,147
1706,40000,BE23,Provincie Oost-Vlaanderen,Bajrami,146
1706,40000,BE23,Provincie Oost-Vlaanderen,Demeyere,146
1706,40000,BE23,Provincie Oost-Vlaanderen,Dewolf,146
1706,40000,BE23,Provincie Oost-Vlaanderen,Georgieva,146
1706,40000,BE23,Provincie Oost-Vlaanderen,Geurs,146
1706,40000,BE23,Provincie Oost-Vlaanderen,Horvath,146
1706,40000,BE23,Provincie Oost-Vlaanderen,Liessens,146
1706,40000,BE23,Provincie Oost-Vlaanderen,Paridaens,146
1706,40000,BE23,Provincie Oost-Vlaanderen,Van Coppenolle,146
1706,40000,BE23,Provincie Oost-Vlaanderen,Van Der Eecken,146
1706,40000,BE23,Provincie Oost-Vlaanderen,Vancoillie,146
1706,40000,BE23,Provincie Oost-Vlaanderen,Vander Linden,146
1706,40000,BE23,Provincie Oost-Vlaanderen,Ysewyn,146
1706,40000,BE23,Provincie Oost-Vlaanderen,Ünal,146
1720,40000,BE23,Provincie Oost-Vlaanderen,Biebaut,145
1720,40000,BE23,Provincie Oost-Vlaanderen,Carton,145
1720,40000,BE23,Provincie Oost-Vlaanderen,Cornette,145
1720,40000,BE23,Provincie Oost-Vlaanderen,Debusschere,145
1720,40000,BE23,Provincie Oost-Vlaanderen,Delaere,145
1720,40000,BE23,Provincie Oost-Vlaanderen,Georgiev,145
1720,40000,BE23,Provincie Oost-Vlaanderen,Paternoster,145
1720,40000,BE23,Provincie Oost-Vlaanderen,Sonneville,145
1720,40000,BE23,Provincie Oost-Vlaanderen,Stroobant,145
1720,40000,BE23,Provincie Oost-Vlaanderen,Van Rysseghem,145
1720,40000,BE23,Provincie Oost-Vlaanderen,Verstrepen,145
1731,40000,BE23,Provincie Oost-Vlaanderen,Colson,144
1731,40000,BE23,Provincie Oost-Vlaanderen,De Wreede,144
1731,40000,BE23,Provincie Oost-Vlaanderen,Duprez,144
1731,40000,BE23,Provincie Oost-Vlaanderen,Ghijs,144
1731,40000,BE23,Provincie Oost-Vlaanderen,Hoogewys,144
1731,40000,BE23,Provincie Oost-Vlaanderen,Lammertyn,144
1731,40000,BE23,Provincie Oost-Vlaanderen,Penneman,144
1731,40000,BE23,Provincie Oost-Vlaanderen,Puylaert,144
1731,40000,BE23,Provincie Oost-Vlaanderen,Sienaert,144
1731,40000,BE23,Provincie Oost-Vlaanderen,Taildeman,144
1731,40000,BE23,Provincie Oost-Vlaanderen,Van Bockstaele,144
1731,40000,BE23,Provincie Oost-Vlaanderen,Van Strydonck,144
1731,40000,BE23,Provincie Oost-Vlaanderen,Van Wynsberghe,144
1744,40000,BE23,Provincie Oost-Vlaanderen,Benoot,143
1744,40000,BE23,Provincie Oost-Vlaanderen,Coussens,143
1744,40000,BE23,Provincie Oost-Vlaanderen,Couvreur,143
1744,40000,BE23,Provincie Oost-Vlaanderen,De Brabandere,143
1744,40000,BE23,Provincie Oost-Vlaanderen,De Puydt,143
1744,40000,BE23,Provincie Oost-Vlaanderen,Gistelinck,143
1744,40000,BE23,Provincie Oost-Vlaanderen,Hemelsoet,143
1744,40000,BE23,Provincie Oost-Vlaanderen,Keymolen,143
1744,40000,BE23,Provincie Oost-Vlaanderen,Kindermans,143
1744,40000,BE23,Provincie Oost-Vlaanderen,Lips,143
1744,40000,BE23,Provincie Oost-Vlaanderen,Maeyens,143
1744,40000,BE23,Provincie Oost-Vlaanderen,Onghena,143
1744,40000,BE23,Provincie Oost-Vlaanderen,Otte,143
1744,40000,BE23,Provincie Oost-Vlaanderen,Teerlinck,143
1744,40000,BE23,Provincie Oost-Vlaanderen,Van Der Schueren,143
1744,40000,BE23,Provincie Oost-Vlaanderen,Van Heck,143
1744,40000,BE23,Provincie Oost-Vlaanderen,Verhellen,143
1744,40000,BE23,Provincie Oost-Vlaanderen,Wagemans,143
1762,40000,BE23,Provincie Oost-Vlaanderen,Barbier,142
1762,40000,BE23,Provincie Oost-Vlaanderen,Caboor,142
1762,40000,BE23,Provincie Oost-Vlaanderen,Caekebeke,142
1762,40000,BE23,Provincie Oost-Vlaanderen,Clinckspoor,142
1762,40000,BE23,Provincie Oost-Vlaanderen,De Clippel,142
1762,40000,BE23,Provincie Oost-Vlaanderen,De Muer,142
1762,40000,BE23,Provincie Oost-Vlaanderen,Deyaert,142
1762,40000,BE23,Provincie Oost-Vlaanderen,Kaptan,142
1762,40000,BE23,Provincie Oost-Vlaanderen,Nollet,142
1762,40000,BE23,Provincie Oost-Vlaanderen,Putman,142
1762,40000,BE23,Provincie Oost-Vlaanderen,Van Kerschaver,142
1762,40000,BE23,Provincie Oost-Vlaanderen,Vandekerkhove,142
1762,40000,BE23,Provincie Oost-Vlaanderen,Walgraeve,142
1775,40000,BE23,Provincie Oost-Vlaanderen,De Moerloose,141
1775,40000,BE23,Provincie Oost-Vlaanderen,Deroose,141
1775,40000,BE23,Provincie Oost-Vlaanderen,Dhuyvetter,141
1775,40000,BE23,Provincie Oost-Vlaanderen,El Moussaoui,141
1775,40000,BE23,Provincie Oost-Vlaanderen,Faes,141
1775,40000,BE23,Provincie Oost-Vlaanderen,Güler,141
1775,40000,BE23,Provincie Oost-Vlaanderen,Herrebaut,141
1775,40000,BE23,Provincie Oost-Vlaanderen,Leybaert,141
1775,40000,BE23,Provincie Oost-Vlaanderen,Rutsaert,141
1775,40000,BE23,Provincie Oost-Vlaanderen,Ruysseveldt,141
1775,40000,BE23,Provincie Oost-Vlaanderen,Thielemans,141
1775,40000,BE23,Provincie Oost-Vlaanderen,Van Steendam,141
1775,40000,BE23,Provincie Oost-Vlaanderen,Van der Meulen,141
1775,40000,BE23,Provincie Oost-Vlaanderen,Vanacker,141
1775,40000,BE23,Provincie Oost-Vlaanderen,Walraet,141
1790,40000,BE23,Provincie Oost-Vlaanderen,Kesteloot,140
1790,40000,BE23,Provincie Oost-Vlaanderen,Oelbrandt,140
1790,40000,BE23,Provincie Oost-Vlaanderen,Slagmulder,140
1790,40000,BE23,Provincie Oost-Vlaanderen,Stallaert,140
1790,40000,BE23,Provincie Oost-Vlaanderen,Van De Sype,140
1790,40000,BE23,Provincie Oost-Vlaanderen,Van Heddegem,140
1790,40000,BE23,Provincie Oost-Vlaanderen,Vervaeck,140
1797,40000,BE23,Provincie Oost-Vlaanderen,Aliev,139
1797,40000,BE23,Provincie Oost-Vlaanderen,Boateng,139
1797,40000,BE23,Provincie Oost-Vlaanderen,Botteldoorn,139
1797,40000,BE23,Provincie Oost-Vlaanderen,Dauw,139
1797,40000,BE23,Provincie Oost-Vlaanderen,Devreese,139
1797,40000,BE23,Provincie Oost-Vlaanderen,Nazari,139
1797,40000,BE23,Provincie Oost-Vlaanderen,Vael,139
1797,40000,BE23,Provincie Oost-Vlaanderen,Van Cleemputte,139
1797,40000,BE23,Provincie Oost-Vlaanderen,Van Der Linden,139
1797,40000,BE23,Provincie Oost-Vlaanderen,Van Loocke,139
1797,40000,BE23,Provincie Oost-Vlaanderen,Van Rossen,139
1797,40000,BE23,Provincie Oost-Vlaanderen,Van de Geuchte,139
1797,40000,BE23,Provincie Oost-Vlaanderen,Vanhulle,139
1797,40000,BE23,Provincie Oost-Vlaanderen,Verkest,139
1797,40000,BE23,Provincie Oost-Vlaanderen,Wellens,139
1812,40000,BE23,Provincie Oost-Vlaanderen,Bovyn,138
1812,40000,BE23,Provincie Oost-Vlaanderen,Cantaert,138
1812,40000,BE23,Provincie Oost-Vlaanderen,Cosijns,138
1812,40000,BE23,Provincie Oost-Vlaanderen,De Koning,138
1812,40000,BE23,Provincie Oost-Vlaanderen,Decoene,138
1812,40000,BE23,Provincie Oost-Vlaanderen,Detemmerman,138
1812,40000,BE23,Provincie Oost-Vlaanderen,Hantson,138
1812,40000,BE23,Provincie Oost-Vlaanderen,Ledegen,138
1812,40000,BE23,Provincie Oost-Vlaanderen,Monsecour,138
1812,40000,BE23,Provincie Oost-Vlaanderen,Pot,138
1812,40000,BE23,Provincie Oost-Vlaanderen,Sigin,138
1812,40000,BE23,Provincie Oost-Vlaanderen,Strubbe,138
1812,40000,BE23,Provincie Oost-Vlaanderen,Teirlynck,138
1812,40000,BE23,Provincie Oost-Vlaanderen,Van De Vyver,138
1812,40000,BE23,Provincie Oost-Vlaanderen,Van Stichel,138
1812,40000,BE23,Provincie Oost-Vlaanderen,Van Vreckem,138
1828,40000,BE23,Provincie Oost-Vlaanderen,Aerssens,137
1828,40000,BE23,Provincie Oost-Vlaanderen,Beauprez,137
1828,40000,BE23,Provincie Oost-Vlaanderen,Cloet,137
1828,40000,BE23,Provincie Oost-Vlaanderen,Couck,137
1828,40000,BE23,Provincie Oost-Vlaanderen,Doolaege,137
1828,40000,BE23,Provincie Oost-Vlaanderen,Hamdan,137
1828,40000,BE23,Provincie Oost-Vlaanderen,Lateur,137
1828,40000,BE23,Provincie Oost-Vlaanderen,Ooms,137
1828,40000,BE23,Provincie Oost-Vlaanderen,Ott,137
1828,40000,BE23,Provincie Oost-Vlaanderen,Shirzad,137
1828,40000,BE23,Provincie Oost-Vlaanderen,Van Ranst,137
1828,40000,BE23,Provincie Oost-Vlaanderen,Vandenbulcke,137
1840,40000,BE23,Provincie Oost-Vlaanderen,Corijn,136
1840,40000,BE23,Provincie Oost-Vlaanderen,De Landsheere,136
1840,40000,BE23,Provincie Oost-Vlaanderen,De Vlaminck,136
1840,40000,BE23,Provincie Oost-Vlaanderen,Delbeke,136
1840,40000,BE23,Provincie Oost-Vlaanderen,Delcourt,136
1840,40000,BE23,Provincie Oost-Vlaanderen,Helderweirt,136
1840,40000,BE23,Provincie Oost-Vlaanderen,Lefevere,136
1840,40000,BE23,Provincie Oost-Vlaanderen,Lowie,136
1840,40000,BE23,Provincie Oost-Vlaanderen,Schauvliege,136
1840,40000,BE23,Provincie Oost-Vlaanderen,Van Caeneghem,136
1840,40000,BE23,Provincie Oost-Vlaanderen,Van Ingelgem,136
1840,40000,BE23,Provincie Oost-Vlaanderen,Van Isterdael,136
1840,40000,BE23,Provincie Oost-Vlaanderen,Vandepitte,136
1840,40000,BE23,Provincie Oost-Vlaanderen,Vanpoucke,136
1854,40000,BE23,Provincie Oost-Vlaanderen,Ates,135
1854,40000,BE23,Provincie Oost-Vlaanderen,Boodts,135
1854,40000,BE23,Provincie Oost-Vlaanderen,Bostyn,135
1854,40000,BE23,Provincie Oost-Vlaanderen,Ceuterick,135
1854,40000,BE23,Provincie Oost-Vlaanderen,Delporte,135
1854,40000,BE23,Provincie Oost-Vlaanderen,Demets,135
1854,40000,BE23,Provincie Oost-Vlaanderen,Diericx,135
1854,40000,BE23,Provincie Oost-Vlaanderen,Fonteyn,135
1854,40000,BE23,Provincie Oost-Vlaanderen,Jacques,135
1854,40000,BE23,Provincie Oost-Vlaanderen,Nguyen,135
1854,40000,BE23,Provincie Oost-Vlaanderen,Polet,135
1854,40000,BE23,Provincie Oost-Vlaanderen,Rubbens,135
1854,40000,BE23,Provincie Oost-Vlaanderen,Sarens,135
1854,40000,BE23,Provincie Oost-Vlaanderen,Schoenmaekers,135
1854,40000,BE23,Provincie Oost-Vlaanderen,Tant,135
1854,40000,BE23,Provincie Oost-Vlaanderen,Torfs,135
1854,40000,BE23,Provincie Oost-Vlaanderen,Van Nieuwenborgh,135
1854,40000,BE23,Provincie Oost-Vlaanderen,Verhoeyen,135
1854,40000,BE23,Provincie Oost-Vlaanderen,Verschaeve,135
1854,40000,BE23,Provincie Oost-Vlaanderen,Waelkens,135
1874,40000,BE23,Provincie Oost-Vlaanderen,Amiri,134
1874,40000,BE23,Provincie Oost-Vlaanderen,Carels,134
1874,40000,BE23,Provincie Oost-Vlaanderen,De Lathouwer,134
1874,40000,BE23,Provincie Oost-Vlaanderen,Gabriel,134
1874,40000,BE23,Provincie Oost-Vlaanderen,Menschaert,134
1874,40000,BE23,Provincie Oost-Vlaanderen,Slabbaert,134
1874,40000,BE23,Provincie Oost-Vlaanderen,Vaeyens,134
1874,40000,BE23,Provincie Oost-Vlaanderen,Van De Sijpe,134
1882,40000,BE23,Provincie Oost-Vlaanderen,Algoet,133
1882,40000,BE23,Provincie Oost-Vlaanderen,De Jans,133
1882,40000,BE23,Provincie Oost-Vlaanderen,De Rick,133
1882,40000,BE23,Provincie Oost-Vlaanderen,De Smit,133
1882,40000,BE23,Provincie Oost-Vlaanderen,Frans,133
1882,40000,BE23,Provincie Oost-Vlaanderen,Lampens,133
1882,40000,BE23,Provincie Oost-Vlaanderen,Simsek,133
1882,40000,BE23,Provincie Oost-Vlaanderen,Sleeuwaert,133
1882,40000,BE23,Provincie Oost-Vlaanderen,Terryn,133
1882,40000,BE23,Provincie Oost-Vlaanderen,Van Beversluys,133
1882,40000,BE23,Provincie Oost-Vlaanderen,Van Hee,133
1882,40000,BE23,Provincie Oost-Vlaanderen,Van Wauwe,133
1882,40000,BE23,Provincie Oost-Vlaanderen,Van der Aa,133
1882,40000,BE23,Provincie Oost-Vlaanderen,Vanden Abeele,133
1882,40000,BE23,Provincie Oost-Vlaanderen,Zenner,133
1897,40000,BE23,Provincie Oost-Vlaanderen,Bastiaens,132
1897,40000,BE23,Provincie Oost-Vlaanderen,Batens,132
1897,40000,BE23,Provincie Oost-Vlaanderen,De Paep,132
1897,40000,BE23,Provincie Oost-Vlaanderen,Haverbeke,132
1897,40000,BE23,Provincie Oost-Vlaanderen,Kurt,132
1897,40000,BE23,Provincie Oost-Vlaanderen,Mattens,132
1897,40000,BE23,Provincie Oost-Vlaanderen,Muylle,132
1897,40000,BE23,Provincie Oost-Vlaanderen,Notebaert,132
1897,40000,BE23,Provincie Oost-Vlaanderen,Osman,132
1897,40000,BE23,Provincie Oost-Vlaanderen,Panis,132
1897,40000,BE23,Provincie Oost-Vlaanderen,Rijckaert,132
1897,40000,BE23,Provincie Oost-Vlaanderen,Rodts,132
1897,40000,BE23,Provincie Oost-Vlaanderen,Seys,132
1897,40000,BE23,Provincie Oost-Vlaanderen,Van De Weghe,132
1897,40000,BE23,Provincie Oost-Vlaanderen,Van Handenhove,132
1897,40000,BE23,Provincie Oost-Vlaanderen,Van Herzele,132
1897,40000,BE23,Provincie Oost-Vlaanderen,Van Houte,132
1914,40000,BE23,Provincie Oost-Vlaanderen,Akbulut,131
1914,40000,BE23,Provincie Oost-Vlaanderen,Boriau,131
1914,40000,BE23,Provincie Oost-Vlaanderen,De Batselier,131
1914,40000,BE23,Provincie Oost-Vlaanderen,De Schaepmeester,131
1914,40000,BE23,Provincie Oost-Vlaanderen,Garré,131
1914,40000,BE23,Provincie Oost-Vlaanderen,Kerremans,131
1914,40000,BE23,Provincie Oost-Vlaanderen,Lefever,131
1914,40000,BE23,Provincie Oost-Vlaanderen,Lelie,131
1914,40000,BE23,Provincie Oost-Vlaanderen,Teugels,131
1914,40000,BE23,Provincie Oost-Vlaanderen,Van Den Eeckhout,131
1914,40000,BE23,Provincie Oost-Vlaanderen,Van Looy,131
1914,40000,BE23,Provincie Oost-Vlaanderen,Van Schoor,131
1914,40000,BE23,Provincie Oost-Vlaanderen,Wandels,131
1927,40000,BE23,Provincie Oost-Vlaanderen,Baute,130
1927,40000,BE23,Provincie Oost-Vlaanderen,Bloem,130
1927,40000,BE23,Provincie Oost-Vlaanderen,Boute,130
1927,40000,BE23,Provincie Oost-Vlaanderen,Bundervoet,130
1927,40000,BE23,Provincie Oost-Vlaanderen,D'Eer,130
1927,40000,BE23,Provincie Oost-Vlaanderen,D'Herde,130
1927,40000,BE23,Provincie Oost-Vlaanderen,De Lamper,130
1927,40000,BE23,Provincie Oost-Vlaanderen,De Schamphelaere,130
1927,40000,BE23,Provincie Oost-Vlaanderen,Lataire,130
1927,40000,BE23,Provincie Oost-Vlaanderen,Nevens,130
1927,40000,BE23,Provincie Oost-Vlaanderen,Noterman,130
1927,40000,BE23,Provincie Oost-Vlaanderen,Ooghe,130
1927,40000,BE23,Provincie Oost-Vlaanderen,Pletinck,130
1940,40000,BE23,Provincie Oost-Vlaanderen,Atanasova,129
1940,40000,BE23,Provincie Oost-Vlaanderen,Blindeman,129
1940,40000,BE23,Provincie Oost-Vlaanderen,Clincke,129
1940,40000,BE23,Provincie Oost-Vlaanderen,De Ben,129
1940,40000,BE23,Provincie Oost-Vlaanderen,Heremans,129
1940,40000,BE23,Provincie Oost-Vlaanderen,Lapage,129
1940,40000,BE23,Provincie Oost-Vlaanderen,Leysen,129
1940,40000,BE23,Provincie Oost-Vlaanderen,Michielsen,129
1940,40000,BE23,Provincie Oost-Vlaanderen,Staessens,129
1940,40000,BE23,Provincie Oost-Vlaanderen,Van Cotthem,129
1940,40000,BE23,Provincie Oost-Vlaanderen,Van Remoortel,129
1940,40000,BE23,Provincie Oost-Vlaanderen,Van de Moortel,129
1940,40000,BE23,Provincie Oost-Vlaanderen,Vandemaele,129
1940,40000,BE23,Provincie Oost-Vlaanderen,Vandorpe,129
1954,40000,BE23,Provincie Oost-Vlaanderen,Ahmedov,128
1954,40000,BE23,Provincie Oost-Vlaanderen,Braekman,128
1954,40000,BE23,Provincie Oost-Vlaanderen,Caliskan,128
1954,40000,BE23,Provincie Oost-Vlaanderen,Callant,128
1954,40000,BE23,Provincie Oost-Vlaanderen,Crul,128
1954,40000,BE23,Provincie Oost-Vlaanderen,De Kezel,128
1954,40000,BE23,Provincie Oost-Vlaanderen,De Stercke,128
1954,40000,BE23,Provincie Oost-Vlaanderen,Goeteyn,128
1954,40000,BE23,Provincie Oost-Vlaanderen,Haustraete,128
1954,40000,BE23,Provincie Oost-Vlaanderen,Onderbeke,128
1954,40000,BE23,Provincie Oost-Vlaanderen,Owusu,128
1954,40000,BE23,Provincie Oost-Vlaanderen,Van Assel,128
1954,40000,BE23,Provincie Oost-Vlaanderen,Van Wymeersch,128
1954,40000,BE23,Provincie Oost-Vlaanderen,Vlieghe,128
1954,40000,BE23,Provincie Oost-Vlaanderen,Westerlinck,128
1969,40000,BE23,Provincie Oost-Vlaanderen,Aerens,127
1969,40000,BE23,Provincie Oost-Vlaanderen,Cansse,127
1969,40000,BE23,Provincie Oost-Vlaanderen,De Bruecker,127
1969,40000,BE23,Provincie Oost-Vlaanderen,De Grande,127
1969,40000,BE23,Provincie Oost-Vlaanderen,De Rauw,127
1969,40000,BE23,Provincie Oost-Vlaanderen,Goris,127
1969,40000,BE23,Provincie Oost-Vlaanderen,Gysens,127
1969,40000,BE23,Provincie Oost-Vlaanderen,Peirs,127
1969,40000,BE23,Provincie Oost-Vlaanderen,Priem,127
1969,40000,BE23,Provincie Oost-Vlaanderen,Siau,127
1969,40000,BE23,Provincie Oost-Vlaanderen,Sys,127
1969,40000,BE23,Provincie Oost-Vlaanderen,Van Bossche,127
1969,40000,BE23,Provincie Oost-Vlaanderen,Van Deynse,127
1969,40000,BE23,Provincie Oost-Vlaanderen,Van Eyck,127
1969,40000,BE23,Provincie Oost-Vlaanderen,Van Geem,127
1969,40000,BE23,Provincie Oost-Vlaanderen,Van Leeuwen,127
1969,40000,BE23,Provincie Oost-Vlaanderen,Van Reeth,127
1969,40000,BE23,Provincie Oost-Vlaanderen,Van Welden,127
1969,40000,BE23,Provincie Oost-Vlaanderen,Vermaerke,127
1988,40000,BE23,Provincie Oost-Vlaanderen,Blanchaert,126
1988,40000,BE23,Provincie Oost-Vlaanderen,Borloo,126
1988,40000,BE23,Provincie Oost-Vlaanderen,De Vidts,126
1988,40000,BE23,Provincie Oost-Vlaanderen,Du Bois,126
1988,40000,BE23,Provincie Oost-Vlaanderen,Fransen,126
1988,40000,BE23,Provincie Oost-Vlaanderen,Hens,126
1988,40000,BE23,Provincie Oost-Vlaanderen,Roosen,126
1988,40000,BE23,Provincie Oost-Vlaanderen,Troubleyn,126
1988,40000,BE23,Provincie Oost-Vlaanderen,Van De Keere,126
1988,40000,BE23,Provincie Oost-Vlaanderen,Van Holder,126
1988,40000,BE23,Provincie Oost-Vlaanderen,Van Holle,126
1999,40000,BE23,Provincie Oost-Vlaanderen,Anno,125
1999,40000,BE23,Provincie Oost-Vlaanderen,Benali,125
1999,40000,BE23,Provincie Oost-Vlaanderen,Bosschem,125
1999,40000,BE23,Provincie Oost-Vlaanderen,D'Hauwe,125
1999,40000,BE23,Provincie Oost-Vlaanderen,De Bosschere,125
1999,40000,BE23,Provincie Oost-Vlaanderen,De Mesmaeker,125
1999,40000,BE23,Provincie Oost-Vlaanderen,De Rooze,125
1999,40000,BE23,Provincie Oost-Vlaanderen,Debacker,125
1999,40000,BE23,Provincie Oost-Vlaanderen,Dewispelaere,125
1999,40000,BE23,Provincie Oost-Vlaanderen,Flamand,125
1999,40000,BE23,Provincie Oost-Vlaanderen,Foré,125
1999,40000,BE23,Provincie Oost-Vlaanderen,Pringels,125
1999,40000,BE23,Provincie Oost-Vlaanderen,Van Buyten,125
1999,40000,BE23,Provincie Oost-Vlaanderen,Van Hoorick,125
1999,40000,BE23,Provincie Oost-Vlaanderen,Van Oostende,125
1999,40000,BE23,Provincie Oost-Vlaanderen,Van Schoors,125
1999,40000,BE23,Provincie Oost-Vlaanderen,Van den Broeke,125
1999,40000,BE23,Provincie Oost-Vlaanderen,Vanhuffel,125
1999,40000,BE23,Provincie Oost-Vlaanderen,Vereeken,125
1999,40000,BE23,Provincie Oost-Vlaanderen,Verspeelt,125
1999,40000,BE23,Provincie Oost-Vlaanderen,Önder,125
2020,40000,BE23,Provincie Oost-Vlaanderen,Ampe,124
2020,40000,BE23,Provincie Oost-Vlaanderen,Broodcoorens,124
2020,40000,BE23,Provincie Oost-Vlaanderen,Coens,124
2020,40000,BE23,Provincie Oost-Vlaanderen,Erdogan,124
2020,40000,BE23,Provincie Oost-Vlaanderen,Foncke,124
2020,40000,BE23,Provincie Oost-Vlaanderen,Krasnici,124
2020,40000,BE23,Provincie Oost-Vlaanderen,Perdaen,124
2020,40000,BE23,Provincie Oost-Vlaanderen,Petrus,124
2020,40000,BE23,Provincie Oost-Vlaanderen,Speleers,124
2020,40000,BE23,Provincie Oost-Vlaanderen,Steenhoudt,124
2020,40000,BE23,Provincie Oost-Vlaanderen,Stremersch,124
2020,40000,BE23,Provincie Oost-Vlaanderen,Van Asbroeck,124
2020,40000,BE23,Provincie Oost-Vlaanderen,Van Bockstal,124
2020,40000,BE23,Provincie Oost-Vlaanderen,Van den Hauwe,124
2020,40000,BE23,Provincie Oost-Vlaanderen,Van der Meeren,124
2020,40000,BE23,Provincie Oost-Vlaanderen,Yordanova,124
2036,40000,BE23,Provincie Oost-Vlaanderen,Ahmedova,123
2036,40000,BE23,Provincie Oost-Vlaanderen,Can,123
2036,40000,BE23,Provincie Oost-Vlaanderen,D'haen,123
2036,40000,BE23,Provincie Oost-Vlaanderen,Ghijsels,123
2036,40000,BE23,Provincie Oost-Vlaanderen,Heynssens,123
2036,40000,BE23,Provincie Oost-Vlaanderen,Hoornaert,123
2036,40000,BE23,Provincie Oost-Vlaanderen,Lion,123
2036,40000,BE23,Provincie Oost-Vlaanderen,Muller,123
2036,40000,BE23,Provincie Oost-Vlaanderen,Osmani,123
2036,40000,BE23,Provincie Oost-Vlaanderen,Remory,123
2036,40000,BE23,Provincie Oost-Vlaanderen,Sedeyn,123
2036,40000,BE23,Provincie Oost-Vlaanderen,Van Ryckeghem,123
2036,40000,BE23,Provincie Oost-Vlaanderen,Yusein,123
2036,40000,BE23,Provincie Oost-Vlaanderen,de Clercq,123
2050,40000,BE23,Provincie Oost-Vlaanderen,Belhaj,122
2050,40000,BE23,Provincie Oost-Vlaanderen,Bultynck,122
2050,40000,BE23,Provincie Oost-Vlaanderen,Coban,122
2050,40000,BE23,Provincie Oost-Vlaanderen,Goderis,122
2050,40000,BE23,Provincie Oost-Vlaanderen,Haers,122
2050,40000,BE23,Provincie Oost-Vlaanderen,Hanselaer,122
2050,40000,BE23,Provincie Oost-Vlaanderen,Kamara,122
2050,40000,BE23,Provincie Oost-Vlaanderen,Laurent,122
2050,40000,BE23,Provincie Oost-Vlaanderen,Marinov,122
2050,40000,BE23,Provincie Oost-Vlaanderen,Niemegeers,122
2050,40000,BE23,Provincie Oost-Vlaanderen,Pannier,122
2050,40000,BE23,Provincie Oost-Vlaanderen,Robert,122
2050,40000,BE23,Provincie Oost-Vlaanderen,Scheirlinckx,122
2050,40000,BE23,Provincie Oost-Vlaanderen,Van Canneyt,122
2050,40000,BE23,Provincie Oost-Vlaanderen,Van Der Haegen,122
2050,40000,BE23,Provincie Oost-Vlaanderen,Van Moeseke,122
2050,40000,BE23,Provincie Oost-Vlaanderen,Van Overstraeten,122
2050,40000,BE23,Provincie Oost-Vlaanderen,Van Quaethem,122
2050,40000,BE23,Provincie Oost-Vlaanderen,Vancauwenberghe,122
2050,40000,BE23,Provincie Oost-Vlaanderen,Yordanov,122
2070,40000,BE23,Provincie Oost-Vlaanderen,Burms,121
2070,40000,BE23,Provincie Oost-Vlaanderen,Claeyssens,121
2070,40000,BE23,Provincie Oost-Vlaanderen,Cornil,121
2070,40000,BE23,Provincie Oost-Vlaanderen,Crommelinck,121
2070,40000,BE23,Provincie Oost-Vlaanderen,Demedts,121
2070,40000,BE23,Provincie Oost-Vlaanderen,Gezels,121
2070,40000,BE23,Provincie Oost-Vlaanderen,Lerno,121
2070,40000,BE23,Provincie Oost-Vlaanderen,Manssens,121
2070,40000,BE23,Provincie Oost-Vlaanderen,Perreman,121
2070,40000,BE23,Provincie Oost-Vlaanderen,Spriet,121
2070,40000,BE23,Provincie Oost-Vlaanderen,Taslidere,121
2070,40000,BE23,Provincie Oost-Vlaanderen,Van Den Broecke,121
2070,40000,BE23,Provincie Oost-Vlaanderen,Van Meerhaeghe,121
2070,40000,BE23,Provincie Oost-Vlaanderen,Van Wijnendaele,121
2070,40000,BE23,Provincie Oost-Vlaanderen,Vleminckx,121
2070,40000,BE23,Provincie Oost-Vlaanderen,Waelput,121
2070,40000,BE23,Provincie Oost-Vlaanderen,Wiels,121
2087,40000,BE23,Provincie Oost-Vlaanderen,De Ruyter,120
2087,40000,BE23,Provincie Oost-Vlaanderen,Degrande,120
2087,40000,BE23,Provincie Oost-Vlaanderen,Gijselinck,120
2087,40000,BE23,Provincie Oost-Vlaanderen,Langeraert,120
2087,40000,BE23,Provincie Oost-Vlaanderen,Lombaert,120
2087,40000,BE23,Provincie Oost-Vlaanderen,Marckx,120
2087,40000,BE23,Provincie Oost-Vlaanderen,Mensah,120
2087,40000,BE23,Provincie Oost-Vlaanderen,Mincke,120
2087,40000,BE23,Provincie Oost-Vlaanderen,Notteboom,120
2087,40000,BE23,Provincie Oost-Vlaanderen,Peerlinck,120
2087,40000,BE23,Provincie Oost-Vlaanderen,Perdaens,120
2087,40000,BE23,Provincie Oost-Vlaanderen,Poyraz,120
2087,40000,BE23,Provincie Oost-Vlaanderen,Pycke,120
2087,40000,BE23,Provincie Oost-Vlaanderen,Sadones,120
2087,40000,BE23,Provincie Oost-Vlaanderen,Sahan,120
2087,40000,BE23,Provincie Oost-Vlaanderen,Van Bellingen,120
2087,40000,BE23,Provincie Oost-Vlaanderen,Van der Hoeven,120
2087,40000,BE23,Provincie Oost-Vlaanderen,Van der Plaetsen,120
2087,40000,BE23,Provincie Oost-Vlaanderen,Vande Kerckhove,120
2106,40000,BE23,Provincie Oost-Vlaanderen,Baekelandt,119
2106,40000,BE23,Provincie Oost-Vlaanderen,Bourich,119
2106,40000,BE23,Provincie Oost-Vlaanderen,Ceuppens,119
2106,40000,BE23,Provincie Oost-Vlaanderen,D'Hont,119
2106,40000,BE23,Provincie Oost-Vlaanderen,Delaruelle,119
2106,40000,BE23,Provincie Oost-Vlaanderen,Delrue,119
2106,40000,BE23,Provincie Oost-Vlaanderen,Denijs,119
2106,40000,BE23,Provincie Oost-Vlaanderen,Deroo,119
2106,40000,BE23,Provincie Oost-Vlaanderen,Floré,119
2106,40000,BE23,Provincie Oost-Vlaanderen,Houtman,119
2106,40000,BE23,Provincie Oost-Vlaanderen,Melkebeke,119
2106,40000,BE23,Provincie Oost-Vlaanderen,Mustafova,119
2106,40000,BE23,Provincie Oost-Vlaanderen,Noori,119
2106,40000,BE23,Provincie Oost-Vlaanderen,Reunes,119
2106,40000,BE23,Provincie Oost-Vlaanderen,Robyn,119
2106,40000,BE23,Provincie Oost-Vlaanderen,Swinnen,119
2106,40000,BE23,Provincie Oost-Vlaanderen,Van Acoleyen,119
2106,40000,BE23,Provincie Oost-Vlaanderen,Van der Haeghen,119
2124,40000,BE23,Provincie Oost-Vlaanderen,Cieters,118
2124,40000,BE23,Provincie Oost-Vlaanderen,Crabbe,118
2124,40000,BE23,Provincie Oost-Vlaanderen,De Guchtenaere,118
2124,40000,BE23,Provincie Oost-Vlaanderen,Grootaert,118
2124,40000,BE23,Provincie Oost-Vlaanderen,Hebberecht,118
2124,40000,BE23,Provincie Oost-Vlaanderen,Heirweg,118
2124,40000,BE23,Provincie Oost-Vlaanderen,Karaman,118
2124,40000,BE23,Provincie Oost-Vlaanderen,Libert,118
2124,40000,BE23,Provincie Oost-Vlaanderen,Meulewaeter,118
2124,40000,BE23,Provincie Oost-Vlaanderen,Meyskens,118
2124,40000,BE23,Provincie Oost-Vlaanderen,Mys,118
2124,40000,BE23,Provincie Oost-Vlaanderen,Stockmans,118
2124,40000,BE23,Provincie Oost-Vlaanderen,Termont,118
2124,40000,BE23,Provincie Oost-Vlaanderen,Van Den Driessche,118
2124,40000,BE23,Provincie Oost-Vlaanderen,Van Herrewege,118
2124,40000,BE23,Provincie Oost-Vlaanderen,Vanassche,118
2140,40000,BE23,Provincie Oost-Vlaanderen,Bourgonjon,117
2140,40000,BE23,Provincie Oost-Vlaanderen,Bulté,117
2140,40000,BE23,Provincie Oost-Vlaanderen,Buyssens,117
2140,40000,BE23,Provincie Oost-Vlaanderen,Clemminck,117
2140,40000,BE23,Provincie Oost-Vlaanderen,De Muyter,117
2140,40000,BE23,Provincie Oost-Vlaanderen,Deloof,117
2140,40000,BE23,Provincie Oost-Vlaanderen,Deneve,117
2140,40000,BE23,Provincie Oost-Vlaanderen,Hallaert,117
2140,40000,BE23,Provincie Oost-Vlaanderen,Mavzer,117
2140,40000,BE23,Provincie Oost-Vlaanderen,Meulenijzer,117
2140,40000,BE23,Provincie Oost-Vlaanderen,Popa,117
2140,40000,BE23,Provincie Oost-Vlaanderen,Rubbrecht,117
2140,40000,BE23,Provincie Oost-Vlaanderen,Truyens,117
2140,40000,BE23,Provincie Oost-Vlaanderen,Van Bouchaute,117
2140,40000,BE23,Provincie Oost-Vlaanderen,Van de Sijpe,117
2140,40000,BE23,Provincie Oost-Vlaanderen,Van der Maelen,117
2140,40000,BE23,Provincie Oost-Vlaanderen,Van der Steen,117
2140,40000,BE23,Provincie Oost-Vlaanderen,Van der Vennet,117
2140,40000,BE23,Provincie Oost-Vlaanderen,Vandemoortele,117
2140,40000,BE23,Provincie Oost-Vlaanderen,Vanrenterghem,117
2140,40000,BE23,Provincie Oost-Vlaanderen,Vergult,117
2140,40000,BE23,Provincie Oost-Vlaanderen,Verheggen,117
2140,40000,BE23,Provincie Oost-Vlaanderen,Verstappen,117
2140,40000,BE23,Provincie Oost-Vlaanderen,Verstrynge,117
2140,40000,BE23,Provincie Oost-Vlaanderen,Vyvey,117
2140,40000,BE23,Provincie Oost-Vlaanderen,Zwaenepoel,117
2166,40000,BE23,Provincie Oost-Vlaanderen,Borgonjon,116
2166,40000,BE23,Provincie Oost-Vlaanderen,Carrette,116
2166,40000,BE23,Provincie Oost-Vlaanderen,De Beck,116
2166,40000,BE23,Provincie Oost-Vlaanderen,De Couvreur,116
2166,40000,BE23,Provincie Oost-Vlaanderen,De Martelaere,116
2166,40000,BE23,Provincie Oost-Vlaanderen,Gosselin,116
2166,40000,BE23,Provincie Oost-Vlaanderen,Moernaut,116
2166,40000,BE23,Provincie Oost-Vlaanderen,Moyson,116
2166,40000,BE23,Provincie Oost-Vlaanderen,Ottevaere,116
2166,40000,BE23,Provincie Oost-Vlaanderen,Peirlinck,116
2166,40000,BE23,Provincie Oost-Vlaanderen,Pevenage,116
2166,40000,BE23,Provincie Oost-Vlaanderen,Selis,116
2166,40000,BE23,Provincie Oost-Vlaanderen,Stroobandt,116
2166,40000,BE23,Provincie Oost-Vlaanderen,Van den Meerssche,116
2166,40000,BE23,Provincie Oost-Vlaanderen,Van der Poorten,116
2166,40000,BE23,Provincie Oost-Vlaanderen,Van der Stricht,116
2166,40000,BE23,Provincie Oost-Vlaanderen,Vanden Broecke,116
2166,40000,BE23,Provincie Oost-Vlaanderen,Walraeve,116
2184,40000,BE23,Provincie Oost-Vlaanderen,Ahmadzai,115
2184,40000,BE23,Provincie Oost-Vlaanderen,Crombez,115
2184,40000,BE23,Provincie Oost-Vlaanderen,De Busschere,115
2184,40000,BE23,Provincie Oost-Vlaanderen,Geleyn,115
2184,40000,BE23,Provincie Oost-Vlaanderen,Hoebeeck,115
2184,40000,BE23,Provincie Oost-Vlaanderen,Kestens,115
2184,40000,BE23,Provincie Oost-Vlaanderen,Moors,115
2184,40000,BE23,Provincie Oost-Vlaanderen,Proost,115
2184,40000,BE23,Provincie Oost-Vlaanderen,Scheirlinck,115
2184,40000,BE23,Provincie Oost-Vlaanderen,Tilley,115
2184,40000,BE23,Provincie Oost-Vlaanderen,Tindemans,115
2184,40000,BE23,Provincie Oost-Vlaanderen,Toch,115
2184,40000,BE23,Provincie Oost-Vlaanderen,Van der Meiren,115
2184,40000,BE23,Provincie Oost-Vlaanderen,Vandenbroeck,115
2184,40000,BE23,Provincie Oost-Vlaanderen,Vermorgen,115
2199,40000,BE23,Provincie Oost-Vlaanderen,De Lausnay,114
2199,40000,BE23,Provincie Oost-Vlaanderen,De Praeter,114
2199,40000,BE23,Provincie Oost-Vlaanderen,Fontaine,114
2199,40000,BE23,Provincie Oost-Vlaanderen,Gyssels,114
2199,40000,BE23,Provincie Oost-Vlaanderen,Laurier,114
2199,40000,BE23,Provincie Oost-Vlaanderen,Loncke,114
2199,40000,BE23,Provincie Oost-Vlaanderen,Omar,114
2199,40000,BE23,Provincie Oost-Vlaanderen,Overmeire,114
2199,40000,BE23,Provincie Oost-Vlaanderen,Roelands,114
2199,40000,BE23,Provincie Oost-Vlaanderen,Sezer,114
2199,40000,BE23,Provincie Oost-Vlaanderen,Smeets,114
2199,40000,BE23,Provincie Oost-Vlaanderen,Soete,114
2199,40000,BE23,Provincie Oost-Vlaanderen,Van Dosselaer,114
2199,40000,BE23,Provincie Oost-Vlaanderen,Van Eeghem,114
2199,40000,BE23,Provincie Oost-Vlaanderen,Verschraege,114
2199,40000,BE23,Provincie Oost-Vlaanderen,Versele,114
2215,40000,BE23,Provincie Oost-Vlaanderen,Auman,113
2215,40000,BE23,Provincie Oost-Vlaanderen,Boterberg,113
2215,40000,BE23,Provincie Oost-Vlaanderen,Bulteel,113
2215,40000,BE23,Provincie Oost-Vlaanderen,De Bleeckere,113
2215,40000,BE23,Provincie Oost-Vlaanderen,Deryckere,113
2215,40000,BE23,Provincie Oost-Vlaanderen,Elias,113
2215,40000,BE23,Provincie Oost-Vlaanderen,Erikli,113
2215,40000,BE23,Provincie Oost-Vlaanderen,Haenebalcke,113
2215,40000,BE23,Provincie Oost-Vlaanderen,Hemelaer,113
2215,40000,BE23,Provincie Oost-Vlaanderen,Himpe,113
2215,40000,BE23,Provincie Oost-Vlaanderen,Leirens,113
2215,40000,BE23,Provincie Oost-Vlaanderen,Nicque,113
2215,40000,BE23,Provincie Oost-Vlaanderen,Peers,113
2215,40000,BE23,Provincie Oost-Vlaanderen,Podevijn,113
2215,40000,BE23,Provincie Oost-Vlaanderen,Reyntjens,113
2215,40000,BE23,Provincie Oost-Vlaanderen,Seynaeve,113
2215,40000,BE23,Provincie Oost-Vlaanderen,Van Braeckel,113
2215,40000,BE23,Provincie Oost-Vlaanderen,Van de Vyvere,113
2215,40000,BE23,Provincie Oost-Vlaanderen,Van den Haute,113
2215,40000,BE23,Provincie Oost-Vlaanderen,Vanhooren,113
2215,40000,BE23,Provincie Oost-Vlaanderen,Öz,113
2236,40000,BE23,Provincie Oost-Vlaanderen,Boerjan,112
2236,40000,BE23,Provincie Oost-Vlaanderen,De Busscher,112
2236,40000,BE23,Provincie Oost-Vlaanderen,De Keulenaer,112
2236,40000,BE23,Provincie Oost-Vlaanderen,Fostier,112
2236,40000,BE23,Provincie Oost-Vlaanderen,Gentier,112
2236,40000,BE23,Provincie Oost-Vlaanderen,Ghijselinck,112
2236,40000,BE23,Provincie Oost-Vlaanderen,Hofmans,112
2236,40000,BE23,Provincie Oost-Vlaanderen,Meyers,112
2236,40000,BE23,Provincie Oost-Vlaanderen,Mustafov,112
2236,40000,BE23,Provincie Oost-Vlaanderen,Robberechts,112
2236,40000,BE23,Provincie Oost-Vlaanderen,Tilleman,112
2236,40000,BE23,Provincie Oost-Vlaanderen,Van Brempt,112
2236,40000,BE23,Provincie Oost-Vlaanderen,Van Den Haute,112
2236,40000,BE23,Provincie Oost-Vlaanderen,Van Geit,112
2236,40000,BE23,Provincie Oost-Vlaanderen,Van Steenbrugge,112
2236,40000,BE23,Provincie Oost-Vlaanderen,Vasileva,112
2236,40000,BE23,Provincie Oost-Vlaanderen,Vervust,112
2236,40000,BE23,Provincie Oost-Vlaanderen,Veyt,112
2254,40000,BE23,Provincie Oost-Vlaanderen,De Bruyker,111
2254,40000,BE23,Provincie Oost-Vlaanderen,De Vleesschauwer,111
2254,40000,BE23,Provincie Oost-Vlaanderen,Dedecker,111
2254,40000,BE23,Provincie Oost-Vlaanderen,Eryilmaz,111
2254,40000,BE23,Provincie Oost-Vlaanderen,Le Roy,111
2254,40000,BE23,Provincie Oost-Vlaanderen,Mihaylov,111
2254,40000,BE23,Provincie Oost-Vlaanderen,Mohammad,111
2254,40000,BE23,Provincie Oost-Vlaanderen,Monsaert,111
2254,40000,BE23,Provincie Oost-Vlaanderen,Rotsaert,111
2254,40000,BE23,Provincie Oost-Vlaanderen,Van Gaver,111
2254,40000,BE23,Provincie Oost-Vlaanderen,Van Steenlandt,111
2254,40000,BE23,Provincie Oost-Vlaanderen,Vanhaecke,111
2254,40000,BE23,Provincie Oost-Vlaanderen,Verbraekel,111
2254,40000,BE23,Provincie Oost-Vlaanderen,Vermeylen,111
2254,40000,BE23,Provincie Oost-Vlaanderen,Vlassenroot,111
2254,40000,BE23,Provincie Oost-Vlaanderen,Vriesacker,111
2254,40000,BE23,Provincie Oost-Vlaanderen,Yang,111
2271,40000,BE23,Provincie Oost-Vlaanderen,Alieva,110
2271,40000,BE23,Provincie Oost-Vlaanderen,Dupré,110
2271,40000,BE23,Provincie Oost-Vlaanderen,Eelbode,110
2271,40000,BE23,Provincie Oost-Vlaanderen,Fauconnier,110
2271,40000,BE23,Provincie Oost-Vlaanderen,Gabriëls,110
2271,40000,BE23,Provincie Oost-Vlaanderen,Herregods,110
2271,40000,BE23,Provincie Oost-Vlaanderen,Hoskens,110
2271,40000,BE23,Provincie Oost-Vlaanderen,Kaddouri,110
2271,40000,BE23,Provincie Oost-Vlaanderen,Lemeire,110
2271,40000,BE23,Provincie Oost-Vlaanderen,Roesbeke,110
2271,40000,BE23,Provincie Oost-Vlaanderen,Tahiri,110
2271,40000,BE23,Provincie Oost-Vlaanderen,Uytdenhouwen,110
2271,40000,BE23,Provincie Oost-Vlaanderen,Van Coillie,110
2271,40000,BE23,Provincie Oost-Vlaanderen,Van Coppernolle,110
2271,40000,BE23,Provincie Oost-Vlaanderen,Van Steelandt,110
2271,40000,BE23,Provincie Oost-Vlaanderen,Van de Merlen,110
2271,40000,BE23,Provincie Oost-Vlaanderen,Verstichel,110
2288,40000,BE23,Provincie Oost-Vlaanderen,Atanasov,109
2288,40000,BE23,Provincie Oost-Vlaanderen,Beké,109
2288,40000,BE23,Provincie Oost-Vlaanderen,Coolsaet,109
2288,40000,BE23,Provincie Oost-Vlaanderen,D'haene,109
2288,40000,BE23,Provincie Oost-Vlaanderen,De Boitselier,109
2288,40000,BE23,Provincie Oost-Vlaanderen,De Kuyper,109
2288,40000,BE23,Provincie Oost-Vlaanderen,De Scheemaecker,109
2288,40000,BE23,Provincie Oost-Vlaanderen,Dillen,109
2288,40000,BE23,Provincie Oost-Vlaanderen,Durmaz,109
2288,40000,BE23,Provincie Oost-Vlaanderen,Ketsman,109
2288,40000,BE23,Provincie Oost-Vlaanderen,Koyuncu,109
2288,40000,BE23,Provincie Oost-Vlaanderen,Mohammadi,109
2288,40000,BE23,Provincie Oost-Vlaanderen,Nuyttens,109
2288,40000,BE23,Provincie Oost-Vlaanderen,Saveyn,109
2288,40000,BE23,Provincie Oost-Vlaanderen,Schoofs,109
2288,40000,BE23,Provincie Oost-Vlaanderen,Van Cauwenberg,109
2288,40000,BE23,Provincie Oost-Vlaanderen,Van Lembergen,109
2288,40000,BE23,Provincie Oost-Vlaanderen,Van Overschelde,109
2288,40000,BE23,Provincie Oost-Vlaanderen,Van Quickelberghe,109
2288,40000,BE23,Provincie Oost-Vlaanderen,Van den Dooren,109
2288,40000,BE23,Provincie Oost-Vlaanderen,Verhoye,109
2288,40000,BE23,Provincie Oost-Vlaanderen,Verkimpe,109
2288,40000,BE23,Provincie Oost-Vlaanderen,Verplaetse,109
2288,40000,BE23,Provincie Oost-Vlaanderen,Verwilst,109
2312,40000,BE23,Provincie Oost-Vlaanderen,Anckaert,108
2312,40000,BE23,Provincie Oost-Vlaanderen,Becqué,108
2312,40000,BE23,Provincie Oost-Vlaanderen,De Boe,108
2312,40000,BE23,Provincie Oost-Vlaanderen,De Boey,108
2312,40000,BE23,Provincie Oost-Vlaanderen,De Frenne,108
2312,40000,BE23,Provincie Oost-Vlaanderen,De Leener,108
2312,40000,BE23,Provincie Oost-Vlaanderen,De Wannemaeker,108
2312,40000,BE23,Provincie Oost-Vlaanderen,Faingnaert,108
2312,40000,BE23,Provincie Oost-Vlaanderen,Gorrebeeck,108
2312,40000,BE23,Provincie Oost-Vlaanderen,Guldemont,108
2312,40000,BE23,Provincie Oost-Vlaanderen,Oosterlynck,108
2312,40000,BE23,Provincie Oost-Vlaanderen,Said,108
2312,40000,BE23,Provincie Oost-Vlaanderen,Schellinck,108
2312,40000,BE23,Provincie Oost-Vlaanderen,Scherpereel,108
2312,40000,BE23,Provincie Oost-Vlaanderen,Stevelinck,108
2312,40000,BE23,Provincie Oost-Vlaanderen,Van Hemelrijck,108
2312,40000,BE23,Provincie Oost-Vlaanderen,Van Hoeylandt,108
2312,40000,BE23,Provincie Oost-Vlaanderen,Van Moere,108
2312,40000,BE23,Provincie Oost-Vlaanderen,Van Rompaey,108
2312,40000,BE23,Provincie Oost-Vlaanderen,Vanhoecke,108
2312,40000,BE23,Provincie Oost-Vlaanderen,Verhaert,108
2333,40000,BE23,Provincie Oost-Vlaanderen,Akbayir,107
2333,40000,BE23,Provincie Oost-Vlaanderen,Ba,107
2333,40000,BE23,Provincie Oost-Vlaanderen,Batselier,107
2333,40000,BE23,Provincie Oost-Vlaanderen,Beurms,107
2333,40000,BE23,Provincie Oost-Vlaanderen,Boonaert,107
2333,40000,BE23,Provincie Oost-Vlaanderen,Cetinkaya,107
2333,40000,BE23,Provincie Oost-Vlaanderen,Daemers,107
2333,40000,BE23,Provincie Oost-Vlaanderen,De Groof,107
2333,40000,BE23,Provincie Oost-Vlaanderen,De Medts,107
2333,40000,BE23,Provincie Oost-Vlaanderen,De Pau,107
2333,40000,BE23,Provincie Oost-Vlaanderen,De Spiegelaere,107
2333,40000,BE23,Provincie Oost-Vlaanderen,De Tender,107
2333,40000,BE23,Provincie Oost-Vlaanderen,Denolf,107
2333,40000,BE23,Provincie Oost-Vlaanderen,Gaudissabois,107
2333,40000,BE23,Provincie Oost-Vlaanderen,Goedgezelschap,107
2333,40000,BE23,Provincie Oost-Vlaanderen,Hoffelinck,107
2333,40000,BE23,Provincie Oost-Vlaanderen,Hyusein,107
2333,40000,BE23,Provincie Oost-Vlaanderen,Impe,107
2333,40000,BE23,Provincie Oost-Vlaanderen,Jalloh,107
2333,40000,BE23,Provincie Oost-Vlaanderen,Maegerman,107
2333,40000,BE23,Provincie Oost-Vlaanderen,Schokkaert,107
2333,40000,BE23,Provincie Oost-Vlaanderen,Sey,107
2333,40000,BE23,Provincie Oost-Vlaanderen,Trossaert,107
2333,40000,BE23,Provincie Oost-Vlaanderen,Vaerewyck,107
2333,40000,BE23,Provincie Oost-Vlaanderen,Van Hauwaert,107
2333,40000,BE23,Provincie Oost-Vlaanderen,Van Maldegem,107
2333,40000,BE23,Provincie Oost-Vlaanderen,Van Verdegem,107
2333,40000,BE23,Provincie Oost-Vlaanderen,Versprille,107
2333,40000,BE23,Provincie Oost-Vlaanderen,Weyers,107
2362,40000,BE23,Provincie Oost-Vlaanderen,Amelinckx,106
2362,40000,BE23,Provincie Oost-Vlaanderen,Aps,106
2362,40000,BE23,Provincie Oost-Vlaanderen,Bockstal,106
2362,40000,BE23,Provincie Oost-Vlaanderen,Botterman,106
2362,40000,BE23,Provincie Oost-Vlaanderen,Brantegem,106
2362,40000,BE23,Provincie Oost-Vlaanderen,Bruynooghe,106
2362,40000,BE23,Provincie Oost-Vlaanderen,De Deyne,106
2362,40000,BE23,Provincie Oost-Vlaanderen,De Koster,106
2362,40000,BE23,Provincie Oost-Vlaanderen,De Somviele,106
2362,40000,BE23,Provincie Oost-Vlaanderen,Debaere,106
2362,40000,BE23,Provincie Oost-Vlaanderen,Devenyns,106
2362,40000,BE23,Provincie Oost-Vlaanderen,Droessaert,106
2362,40000,BE23,Provincie Oost-Vlaanderen,Dumon,106
2362,40000,BE23,Provincie Oost-Vlaanderen,Duquet,106
2362,40000,BE23,Provincie Oost-Vlaanderen,Henau,106
2362,40000,BE23,Provincie Oost-Vlaanderen,Herteleer,106
2362,40000,BE23,Provincie Oost-Vlaanderen,Mihaylova,106
2362,40000,BE23,Provincie Oost-Vlaanderen,Moeraert,106
2362,40000,BE23,Provincie Oost-Vlaanderen,Notenbaert,106
2362,40000,BE23,Provincie Oost-Vlaanderen,Ringoir,106
2362,40000,BE23,Provincie Oost-Vlaanderen,Stofferis,106
2362,40000,BE23,Provincie Oost-Vlaanderen,Straetmans,106
2362,40000,BE23,Provincie Oost-Vlaanderen,Van Eeckhoudt,106
2362,40000,BE23,Provincie Oost-Vlaanderen,Vanden Driessche,106
2362,40000,BE23,Provincie Oost-Vlaanderen,Vanwynsberghe,106
2362,40000,BE23,Provincie Oost-Vlaanderen,Wollaert,106
2388,40000,BE23,Provincie Oost-Vlaanderen,Abbeel,105
2388,40000,BE23,Provincie Oost-Vlaanderen,Bertin,105
2388,40000,BE23,Provincie Oost-Vlaanderen,Bosschaert,105
2388,40000,BE23,Provincie Oost-Vlaanderen,Calli,105
2388,40000,BE23,Provincie Oost-Vlaanderen,Cauwel,105
2388,40000,BE23,Provincie Oost-Vlaanderen,De Scheemaeker,105
2388,40000,BE23,Provincie Oost-Vlaanderen,De Waegenaere,105
2388,40000,BE23,Provincie Oost-Vlaanderen,Dupon,105
2388,40000,BE23,Provincie Oost-Vlaanderen,Gees,105
2388,40000,BE23,Provincie Oost-Vlaanderen,Huylenbroeck,105
2388,40000,BE23,Provincie Oost-Vlaanderen,Kavak,105
2388,40000,BE23,Provincie Oost-Vlaanderen,Plaetinck,105
2388,40000,BE23,Provincie Oost-Vlaanderen,Poelaert,105
2388,40000,BE23,Provincie Oost-Vlaanderen,Ruysschaert,105
2388,40000,BE23,Provincie Oost-Vlaanderen,Sener,105
2388,40000,BE23,Provincie Oost-Vlaanderen,Termote,105
2388,40000,BE23,Provincie Oost-Vlaanderen,Vaernewyck,105
2388,40000,BE23,Provincie Oost-Vlaanderen,Van Baeveghem,105
2388,40000,BE23,Provincie Oost-Vlaanderen,Van Oevelen,105
2388,40000,BE23,Provincie Oost-Vlaanderen,Van Pamel,105
2388,40000,BE23,Provincie Oost-Vlaanderen,Van Schuylenbergh,105
2388,40000,BE23,Provincie Oost-Vlaanderen,Van de Steen,105
2388,40000,BE23,Provincie Oost-Vlaanderen,Vandenbogaerde,105
2388,40000,BE23,Provincie Oost-Vlaanderen,Vandermeeren,105
2388,40000,BE23,Provincie Oost-Vlaanderen,Verstockt,105
2413,40000,BE23,Provincie Oost-Vlaanderen,Braems,104
2413,40000,BE23,Provincie Oost-Vlaanderen,Cleppe,104
2413,40000,BE23,Provincie Oost-Vlaanderen,Coremans,104
2413,40000,BE23,Provincie Oost-Vlaanderen,De Vits,104
2413,40000,BE23,Provincie Oost-Vlaanderen,De Zitter,104
2413,40000,BE23,Provincie Oost-Vlaanderen,Derudder,104
2413,40000,BE23,Provincie Oost-Vlaanderen,Kartal,104
2413,40000,BE23,Provincie Oost-Vlaanderen,Lardenoit,104
2413,40000,BE23,Provincie Oost-Vlaanderen,Leroux,104
2413,40000,BE23,Provincie Oost-Vlaanderen,Limbourg,104
2413,40000,BE23,Provincie Oost-Vlaanderen,Meirsman,104
2413,40000,BE23,Provincie Oost-Vlaanderen,Moeykens,104
2413,40000,BE23,Provincie Oost-Vlaanderen,Stragier,104
2413,40000,BE23,Provincie Oost-Vlaanderen,Truyman,104
2413,40000,BE23,Provincie Oost-Vlaanderen,Van Den Bremt,104
2413,40000,BE23,Provincie Oost-Vlaanderen,Van Den Eeckhaut,104
2413,40000,BE23,Provincie Oost-Vlaanderen,Van Hoeck,104
2413,40000,BE23,Provincie Oost-Vlaanderen,Van Simaeys,104
2413,40000,BE23,Provincie Oost-Vlaanderen,Van de Cauter,104
2413,40000,BE23,Provincie Oost-Vlaanderen,Van der Stockt,104
2413,40000,BE23,Provincie Oost-Vlaanderen,Vanhoucke,104
2413,40000,BE23,Provincie Oost-Vlaanderen,Willekens,104
2413,40000,BE23,Provincie Oost-Vlaanderen,Yde,104
2413,40000,BE23,Provincie Oost-Vlaanderen,Özcan,104
2437,40000,BE23,Provincie Oost-Vlaanderen,Bockaert,103
2437,40000,BE23,Provincie Oost-Vlaanderen,D'Haenens,103
2437,40000,BE23,Provincie Oost-Vlaanderen,De Bonte,103
2437,40000,BE23,Provincie Oost-Vlaanderen,De Norre,103
2437,40000,BE23,Provincie Oost-Vlaanderen,De Plecker,103
2437,40000,BE23,Provincie Oost-Vlaanderen,Derweduwen,103
2437,40000,BE23,Provincie Oost-Vlaanderen,Haes,103
2437,40000,BE23,Provincie Oost-Vlaanderen,Huyge,103
2437,40000,BE23,Provincie Oost-Vlaanderen,Lemaitre,103
2437,40000,BE23,Provincie Oost-Vlaanderen,Loos,103
2437,40000,BE23,Provincie Oost-Vlaanderen,Meys,103
2437,40000,BE23,Provincie Oost-Vlaanderen,Meysman,103
2437,40000,BE23,Provincie Oost-Vlaanderen,Mine,103
2437,40000,BE23,Provincie Oost-Vlaanderen,Moyaert,103
2437,40000,BE23,Provincie Oost-Vlaanderen,Persoon,103
2437,40000,BE23,Provincie Oost-Vlaanderen,Ringoet,103
2437,40000,BE23,Provincie Oost-Vlaanderen,Speliers,103
2437,40000,BE23,Provincie Oost-Vlaanderen,Theys,103
2437,40000,BE23,Provincie Oost-Vlaanderen,Van Eesbeek,103
2437,40000,BE23,Provincie Oost-Vlaanderen,Van Overmeeren,103
2437,40000,BE23,Provincie Oost-Vlaanderen,Van der Perre,103
2437,40000,BE23,Provincie Oost-Vlaanderen,Vandenborre,103
2437,40000,BE23,Provincie Oost-Vlaanderen,Vandevyvere,103
2437,40000,BE23,Provincie Oost-Vlaanderen,Verwee,103
2437,40000,BE23,Provincie Oost-Vlaanderen,Vranken,103
2437,40000,BE23,Provincie Oost-Vlaanderen,West,103
2437,40000,BE23,Provincie Oost-Vlaanderen,Willemyns,103
2464,40000,BE23,Provincie Oost-Vlaanderen,Akkas,102
2464,40000,BE23,Provincie Oost-Vlaanderen,Allegaert,102
2464,40000,BE23,Provincie Oost-Vlaanderen,Beyst,102
2464,40000,BE23,Provincie Oost-Vlaanderen,Bos,102
2464,40000,BE23,Provincie Oost-Vlaanderen,Cathoir,102
2464,40000,BE23,Provincie Oost-Vlaanderen,D'Haeyer,102
2464,40000,BE23,Provincie Oost-Vlaanderen,De Roy,102
2464,40000,BE23,Provincie Oost-Vlaanderen,Ouchan,102
2464,40000,BE23,Provincie Oost-Vlaanderen,Popelier,102
2464,40000,BE23,Provincie Oost-Vlaanderen,Sadat,102
2464,40000,BE23,Provincie Oost-Vlaanderen,Smolders,102
2464,40000,BE23,Provincie Oost-Vlaanderen,Van Erdeghem,102
2464,40000,BE23,Provincie Oost-Vlaanderen,Van Hal,102
2464,40000,BE23,Provincie Oost-Vlaanderen,Van Heule,102
2464,40000,BE23,Provincie Oost-Vlaanderen,Van Opstal,102
2464,40000,BE23,Provincie Oost-Vlaanderen,Van Wolvelaer,102
2464,40000,BE23,Provincie Oost-Vlaanderen,Van hove,102
2464,40000,BE23,Provincie Oost-Vlaanderen,Vanlancker,102
2464,40000,BE23,Provincie Oost-Vlaanderen,Verscheure,102
2464,40000,BE23,Provincie Oost-Vlaanderen,Çelik,102
2484,40000,BE23,Provincie Oost-Vlaanderen,Bleyaert,101
2484,40000,BE23,Provincie Oost-Vlaanderen,Bombeeck,101
2484,40000,BE23,Provincie Oost-Vlaanderen,Bourgois,101
2484,40000,BE23,Provincie Oost-Vlaanderen,Cooremans,101
2484,40000,BE23,Provincie Oost-Vlaanderen,De Borger,101
2484,40000,BE23,Provincie Oost-Vlaanderen,De Vijlder,101
2484,40000,BE23,Provincie Oost-Vlaanderen,Dekeyzer,101
2484,40000,BE23,Provincie Oost-Vlaanderen,Denayer,101
2484,40000,BE23,Provincie Oost-Vlaanderen,Duerinck,101
2484,40000,BE23,Provincie Oost-Vlaanderen,Henderick,101
2484,40000,BE23,Provincie Oost-Vlaanderen,Heylens,101
2484,40000,BE23,Provincie Oost-Vlaanderen,Lamote,101
2484,40000,BE23,Provincie Oost-Vlaanderen,Liekens,101
2484,40000,BE23,Provincie Oost-Vlaanderen,Matthieu,101
2484,40000,BE23,Provincie Oost-Vlaanderen,Pyck,101
2484,40000,BE23,Provincie Oost-Vlaanderen,Remy,101
2484,40000,BE23,Provincie Oost-Vlaanderen,Rogier,101
2484,40000,BE23,Provincie Oost-Vlaanderen,Saegerman,101
2484,40000,BE23,Provincie Oost-Vlaanderen,Stefanova,101
2484,40000,BE23,Provincie Oost-Vlaanderen,Van De Maele,101
2484,40000,BE23,Provincie Oost-Vlaanderen,Van Gaeveren,101
2484,40000,BE23,Provincie Oost-Vlaanderen,Vandersmissen,101
2484,40000,BE23,Provincie Oost-Vlaanderen,Vasilev,101
2484,40000,BE23,Provincie Oost-Vlaanderen,Velleman,101
2484,40000,BE23,Provincie Oost-Vlaanderen,Verbeeren,101
2484,40000,BE23,Provincie Oost-Vlaanderen,Verley,101
2484,40000,BE23,Provincie Oost-Vlaanderen,Verplanken,101
2484,40000,BE23,Provincie Oost-Vlaanderen,Verspecht,101
2484,40000,BE23,Provincie Oost-Vlaanderen,Verspeet,101
2484,40000,BE23,Provincie Oost-Vlaanderen,Vervondel,101
2484,40000,BE23,Provincie Oost-Vlaanderen,Waegemans,101
2484,40000,BE23,Provincie Oost-Vlaanderen,Wijns,101
2484,40000,BE23,Provincie Oost-Vlaanderen,Willemarck,101
2517,40000,BE23,Provincie Oost-Vlaanderen,Balog,100
2517,40000,BE23,Provincie Oost-Vlaanderen,Bastien,100
2517,40000,BE23,Provincie Oost-Vlaanderen,Bergmans,100
2517,40000,BE23,Provincie Oost-Vlaanderen,Brossé,100
2517,40000,BE23,Provincie Oost-Vlaanderen,Bytebier,100
2517,40000,BE23,Provincie Oost-Vlaanderen,De Blaere,100
2517,40000,BE23,Provincie Oost-Vlaanderen,De Keersmaecker,100
2517,40000,BE23,Provincie Oost-Vlaanderen,De Middelaer,100
2517,40000,BE23,Provincie Oost-Vlaanderen,De Stoop,100
2517,40000,BE23,Provincie Oost-Vlaanderen,Denis,100
2517,40000,BE23,Provincie Oost-Vlaanderen,Engelen,100
2517,40000,BE23,Provincie Oost-Vlaanderen,Goovaerts,100
2517,40000,BE23,Provincie Oost-Vlaanderen,Haelters,100
2517,40000,BE23,Provincie Oost-Vlaanderen,Helsens,100
2517,40000,BE23,Provincie Oost-Vlaanderen,Hesters,100
2517,40000,BE23,Provincie Oost-Vlaanderen,Jaspers,100
2517,40000,BE23,Provincie Oost-Vlaanderen,Kuppens,100
2517,40000,BE23,Provincie Oost-Vlaanderen,Lecluyse,100
2517,40000,BE23,Provincie Oost-Vlaanderen,Motte,100
2517,40000,BE23,Provincie Oost-Vlaanderen,Nachtegael,100
2517,40000,BE23,Provincie Oost-Vlaanderen,Patel,100
2517,40000,BE23,Provincie Oost-Vlaanderen,Polat,100
2517,40000,BE23,Provincie Oost-Vlaanderen,Rommens,100
2517,40000,BE23,Provincie Oost-Vlaanderen,Schalck,100
2517,40000,BE23,Provincie Oost-Vlaanderen,Snel,100
2517,40000,BE23,Provincie Oost-Vlaanderen,Van Bellegem,100
2517,40000,BE23,Provincie Oost-Vlaanderen,Van Canegem,100
2517,40000,BE23,Provincie Oost-Vlaanderen,Van Duysen,100
2517,40000,BE23,Provincie Oost-Vlaanderen,Van Overmeiren,100
2517,40000,BE23,Provincie Oost-Vlaanderen,Van Overwaele,100
2517,40000,BE23,Provincie Oost-Vlaanderen,Vanderbeke,100
2517,40000,BE23,Provincie Oost-Vlaanderen,Vangansbeke,100
2517,40000,BE23,Provincie Oost-Vlaanderen,Wettinck,100
2517,40000,BE23,Provincie Oost-Vlaanderen,Özen,100
1,20001,BE24,Provincie Vlaams-Brabant,Janssens,"5,202"
2,20001,BE24,Provincie Vlaams-Brabant,Peeters,"5,146"
3,20001,BE24,Provincie Vlaams-Brabant,Jacobs,"3,105"
4,20001,BE24,Provincie Vlaams-Brabant,Willems,"3,038"
5,20001,BE24,Provincie Vlaams-Brabant,Mertens,"2,945"
6,20001,BE24,Provincie Vlaams-Brabant,Wouters,"2,710"
7,20001,BE24,Provincie Vlaams-Brabant,Michiels,"2,705"
8,20001,BE24,Provincie Vlaams-Brabant,Goossens,"2,486"
9,20001,BE24,Provincie Vlaams-Brabant,Claes,"2,401"
10,20001,BE24,Provincie Vlaams-Brabant,Smets,"2,254"
11,20001,BE24,Provincie Vlaams-Brabant,Maes,"2,217"
12,20001,BE24,Provincie Vlaams-Brabant,Hendrickx,"2,117"
13,20001,BE24,Provincie Vlaams-Brabant,Hermans,"2,017"
14,20001,BE24,Provincie Vlaams-Brabant,Pauwels,"1,736"
15,20001,BE24,Provincie Vlaams-Brabant,De Smedt,"1,711"
16,20001,BE24,Provincie Vlaams-Brabant,Aerts,"1,599"
17,20001,BE24,Provincie Vlaams-Brabant,Wauters,"1,524"
18,20001,BE24,Provincie Vlaams-Brabant,Lemmens,"1,438"
19,20001,BE24,Provincie Vlaams-Brabant,Segers,"1,398"
20,20001,BE24,Provincie Vlaams-Brabant,Timmermans,"1,394"
21,20001,BE24,Provincie Vlaams-Brabant,Van den Broeck,"1,273"
22,20001,BE24,Provincie Vlaams-Brabant,De Coster,"1,226"
23,20001,BE24,Provincie Vlaams-Brabant,De Ridder,"1,211"
24,20001,BE24,Provincie Vlaams-Brabant,De Greef,"1,200"
25,20001,BE24,Provincie Vlaams-Brabant,Nijs,"1,189"
26,20001,BE24,Provincie Vlaams-Brabant,De Smet,"1,188"
27,20001,BE24,Provincie Vlaams-Brabant,Verheyden,"1,142"
28,20001,BE24,Provincie Vlaams-Brabant,De Backer,"1,111"
28,20001,BE24,Provincie Vlaams-Brabant,De Vos,"1,111"
30,20001,BE24,Provincie Vlaams-Brabant,Verhoeven,"1,106"
31,20001,BE24,Provincie Vlaams-Brabant,Moens,"1,102"
32,20001,BE24,Provincie Vlaams-Brabant,Vermeulen,"1,070"
33,20001,BE24,Provincie Vlaams-Brabant,Stevens,"1,061"
34,20001,BE24,Provincie Vlaams-Brabant,Stroobants,"1,057"
34,20001,BE24,Provincie Vlaams-Brabant,Verhaegen,"1,057"
36,20001,BE24,Provincie Vlaams-Brabant,Lauwers,"1,056"
37,20001,BE24,Provincie Vlaams-Brabant,Sterckx,"1,055"
38,20001,BE24,Provincie Vlaams-Brabant,Decoster,"1,042"
39,20001,BE24,Provincie Vlaams-Brabant,Bosmans,"1,022"
40,20001,BE24,Provincie Vlaams-Brabant,Coppens,"1,016"
41,20001,BE24,Provincie Vlaams-Brabant,Cornelis,974
42,20001,BE24,Provincie Vlaams-Brabant,Nys,969
43,20001,BE24,Provincie Vlaams-Brabant,Verlinden,968
44,20001,BE24,Provincie Vlaams-Brabant,De Boeck,964
45,20001,BE24,Provincie Vlaams-Brabant,Vandevelde,944
46,20001,BE24,Provincie Vlaams-Brabant,Desmet,933
47,20001,BE24,Provincie Vlaams-Brabant,Meert,930
48,20001,BE24,Provincie Vlaams-Brabant,Van de Velde,928
49,20001,BE24,Provincie Vlaams-Brabant,Verstraeten,921
50,20001,BE24,Provincie Vlaams-Brabant,Leemans,914
51,20001,BE24,Provincie Vlaams-Brabant,Devos,913
52,20001,BE24,Provincie Vlaams-Brabant,Swinnen,910
53,20001,BE24,Provincie Vlaams-Brabant,Verbruggen,905
54,20001,BE24,Provincie Vlaams-Brabant,Buelens,895
55,20001,BE24,Provincie Vlaams-Brabant,Borremans,892
56,20001,BE24,Provincie Vlaams-Brabant,Vranckx,875
57,20001,BE24,Provincie Vlaams-Brabant,Boon,873
58,20001,BE24,Provincie Vlaams-Brabant,De Pauw,866
59,20001,BE24,Provincie Vlaams-Brabant,Lambrechts,863
60,20001,BE24,Provincie Vlaams-Brabant,Thomas,857
61,20001,BE24,Provincie Vlaams-Brabant,Lenaerts,855
62,20001,BE24,Provincie Vlaams-Brabant,Van Campenhout,840
63,20001,BE24,Provincie Vlaams-Brabant,Van Roy,811
64,20001,BE24,Provincie Vlaams-Brabant,Bruyninckx,805
65,20001,BE24,Provincie Vlaams-Brabant,Bogaerts,804
66,20001,BE24,Provincie Vlaams-Brabant,Andries,798
67,20001,BE24,Provincie Vlaams-Brabant,Van Damme,794
68,20001,BE24,Provincie Vlaams-Brabant,Meeus,791
69,20001,BE24,Provincie Vlaams-Brabant,Heyvaert,788
70,20001,BE24,Provincie Vlaams-Brabant,De Cock,782
71,20001,BE24,Provincie Vlaams-Brabant,Merckx,780
72,20001,BE24,Provincie Vlaams-Brabant,Heymans,776
73,20001,BE24,Provincie Vlaams-Brabant,Geens,768
74,20001,BE24,Provincie Vlaams-Brabant,De Coninck,765
75,20001,BE24,Provincie Vlaams-Brabant,Christiaens,764
76,20001,BE24,Provincie Vlaams-Brabant,Luyten,762
77,20001,BE24,Provincie Vlaams-Brabant,De Keyser,758
78,20001,BE24,Provincie Vlaams-Brabant,De Wit,755
79,20001,BE24,Provincie Vlaams-Brabant,Vanderlinden,743
80,20001,BE24,Provincie Vlaams-Brabant,Vercammen,741
81,20001,BE24,Provincie Vlaams-Brabant,Van Belle,728
82,20001,BE24,Provincie Vlaams-Brabant,Geeraerts,718
83,20001,BE24,Provincie Vlaams-Brabant,Van den Bossche,707
84,20001,BE24,Provincie Vlaams-Brabant,Huybrechts,702
85,20001,BE24,Provincie Vlaams-Brabant,Heremans,697
86,20001,BE24,Provincie Vlaams-Brabant,Vos,696
87,20001,BE24,Provincie Vlaams-Brabant,Goovaerts,686
88,20001,BE24,Provincie Vlaams-Brabant,Verbeeck,682
89,20001,BE24,Provincie Vlaams-Brabant,Cuypers,673
89,20001,BE24,Provincie Vlaams-Brabant,Van Aerschot,673
91,20001,BE24,Provincie Vlaams-Brabant,Walravens,664
92,20001,BE24,Provincie Vlaams-Brabant,Beckers,662
93,20001,BE24,Provincie Vlaams-Brabant,Dierickx,654
93,20001,BE24,Provincie Vlaams-Brabant,Wuyts,654
95,20001,BE24,Provincie Vlaams-Brabant,Van Hoof,648
96,20001,BE24,Provincie Vlaams-Brabant,De Bondt,638
97,20001,BE24,Provincie Vlaams-Brabant,Simons,627
98,20001,BE24,Provincie Vlaams-Brabant,Ceulemans,616
99,20001,BE24,Provincie Vlaams-Brabant,Verschueren,612
100,20001,BE24,Provincie Vlaams-Brabant,Geerts,607
101,20001,BE24,Provincie Vlaams-Brabant,Dupont,606
102,20001,BE24,Provincie Vlaams-Brabant,Coenen,600
103,20001,BE24,Provincie Vlaams-Brabant,Janssen,596
104,20001,BE24,Provincie Vlaams-Brabant,Dubois,594
105,20001,BE24,Provincie Vlaams-Brabant,Claeys,593
105,20001,BE24,Provincie Vlaams-Brabant,Diallo,593
107,20001,BE24,Provincie Vlaams-Brabant,Reniers,591
108,20001,BE24,Provincie Vlaams-Brabant,François,590
108,20001,BE24,Provincie Vlaams-Brabant,Verbist,590
110,20001,BE24,Provincie Vlaams-Brabant,Meulemans,581
111,20001,BE24,Provincie Vlaams-Brabant,Dewit,577
112,20001,BE24,Provincie Vlaams-Brabant,Crabbé,576
113,20001,BE24,Provincie Vlaams-Brabant,De Clercq,571
114,20001,BE24,Provincie Vlaams-Brabant,Vanderheyden,570
115,20001,BE24,Provincie Vlaams-Brabant,Robberechts,568
116,20001,BE24,Provincie Vlaams-Brabant,De Becker,567
117,20001,BE24,Provincie Vlaams-Brabant,Somers,566
118,20001,BE24,Provincie Vlaams-Brabant,Celis,563
119,20001,BE24,Provincie Vlaams-Brabant,Cools,558
119,20001,BE24,Provincie Vlaams-Brabant,Van den Eynde,558
121,20001,BE24,Provincie Vlaams-Brabant,De Bruyn,557
121,20001,BE24,Provincie Vlaams-Brabant,Goris,557
123,20001,BE24,Provincie Vlaams-Brabant,Martens,552
124,20001,BE24,Provincie Vlaams-Brabant,De Wolf,551
124,20001,BE24,Provincie Vlaams-Brabant,Vandeput,551
126,20001,BE24,Provincie Vlaams-Brabant,Thielemans,550
127,20001,BE24,Provincie Vlaams-Brabant,Singh,549
128,20001,BE24,Provincie Vlaams-Brabant,Beelen,543
129,20001,BE24,Provincie Vlaams-Brabant,Moons,534
130,20001,BE24,Provincie Vlaams-Brabant,Van den Bergh,532
131,20001,BE24,Provincie Vlaams-Brabant,Denayer,531
131,20001,BE24,Provincie Vlaams-Brabant,Vranken,531
133,20001,BE24,Provincie Vlaams-Brabant,Theys,529
133,20001,BE24,Provincie Vlaams-Brabant,Van Cutsem,529
135,20001,BE24,Provincie Vlaams-Brabant,Van Buggenhout,528
135,20001,BE24,Provincie Vlaams-Brabant,Van den Brande,528
137,20001,BE24,Provincie Vlaams-Brabant,Heylen,518
138,20001,BE24,Provincie Vlaams-Brabant,Tielemans,517
138,20001,BE24,Provincie Vlaams-Brabant,Van Droogenbroeck,517
140,20001,BE24,Provincie Vlaams-Brabant,Elsen,516
140,20001,BE24,Provincie Vlaams-Brabant,Schepers,516
142,20001,BE24,Provincie Vlaams-Brabant,Vander Elst,514
143,20001,BE24,Provincie Vlaams-Brabant,Van Hove,512
144,20001,BE24,Provincie Vlaams-Brabant,Ceuppens,511
145,20001,BE24,Provincie Vlaams-Brabant,Bellemans,509
145,20001,BE24,Provincie Vlaams-Brabant,Vrancken,509
147,20001,BE24,Provincie Vlaams-Brabant,Luyckx,508
148,20001,BE24,Provincie Vlaams-Brabant,Verbiest,505
149,20001,BE24,Provincie Vlaams-Brabant,Frederickx,501
149,20001,BE24,Provincie Vlaams-Brabant,Renders,501
149,20001,BE24,Provincie Vlaams-Brabant,Van Dyck,501
149,20001,BE24,Provincie Vlaams-Brabant,Wellens,501
153,20001,BE24,Provincie Vlaams-Brabant,Roelants,499
154,20001,BE24,Provincie Vlaams-Brabant,Engels,498
155,20001,BE24,Provincie Vlaams-Brabant,Philips,497
155,20001,BE24,Provincie Vlaams-Brabant,Raes,497
157,20001,BE24,Provincie Vlaams-Brabant,Verdoodt,496
158,20001,BE24,Provincie Vlaams-Brabant,Vandenbosch,495
159,20001,BE24,Provincie Vlaams-Brabant,Wyns,494
160,20001,BE24,Provincie Vlaams-Brabant,De Clerck,492
161,20001,BE24,Provincie Vlaams-Brabant,Bauwens,489
162,20001,BE24,Provincie Vlaams-Brabant,Stas,488
163,20001,BE24,Provincie Vlaams-Brabant,Van Vaerenbergh,487
164,20001,BE24,Provincie Vlaams-Brabant,Claessens,485
164,20001,BE24,Provincie Vlaams-Brabant,Govaerts,485
166,20001,BE24,Provincie Vlaams-Brabant,Van Cauwenbergh,482
167,20001,BE24,Provincie Vlaams-Brabant,Vermeylen,480
168,20001,BE24,Provincie Vlaams-Brabant,Pelgrims,475
168,20001,BE24,Provincie Vlaams-Brabant,Vandermeulen,475
170,20001,BE24,Provincie Vlaams-Brabant,Alaerts,474
170,20001,BE24,Provincie Vlaams-Brabant,Jans,474
170,20001,BE24,Provincie Vlaams-Brabant,Vanhove,474
173,20001,BE24,Provincie Vlaams-Brabant,Everaerts,473
174,20001,BE24,Provincie Vlaams-Brabant,Van Assche,472
174,20001,BE24,Provincie Vlaams-Brabant,Van der Borght,472
176,20001,BE24,Provincie Vlaams-Brabant,Puttemans,467
177,20001,BE24,Provincie Vlaams-Brabant,Vanderstraeten,461
178,20001,BE24,Provincie Vlaams-Brabant,Huysmans,460
178,20001,BE24,Provincie Vlaams-Brabant,Verheyen,460
180,20001,BE24,Provincie Vlaams-Brabant,De Baerdemaeker,459
180,20001,BE24,Provincie Vlaams-Brabant,Vermeiren,459
182,20001,BE24,Provincie Vlaams-Brabant,Adams,457
183,20001,BE24,Provincie Vlaams-Brabant,Verhulst,456
184,20001,BE24,Provincie Vlaams-Brabant,Van Laethem,455
185,20001,BE24,Provincie Vlaams-Brabant,Berckmans,454
185,20001,BE24,Provincie Vlaams-Brabant,Broos,454
187,20001,BE24,Provincie Vlaams-Brabant,De Winter,450
188,20001,BE24,Provincie Vlaams-Brabant,Delvaux,449
188,20001,BE24,Provincie Vlaams-Brabant,Vermeir,449
190,20001,BE24,Provincie Vlaams-Brabant,Gilis,447
191,20001,BE24,Provincie Vlaams-Brabant,Demol,445
191,20001,BE24,Provincie Vlaams-Brabant,Torfs,445
193,20001,BE24,Provincie Vlaams-Brabant,Pardon,444
194,20001,BE24,Provincie Vlaams-Brabant,Berghmans,443
195,20001,BE24,Provincie Vlaams-Brabant,Van Camp,442
196,20001,BE24,Provincie Vlaams-Brabant,Thys,441
197,20001,BE24,Provincie Vlaams-Brabant,Bah,440
198,20001,BE24,Provincie Vlaams-Brabant,Matthys,439
199,20001,BE24,Provincie Vlaams-Brabant,Desmedt,438
199,20001,BE24,Provincie Vlaams-Brabant,Laeremans,438
201,20001,BE24,Provincie Vlaams-Brabant,Feyaerts,437
201,20001,BE24,Provincie Vlaams-Brabant,Serneels,437
203,20001,BE24,Provincie Vlaams-Brabant,Verbelen,436
204,20001,BE24,Provincie Vlaams-Brabant,Vaes,435
205,20001,BE24,Provincie Vlaams-Brabant,Daems,433
206,20001,BE24,Provincie Vlaams-Brabant,Vleminckx,432
207,20001,BE24,Provincie Vlaams-Brabant,Carlier,431
208,20001,BE24,Provincie Vlaams-Brabant,De Decker,428
209,20001,BE24,Provincie Vlaams-Brabant,Raeymaekers,427
210,20001,BE24,Provincie Vlaams-Brabant,Mattheus,425
211,20001,BE24,Provincie Vlaams-Brabant,Geeroms,422
212,20001,BE24,Provincie Vlaams-Brabant,Van Laer,420
212,20001,BE24,Provincie Vlaams-Brabant,Vandenbroeck,420
214,20001,BE24,Provincie Vlaams-Brabant,Hanssens,419
215,20001,BE24,Provincie Vlaams-Brabant,Bollen,418
215,20001,BE24,Provincie Vlaams-Brabant,Van Calster,418
215,20001,BE24,Provincie Vlaams-Brabant,Van Espen,418
218,20001,BE24,Provincie Vlaams-Brabant,Geyskens,417
218,20001,BE24,Provincie Vlaams-Brabant,Huygens,417
220,20001,BE24,Provincie Vlaams-Brabant,Liekens,415
221,20001,BE24,Provincie Vlaams-Brabant,Bogaert,414
222,20001,BE24,Provincie Vlaams-Brabant,Vandezande,412
223,20001,BE24,Provincie Vlaams-Brabant,De Meyer,411
224,20001,BE24,Provincie Vlaams-Brabant,Van Rompaey,410
225,20001,BE24,Provincie Vlaams-Brabant,De Maeyer,409
226,20001,BE24,Provincie Vlaams-Brabant,Sempels,407
226,20001,BE24,Provincie Vlaams-Brabant,Van Vlasselaer,407
228,20001,BE24,Provincie Vlaams-Brabant,Van den Borre,406
229,20001,BE24,Provincie Vlaams-Brabant,Verhasselt,405
230,20001,BE24,Provincie Vlaams-Brabant,Mellaerts,404
231,20001,BE24,Provincie Vlaams-Brabant,Baert,402
231,20001,BE24,Provincie Vlaams-Brabant,Devillé,402
231,20001,BE24,Provincie Vlaams-Brabant,Reynders,402
231,20001,BE24,Provincie Vlaams-Brabant,Verdeyen,402
235,20001,BE24,Provincie Vlaams-Brabant,Poels,401
235,20001,BE24,Provincie Vlaams-Brabant,Vandenplas,401
237,20001,BE24,Provincie Vlaams-Brabant,Coosemans,399
237,20001,BE24,Provincie Vlaams-Brabant,Vanderveken,399
239,20001,BE24,Provincie Vlaams-Brabant,Servranckx,398
240,20001,BE24,Provincie Vlaams-Brabant,Lambert,397
241,20001,BE24,Provincie Vlaams-Brabant,Van Lierde,395
241,20001,BE24,Provincie Vlaams-Brabant,Van Loo,395
243,20001,BE24,Provincie Vlaams-Brabant,Seghers,394
244,20001,BE24,Provincie Vlaams-Brabant,Van Praet,392
245,20001,BE24,Provincie Vlaams-Brabant,Gurung,391
245,20001,BE24,Provincie Vlaams-Brabant,Morren,391
247,20001,BE24,Provincie Vlaams-Brabant,De Roover,390
247,20001,BE24,Provincie Vlaams-Brabant,Dekeyser,390
247,20001,BE24,Provincie Vlaams-Brabant,Lievens,390
247,20001,BE24,Provincie Vlaams-Brabant,Vervoort,390
251,20001,BE24,Provincie Vlaams-Brabant,Jonckers,388
252,20001,BE24,Provincie Vlaams-Brabant,De Leeuw,387
253,20001,BE24,Provincie Vlaams-Brabant,Trappeniers,386
254,20001,BE24,Provincie Vlaams-Brabant,Marcelis,384
254,20001,BE24,Provincie Vlaams-Brabant,Van Dessel,384
256,20001,BE24,Provincie Vlaams-Brabant,Baeyens,382
256,20001,BE24,Provincie Vlaams-Brabant,De Neef,382
258,20001,BE24,Provincie Vlaams-Brabant,Saenen,380
259,20001,BE24,Provincie Vlaams-Brabant,Adriaens,377
259,20001,BE24,Provincie Vlaams-Brabant,Van den Bosch,377
261,20001,BE24,Provincie Vlaams-Brabant,Declercq,375
262,20001,BE24,Provincie Vlaams-Brabant,Roels,374
263,20001,BE24,Provincie Vlaams-Brabant,De Block,373
264,20001,BE24,Provincie Vlaams-Brabant,Degreef,371
264,20001,BE24,Provincie Vlaams-Brabant,Roosen,371
266,20001,BE24,Provincie Vlaams-Brabant,Asselman,370
266,20001,BE24,Provincie Vlaams-Brabant,Dumont,370
268,20001,BE24,Provincie Vlaams-Brabant,Leys,369
269,20001,BE24,Provincie Vlaams-Brabant,De Valck,368
269,20001,BE24,Provincie Vlaams-Brabant,Vanderstappen,368
271,20001,BE24,Provincie Vlaams-Brabant,Scheers,366
271,20001,BE24,Provincie Vlaams-Brabant,Vermaelen,366
273,20001,BE24,Provincie Vlaams-Brabant,Van de Voorde,365
274,20001,BE24,Provincie Vlaams-Brabant,Leroy,364
274,20001,BE24,Provincie Vlaams-Brabant,Op de Beeck,364
274,20001,BE24,Provincie Vlaams-Brabant,Schoonjans,364
277,20001,BE24,Provincie Vlaams-Brabant,Debecker,363
278,20001,BE24,Provincie Vlaams-Brabant,Beullens,362
278,20001,BE24,Provincie Vlaams-Brabant,Boogaerts,362
280,20001,BE24,Provincie Vlaams-Brabant,De Cuyper,361
281,20001,BE24,Provincie Vlaams-Brabant,Aelbrecht,358
281,20001,BE24,Provincie Vlaams-Brabant,Engelen,358
283,20001,BE24,Provincie Vlaams-Brabant,Vandenberghe,357
283,20001,BE24,Provincie Vlaams-Brabant,Verbeke,357
285,20001,BE24,Provincie Vlaams-Brabant,Van der Elst,356
286,20001,BE24,Provincie Vlaams-Brabant,Laurent,355
287,20001,BE24,Provincie Vlaams-Brabant,Wijns,354
288,20001,BE24,Provincie Vlaams-Brabant,De Witte,352
288,20001,BE24,Provincie Vlaams-Brabant,Nackaerts,352
288,20001,BE24,Provincie Vlaams-Brabant,Verelst,352
291,20001,BE24,Provincie Vlaams-Brabant,Theunis,351
292,20001,BE24,Provincie Vlaams-Brabant,Mees,349
293,20001,BE24,Provincie Vlaams-Brabant,De Weerdt,347
293,20001,BE24,Provincie Vlaams-Brabant,Van der Auwera,347
293,20001,BE24,Provincie Vlaams-Brabant,Wang,347
296,20001,BE24,Provincie Vlaams-Brabant,Deckers,346
296,20001,BE24,Provincie Vlaams-Brabant,Kempeneers,346
298,20001,BE24,Provincie Vlaams-Brabant,De Wachter,345
298,20001,BE24,Provincie Vlaams-Brabant,De Wilde,345
300,20001,BE24,Provincie Vlaams-Brabant,Coomans,344
301,20001,BE24,Provincie Vlaams-Brabant,Peetermans,343
302,20001,BE24,Provincie Vlaams-Brabant,Thijs,342
303,20001,BE24,Provincie Vlaams-Brabant,De Ryck,341
304,20001,BE24,Provincie Vlaams-Brabant,De Groote,340
305,20001,BE24,Provincie Vlaams-Brabant,Hellinckx,339
306,20001,BE24,Provincie Vlaams-Brabant,Li,337
307,20001,BE24,Provincie Vlaams-Brabant,Callebaut,336
307,20001,BE24,Provincie Vlaams-Brabant,Jordens,336
307,20001,BE24,Provincie Vlaams-Brabant,Luypaert,336
310,20001,BE24,Provincie Vlaams-Brabant,Laermans,334
311,20001,BE24,Provincie Vlaams-Brabant,Evenepoel,333
311,20001,BE24,Provincie Vlaams-Brabant,Ronsmans,333
313,20001,BE24,Provincie Vlaams-Brabant,Van Eyken,331
314,20001,BE24,Provincie Vlaams-Brabant,Smeyers,330
314,20001,BE24,Provincie Vlaams-Brabant,Verbinnen,330
316,20001,BE24,Provincie Vlaams-Brabant,De Donder,329
316,20001,BE24,Provincie Vlaams-Brabant,Doms,329
318,20001,BE24,Provincie Vlaams-Brabant,Schoukens,328
318,20001,BE24,Provincie Vlaams-Brabant,Smeets,328
320,20001,BE24,Provincie Vlaams-Brabant,Coeckelberghs,327
320,20001,BE24,Provincie Vlaams-Brabant,Herbots,327
320,20001,BE24,Provincie Vlaams-Brabant,Van Humbeeck,327
323,20001,BE24,Provincie Vlaams-Brabant,Smits,326
323,20001,BE24,Provincie Vlaams-Brabant,Van Goethem,326
325,20001,BE24,Provincie Vlaams-Brabant,Mariën,325
326,20001,BE24,Provincie Vlaams-Brabant,Biesemans,324
326,20001,BE24,Provincie Vlaams-Brabant,De Doncker,324
326,20001,BE24,Provincie Vlaams-Brabant,Jansen,324
326,20001,BE24,Provincie Vlaams-Brabant,Vanden Eynde,324
330,20001,BE24,Provincie Vlaams-Brabant,Joris,322
331,20001,BE24,Provincie Vlaams-Brabant,Verdonck,320
331,20001,BE24,Provincie Vlaams-Brabant,Vertongen,320
333,20001,BE24,Provincie Vlaams-Brabant,Chen,319
333,20001,BE24,Provincie Vlaams-Brabant,De Prins,319
333,20001,BE24,Provincie Vlaams-Brabant,Ooms,319
336,20001,BE24,Provincie Vlaams-Brabant,Depré,318
336,20001,BE24,Provincie Vlaams-Brabant,Storms,318
338,20001,BE24,Provincie Vlaams-Brabant,Verstraete,317
339,20001,BE24,Provincie Vlaams-Brabant,Mommaerts,316
340,20001,BE24,Provincie Vlaams-Brabant,Gielen,315
340,20001,BE24,Provincie Vlaams-Brabant,Pieters,315
340,20001,BE24,Provincie Vlaams-Brabant,Van Malderen,315
343,20001,BE24,Provincie Vlaams-Brabant,Lissens,314
344,20001,BE24,Provincie Vlaams-Brabant,Laureys,312
345,20001,BE24,Provincie Vlaams-Brabant,Smet,311
346,20001,BE24,Provincie Vlaams-Brabant,Charlier,310
347,20001,BE24,Provincie Vlaams-Brabant,Saerens,309
347,20001,BE24,Provincie Vlaams-Brabant,Van Bael,309
347,20001,BE24,Provincie Vlaams-Brabant,Yilmaz,309
350,20001,BE24,Provincie Vlaams-Brabant,Coremans,308
350,20001,BE24,Provincie Vlaams-Brabant,Moyson,308
350,20001,BE24,Provincie Vlaams-Brabant,Raymaekers,308
350,20001,BE24,Provincie Vlaams-Brabant,Verbeek,308
354,20001,BE24,Provincie Vlaams-Brabant,Simon,307
354,20001,BE24,Provincie Vlaams-Brabant,Vandersmissen,307
356,20001,BE24,Provincie Vlaams-Brabant,Kestens,306
356,20001,BE24,Provincie Vlaams-Brabant,Moerenhout,306
356,20001,BE24,Provincie Vlaams-Brabant,Weckx,306
359,20001,BE24,Provincie Vlaams-Brabant,Van Gucht,304
360,20001,BE24,Provincie Vlaams-Brabant,Piot,303
361,20001,BE24,Provincie Vlaams-Brabant,Marchal,302
362,20001,BE24,Provincie Vlaams-Brabant,Persoons,301
363,20001,BE24,Provincie Vlaams-Brabant,Holemans,300
364,20001,BE24,Provincie Vlaams-Brabant,Meskens,299
364,20001,BE24,Provincie Vlaams-Brabant,Mosselmans,299
364,20001,BE24,Provincie Vlaams-Brabant,Smolders,299
367,20001,BE24,Provincie Vlaams-Brabant,Dierckx,296
367,20001,BE24,Provincie Vlaams-Brabant,Van Riet,296
369,20001,BE24,Provincie Vlaams-Brabant,Allard,295
369,20001,BE24,Provincie Vlaams-Brabant,De Schepper,295
369,20001,BE24,Provincie Vlaams-Brabant,Van Herck,295
369,20001,BE24,Provincie Vlaams-Brabant,Vandersteen,295
373,20001,BE24,Provincie Vlaams-Brabant,Nguyen,294
373,20001,BE24,Provincie Vlaams-Brabant,Uytterhoeven,294
373,20001,BE24,Provincie Vlaams-Brabant,Van Rillaer,294
376,20001,BE24,Provincie Vlaams-Brabant,Lemaire,293
376,20001,BE24,Provincie Vlaams-Brabant,Liu,293
376,20001,BE24,Provincie Vlaams-Brabant,Van Acker,293
379,20001,BE24,Provincie Vlaams-Brabant,Van Loock,292
380,20001,BE24,Provincie Vlaams-Brabant,Denis,291
380,20001,BE24,Provincie Vlaams-Brabant,Martin,291
382,20001,BE24,Provincie Vlaams-Brabant,Olbrechts,289
382,20001,BE24,Provincie Vlaams-Brabant,Rens,289
384,20001,BE24,Provincie Vlaams-Brabant,Ahmed,287
385,20001,BE24,Provincie Vlaams-Brabant,Van Nieuwenhove,286
386,20001,BE24,Provincie Vlaams-Brabant,De Leener,285
386,20001,BE24,Provincie Vlaams-Brabant,Helsen,285
386,20001,BE24,Provincie Vlaams-Brabant,Lefever,285
386,20001,BE24,Provincie Vlaams-Brabant,Van Eeckhoudt,285
386,20001,BE24,Provincie Vlaams-Brabant,Van Opstal,285
386,20001,BE24,Provincie Vlaams-Brabant,Wolfs,285
392,20001,BE24,Provincie Vlaams-Brabant,Boonen,284
392,20001,BE24,Provincie Vlaams-Brabant,Zhang,284
394,20001,BE24,Provincie Vlaams-Brabant,Beeckmans,283
394,20001,BE24,Provincie Vlaams-Brabant,Renard,283
394,20001,BE24,Provincie Vlaams-Brabant,Verhaeghe,283
397,20001,BE24,Provincie Vlaams-Brabant,Symons,282
398,20001,BE24,Provincie Vlaams-Brabant,Declerck,281
398,20001,BE24,Provincie Vlaams-Brabant,Herremans,281
398,20001,BE24,Provincie Vlaams-Brabant,Nevens,281
398,20001,BE24,Provincie Vlaams-Brabant,Van Dam,281
402,20001,BE24,Provincie Vlaams-Brabant,Temmerman,280
403,20001,BE24,Provincie Vlaams-Brabant,Struys,279
404,20001,BE24,Provincie Vlaams-Brabant,De Laet,278
404,20001,BE24,Provincie Vlaams-Brabant,Godts,278
404,20001,BE24,Provincie Vlaams-Brabant,Massart,278
404,20001,BE24,Provincie Vlaams-Brabant,Nuyts,278
408,20001,BE24,Provincie Vlaams-Brabant,Brams,277
408,20001,BE24,Provincie Vlaams-Brabant,Van den Berghe,277
410,20001,BE24,Provincie Vlaams-Brabant,Bergen,276
410,20001,BE24,Provincie Vlaams-Brabant,De Brabanter,276
412,20001,BE24,Provincie Vlaams-Brabant,De Dobbeleer,274
412,20001,BE24,Provincie Vlaams-Brabant,Truyens,274
414,20001,BE24,Provincie Vlaams-Brabant,Appelmans,273
414,20001,BE24,Provincie Vlaams-Brabant,Ceusters,273
414,20001,BE24,Provincie Vlaams-Brabant,De Mol,273
414,20001,BE24,Provincie Vlaams-Brabant,Grauwels,273
414,20001,BE24,Provincie Vlaams-Brabant,Van Looy,273
419,20001,BE24,Provincie Vlaams-Brabant,Collin,271
419,20001,BE24,Provincie Vlaams-Brabant,Muyldermans,271
419,20001,BE24,Provincie Vlaams-Brabant,Vanderborght,271
422,20001,BE24,Provincie Vlaams-Brabant,Cauwenberghs,270
422,20001,BE24,Provincie Vlaams-Brabant,Troch,270
422,20001,BE24,Provincie Vlaams-Brabant,Van Geel,270
425,20001,BE24,Provincie Vlaams-Brabant,Schelfhout,269
425,20001,BE24,Provincie Vlaams-Brabant,Van Mulders,269
425,20001,BE24,Provincie Vlaams-Brabant,Wijnants,269
428,20001,BE24,Provincie Vlaams-Brabant,Dehaes,267
428,20001,BE24,Provincie Vlaams-Brabant,Mathieu,267
430,20001,BE24,Provincie Vlaams-Brabant,Paulus,265
431,20001,BE24,Provincie Vlaams-Brabant,Barbé,263
431,20001,BE24,Provincie Vlaams-Brabant,Van Bever,263
431,20001,BE24,Provincie Vlaams-Brabant,Van der Perre,263
434,20001,BE24,Provincie Vlaams-Brabant,Brems,262
434,20001,BE24,Provincie Vlaams-Brabant,De Bie,262
434,20001,BE24,Provincie Vlaams-Brabant,De Rijck,262
434,20001,BE24,Provincie Vlaams-Brabant,Van Driessche,262
434,20001,BE24,Provincie Vlaams-Brabant,Van Roey,262
439,20001,BE24,Provincie Vlaams-Brabant,Ali,261
439,20001,BE24,Provincie Vlaams-Brabant,Beeckman,261
439,20001,BE24,Provincie Vlaams-Brabant,Maris,261
439,20001,BE24,Provincie Vlaams-Brabant,Roelandt,261
439,20001,BE24,Provincie Vlaams-Brabant,Smekens,261
439,20001,BE24,Provincie Vlaams-Brabant,Vanderwegen,261
445,20001,BE24,Provincie Vlaams-Brabant,Costermans,260
445,20001,BE24,Provincie Vlaams-Brabant,Fierens,260
445,20001,BE24,Provincie Vlaams-Brabant,Michaux,260
448,20001,BE24,Provincie Vlaams-Brabant,Craps,259
449,20001,BE24,Provincie Vlaams-Brabant,Baeten,258
449,20001,BE24,Provincie Vlaams-Brabant,Boone,258
449,20001,BE24,Provincie Vlaams-Brabant,Wynants,258
452,20001,BE24,Provincie Vlaams-Brabant,Dewil,257
453,20001,BE24,Provincie Vlaams-Brabant,Blockx,256
453,20001,BE24,Provincie Vlaams-Brabant,De Keyzer,256
453,20001,BE24,Provincie Vlaams-Brabant,Tuerlinckx,256
456,20001,BE24,Provincie Vlaams-Brabant,Boyen,255
457,20001,BE24,Provincie Vlaams-Brabant,Baetens,254
457,20001,BE24,Provincie Vlaams-Brabant,Lammens,254
457,20001,BE24,Provincie Vlaams-Brabant,Matthijs,254
457,20001,BE24,Provincie Vlaams-Brabant,Putseys,254
461,20001,BE24,Provincie Vlaams-Brabant,Vanden Broeck,253
461,20001,BE24,Provincie Vlaams-Brabant,Vermoesen,253
463,20001,BE24,Provincie Vlaams-Brabant,De Wever,252
463,20001,BE24,Provincie Vlaams-Brabant,Roelandts,252
463,20001,BE24,Provincie Vlaams-Brabant,Van Aken,252
466,20001,BE24,Provincie Vlaams-Brabant,Deneyer,251
466,20001,BE24,Provincie Vlaams-Brabant,Plas,251
468,20001,BE24,Provincie Vlaams-Brabant,De Mesmaeker,250
468,20001,BE24,Provincie Vlaams-Brabant,Serré,250
470,20001,BE24,Provincie Vlaams-Brabant,Camps,249
470,20001,BE24,Provincie Vlaams-Brabant,De Koninck,249
470,20001,BE24,Provincie Vlaams-Brabant,Struyf,249
470,20001,BE24,Provincie Vlaams-Brabant,Van Eycken,249
470,20001,BE24,Provincie Vlaams-Brabant,Vandamme,249
470,20001,BE24,Provincie Vlaams-Brabant,Vanderhaegen,249
476,20001,BE24,Provincie Vlaams-Brabant,Sevenants,248
476,20001,BE24,Provincie Vlaams-Brabant,Van Craenenbroeck,248
476,20001,BE24,Provincie Vlaams-Brabant,Vermeersch,248
479,20001,BE24,Provincie Vlaams-Brabant,De Neve,247
479,20001,BE24,Provincie Vlaams-Brabant,De Roeck,247
479,20001,BE24,Provincie Vlaams-Brabant,Fontaine,247
479,20001,BE24,Provincie Vlaams-Brabant,Gielis,247
479,20001,BE24,Provincie Vlaams-Brabant,Stiers,247
484,20001,BE24,Provincie Vlaams-Brabant,Bergmans,246
484,20001,BE24,Provincie Vlaams-Brabant,Van Horebeek,246
484,20001,BE24,Provincie Vlaams-Brabant,Yildirim,246
487,20001,BE24,Provincie Vlaams-Brabant,De Bolle,245
487,20001,BE24,Provincie Vlaams-Brabant,Van Hecke,245
487,20001,BE24,Provincie Vlaams-Brabant,Van Ransbeeck,245
487,20001,BE24,Provincie Vlaams-Brabant,Vandendriessche,245
491,20001,BE24,Provincie Vlaams-Brabant,Cockx,243
491,20001,BE24,Provincie Vlaams-Brabant,Demesmaeker,243
491,20001,BE24,Provincie Vlaams-Brabant,Moreau,243
491,20001,BE24,Provincie Vlaams-Brabant,Vandenbergh,243
495,20001,BE24,Provincie Vlaams-Brabant,Ackermans,242
495,20001,BE24,Provincie Vlaams-Brabant,De Bruyne,242
495,20001,BE24,Provincie Vlaams-Brabant,Guns,242
495,20001,BE24,Provincie Vlaams-Brabant,Van Cauter,242
495,20001,BE24,Provincie Vlaams-Brabant,Van Nuffel,242
500,20001,BE24,Provincie Vlaams-Brabant,Stockmans,241
501,20001,BE24,Provincie Vlaams-Brabant,Bertels,240
501,20001,BE24,Provincie Vlaams-Brabant,Dedobbeleer,240
501,20001,BE24,Provincie Vlaams-Brabant,Steurs,240
501,20001,BE24,Provincie Vlaams-Brabant,Vanhamme,240
505,20001,BE24,Provincie Vlaams-Brabant,Cumps,239
505,20001,BE24,Provincie Vlaams-Brabant,Mommens,239
507,20001,BE24,Provincie Vlaams-Brabant,Cooreman,238
507,20001,BE24,Provincie Vlaams-Brabant,Daniels,238
507,20001,BE24,Provincie Vlaams-Brabant,Decock,238
507,20001,BE24,Provincie Vlaams-Brabant,Jespers,238
507,20001,BE24,Provincie Vlaams-Brabant,Mortier,238
507,20001,BE24,Provincie Vlaams-Brabant,Vercruysse,238
513,20001,BE24,Provincie Vlaams-Brabant,De Haes,237
513,20001,BE24,Provincie Vlaams-Brabant,Leclercq,237
513,20001,BE24,Provincie Vlaams-Brabant,Verstreken,237
513,20001,BE24,Provincie Vlaams-Brabant,Vertommen,237
517,20001,BE24,Provincie Vlaams-Brabant,De Jonghe,236
517,20001,BE24,Provincie Vlaams-Brabant,De Man,236
517,20001,BE24,Provincie Vlaams-Brabant,De Win,236
517,20001,BE24,Provincie Vlaams-Brabant,Geets,236
517,20001,BE24,Provincie Vlaams-Brabant,Van Rossem,236
522,20001,BE24,Provincie Vlaams-Brabant,Buys,235
522,20001,BE24,Provincie Vlaams-Brabant,De Bock,235
522,20001,BE24,Provincie Vlaams-Brabant,Rummens,235
522,20001,BE24,Provincie Vlaams-Brabant,Spruyt,235
526,20001,BE24,Provincie Vlaams-Brabant,Mues,234
526,20001,BE24,Provincie Vlaams-Brabant,Peters,234
528,20001,BE24,Provincie Vlaams-Brabant,Callens,233
528,20001,BE24,Provincie Vlaams-Brabant,De Hertogh,233
528,20001,BE24,Provincie Vlaams-Brabant,Eeckhout,233
528,20001,BE24,Provincie Vlaams-Brabant,Goethals,233
528,20001,BE24,Provincie Vlaams-Brabant,Lefèvre,233
528,20001,BE24,Provincie Vlaams-Brabant,Lens,233
528,20001,BE24,Provincie Vlaams-Brabant,Vanderstukken,233
528,20001,BE24,Provincie Vlaams-Brabant,Vanhoof,233
536,20001,BE24,Provincie Vlaams-Brabant,Lefevre,232
536,20001,BE24,Provincie Vlaams-Brabant,Mathijs,232
536,20001,BE24,Provincie Vlaams-Brabant,Van Gelder,232
536,20001,BE24,Provincie Vlaams-Brabant,Vleugels,232
540,20001,BE24,Provincie Vlaams-Brabant,De Saeger,231
540,20001,BE24,Provincie Vlaams-Brabant,Hofmans,231
540,20001,BE24,Provincie Vlaams-Brabant,Nagels,231
543,20001,BE24,Provincie Vlaams-Brabant,Barry,230
543,20001,BE24,Provincie Vlaams-Brabant,Brouwers,230
543,20001,BE24,Provincie Vlaams-Brabant,Schoovaerts,230
543,20001,BE24,Provincie Vlaams-Brabant,Voets,230
547,20001,BE24,Provincie Vlaams-Brabant,De Cat,229
547,20001,BE24,Provincie Vlaams-Brabant,Houben,229
547,20001,BE24,Provincie Vlaams-Brabant,Moortgat,229
547,20001,BE24,Provincie Vlaams-Brabant,Sente,229
551,20001,BE24,Provincie Vlaams-Brabant,De Mulder,228
551,20001,BE24,Provincie Vlaams-Brabant,De Preter,228
551,20001,BE24,Provincie Vlaams-Brabant,Fonteyn,228
551,20001,BE24,Provincie Vlaams-Brabant,Verboven,228
555,20001,BE24,Provincie Vlaams-Brabant,Eylenbosch,227
555,20001,BE24,Provincie Vlaams-Brabant,Vanderwaeren,227
557,20001,BE24,Provincie Vlaams-Brabant,Daelemans,226
557,20001,BE24,Provincie Vlaams-Brabant,De Bisschop,226
559,20001,BE24,Provincie Vlaams-Brabant,Imbrechts,225
559,20001,BE24,Provincie Vlaams-Brabant,Mathues,225
559,20001,BE24,Provincie Vlaams-Brabant,Vandeputte,225
562,20001,BE24,Provincie Vlaams-Brabant,Arnauts,224
562,20001,BE24,Provincie Vlaams-Brabant,Leyssens,224
562,20001,BE24,Provincie Vlaams-Brabant,Van Doren,224
562,20001,BE24,Provincie Vlaams-Brabant,Van den Eede,224
566,20001,BE24,Provincie Vlaams-Brabant,Blommaert,223
566,20001,BE24,Provincie Vlaams-Brabant,De Nil,223
566,20001,BE24,Provincie Vlaams-Brabant,Devroey,223
566,20001,BE24,Provincie Vlaams-Brabant,Verstappen,223
570,20001,BE24,Provincie Vlaams-Brabant,De Moor,222
570,20001,BE24,Provincie Vlaams-Brabant,De Schrijver,222
570,20001,BE24,Provincie Vlaams-Brabant,Degeest,222
570,20001,BE24,Provincie Vlaams-Brabant,Schoolmeesters,222
570,20001,BE24,Provincie Vlaams-Brabant,Van Moer,222
575,20001,BE24,Provincie Vlaams-Brabant,Bertrand,221
575,20001,BE24,Provincie Vlaams-Brabant,Pollet,221
577,20001,BE24,Provincie Vlaams-Brabant,Gillis,220
577,20001,BE24,Provincie Vlaams-Brabant,Vangoidsenhoven,220
579,20001,BE24,Provincie Vlaams-Brabant,Boeckx,219
579,20001,BE24,Provincie Vlaams-Brabant,Roobaert,219
579,20001,BE24,Provincie Vlaams-Brabant,Van Dijck,219
579,20001,BE24,Provincie Vlaams-Brabant,Volders,219
583,20001,BE24,Provincie Vlaams-Brabant,D'Hondt,218
583,20001,BE24,Provincie Vlaams-Brabant,Robert,218
583,20001,BE24,Provincie Vlaams-Brabant,Sonck,218
583,20001,BE24,Provincie Vlaams-Brabant,Vandenbussche,218
587,20001,BE24,Provincie Vlaams-Brabant,Croes,217
587,20001,BE24,Provincie Vlaams-Brabant,Struyven,217
587,20001,BE24,Provincie Vlaams-Brabant,Van der Veken,217
587,20001,BE24,Provincie Vlaams-Brabant,Verdickt,217
591,20001,BE24,Provincie Vlaams-Brabant,Didden,216
592,20001,BE24,Provincie Vlaams-Brabant,David,215
592,20001,BE24,Provincie Vlaams-Brabant,Van Eylen,215
594,20001,BE24,Provincie Vlaams-Brabant,Van Lint,214
595,20001,BE24,Provincie Vlaams-Brabant,Van Nuffelen,213
596,20001,BE24,Provincie Vlaams-Brabant,Clement,212
596,20001,BE24,Provincie Vlaams-Brabant,De Braekeleer,212
596,20001,BE24,Provincie Vlaams-Brabant,Deprez,212
596,20001,BE24,Provincie Vlaams-Brabant,Emmerechts,212
596,20001,BE24,Provincie Vlaams-Brabant,Machiels,212
596,20001,BE24,Provincie Vlaams-Brabant,Moreels,212
596,20001,BE24,Provincie Vlaams-Brabant,Steeno,212
596,20001,BE24,Provincie Vlaams-Brabant,Thiry,212
596,20001,BE24,Provincie Vlaams-Brabant,Van Daele,212
596,20001,BE24,Provincie Vlaams-Brabant,Vandeweyer,212
606,20001,BE24,Provincie Vlaams-Brabant,Abts,211
606,20001,BE24,Provincie Vlaams-Brabant,De Cooman,211
606,20001,BE24,Provincie Vlaams-Brabant,Loos,211
609,20001,BE24,Provincie Vlaams-Brabant,Poelmans,210
610,20001,BE24,Provincie Vlaams-Brabant,Demir,209
610,20001,BE24,Provincie Vlaams-Brabant,Deridder,209
610,20001,BE24,Provincie Vlaams-Brabant,Everaert,209
610,20001,BE24,Provincie Vlaams-Brabant,Nerinckx,209
610,20001,BE24,Provincie Vlaams-Brabant,Platteau,209
610,20001,BE24,Provincie Vlaams-Brabant,Rottiers,209
616,20001,BE24,Provincie Vlaams-Brabant,Behets,208
616,20001,BE24,Provincie Vlaams-Brabant,Kennes,208
616,20001,BE24,Provincie Vlaams-Brabant,Van Cappellen,208
616,20001,BE24,Provincie Vlaams-Brabant,Van Hemelryck,208
616,20001,BE24,Provincie Vlaams-Brabant,Vandervelde,208
621,20001,BE24,Provincie Vlaams-Brabant,Dewulf,207
621,20001,BE24,Provincie Vlaams-Brabant,Mahieu,207
621,20001,BE24,Provincie Vlaams-Brabant,Van Impe,207
624,20001,BE24,Provincie Vlaams-Brabant,Corten,206
625,20001,BE24,Provincie Vlaams-Brabant,Billen,205
625,20001,BE24,Provincie Vlaams-Brabant,Laenen,205
625,20001,BE24,Provincie Vlaams-Brabant,Pierre,205
628,20001,BE24,Provincie Vlaams-Brabant,Briers,204
628,20001,BE24,Provincie Vlaams-Brabant,Kaur,204
628,20001,BE24,Provincie Vlaams-Brabant,Mathys,204
628,20001,BE24,Provincie Vlaams-Brabant,Sahin,204
628,20001,BE24,Provincie Vlaams-Brabant,Vanbrabant,204
628,20001,BE24,Provincie Vlaams-Brabant,Vanlaer,204
628,20001,BE24,Provincie Vlaams-Brabant,Vercauteren,204
635,20001,BE24,Provincie Vlaams-Brabant,Libert,203
636,20001,BE24,Provincie Vlaams-Brabant,Haesaerts,202
636,20001,BE24,Provincie Vlaams-Brabant,Meys,202
636,20001,BE24,Provincie Vlaams-Brabant,Vandevenne,202
639,20001,BE24,Provincie Vlaams-Brabant,Borgers,201
639,20001,BE24,Provincie Vlaams-Brabant,Van Gestel,201
641,20001,BE24,Provincie Vlaams-Brabant,De Paepe,200
641,20001,BE24,Provincie Vlaams-Brabant,Debruyne,200
641,20001,BE24,Provincie Vlaams-Brabant,Ghysels,200
641,20001,BE24,Provincie Vlaams-Brabant,Moonens,200
641,20001,BE24,Provincie Vlaams-Brabant,Van Mol,200
646,20001,BE24,Provincie Vlaams-Brabant,De Schutter,199
646,20001,BE24,Provincie Vlaams-Brabant,Petit,199
646,20001,BE24,Provincie Vlaams-Brabant,Put,199
649,20001,BE24,Provincie Vlaams-Brabant,Cobbaert,198
649,20001,BE24,Provincie Vlaams-Brabant,Michel,198
649,20001,BE24,Provincie Vlaams-Brabant,Schoofs,198
649,20001,BE24,Provincie Vlaams-Brabant,Van Diest,198
649,20001,BE24,Provincie Vlaams-Brabant,Van Dooren,198
649,20001,BE24,Provincie Vlaams-Brabant,Van Kerckhoven,198
649,20001,BE24,Provincie Vlaams-Brabant,Verstrepen,198
656,20001,BE24,Provincie Vlaams-Brabant,Cloetens,197
656,20001,BE24,Provincie Vlaams-Brabant,Pletinckx,197
658,20001,BE24,Provincie Vlaams-Brabant,Haesevoets,196
658,20001,BE24,Provincie Vlaams-Brabant,Van Meerbeek,196
658,20001,BE24,Provincie Vlaams-Brabant,Veulemans,196
661,20001,BE24,Provincie Vlaams-Brabant,Jacques,195
661,20001,BE24,Provincie Vlaams-Brabant,Kumps,195
661,20001,BE24,Provincie Vlaams-Brabant,Neefs,195
661,20001,BE24,Provincie Vlaams-Brabant,Van Hemelrijck,195
665,20001,BE24,Provincie Vlaams-Brabant,Branders,194
665,20001,BE24,Provincie Vlaams-Brabant,De Vuyst,194
665,20001,BE24,Provincie Vlaams-Brabant,Melis,194
665,20001,BE24,Provincie Vlaams-Brabant,Muylaert,194
665,20001,BE24,Provincie Vlaams-Brabant,Thienpont,194
665,20001,BE24,Provincie Vlaams-Brabant,Vande Velde,194
665,20001,BE24,Provincie Vlaams-Brabant,Vandervorst,194
672,20001,BE24,Provincie Vlaams-Brabant,Claus,193
672,20001,BE24,Provincie Vlaams-Brabant,Legrand,193
672,20001,BE24,Provincie Vlaams-Brabant,Rutten,193
672,20001,BE24,Provincie Vlaams-Brabant,Vanhoegaerden,193
676,20001,BE24,Provincie Vlaams-Brabant,Jonckheere,192
676,20001,BE24,Provincie Vlaams-Brabant,Staes,192
676,20001,BE24,Provincie Vlaams-Brabant,Teugels,192
679,20001,BE24,Provincie Vlaams-Brabant,Bekaert,191
679,20001,BE24,Provincie Vlaams-Brabant,Bollaerts,191
679,20001,BE24,Provincie Vlaams-Brabant,De Meersman,191
679,20001,BE24,Provincie Vlaams-Brabant,De Schryver,191
679,20001,BE24,Provincie Vlaams-Brabant,De Sutter,191
679,20001,BE24,Provincie Vlaams-Brabant,Kennis,191
679,20001,BE24,Provincie Vlaams-Brabant,Penninckx,191
679,20001,BE24,Provincie Vlaams-Brabant,Scheys,191
679,20001,BE24,Provincie Vlaams-Brabant,Taelemans,191
688,20001,BE24,Provincie Vlaams-Brabant,Goffin,190
688,20001,BE24,Provincie Vlaams-Brabant,Haesendonck,190
688,20001,BE24,Provincie Vlaams-Brabant,Herman,190
688,20001,BE24,Provincie Vlaams-Brabant,Kestemont,190
692,20001,BE24,Provincie Vlaams-Brabant,Cloots,189
692,20001,BE24,Provincie Vlaams-Brabant,Daenen,189
692,20001,BE24,Provincie Vlaams-Brabant,Van Keer,189
692,20001,BE24,Provincie Vlaams-Brabant,Van Meerbeeck,189
692,20001,BE24,Provincie Vlaams-Brabant,Vandenbempt,189
692,20001,BE24,Provincie Vlaams-Brabant,Vanderperren,189
692,20001,BE24,Provincie Vlaams-Brabant,Verspecht,189
692,20001,BE24,Provincie Vlaams-Brabant,Vierendeels,189
700,20001,BE24,Provincie Vlaams-Brabant,Cox,188
700,20001,BE24,Provincie Vlaams-Brabant,D'hoe,188
700,20001,BE24,Provincie Vlaams-Brabant,De Kock,188
700,20001,BE24,Provincie Vlaams-Brabant,Dekens,188
700,20001,BE24,Provincie Vlaams-Brabant,Hernalsteen,188
700,20001,BE24,Provincie Vlaams-Brabant,Maertens,188
700,20001,BE24,Provincie Vlaams-Brabant,Roosens,188
700,20001,BE24,Provincie Vlaams-Brabant,Van Baelen,188
700,20001,BE24,Provincie Vlaams-Brabant,Verschoren,188
709,20001,BE24,Provincie Vlaams-Brabant,Boeykens,187
709,20001,BE24,Provincie Vlaams-Brabant,Huyghe,187
709,20001,BE24,Provincie Vlaams-Brabant,Nolmans,187
712,20001,BE24,Provincie Vlaams-Brabant,Blondeel,186
712,20001,BE24,Provincie Vlaams-Brabant,De Koster,186
712,20001,BE24,Provincie Vlaams-Brabant,Deroost,186
712,20001,BE24,Provincie Vlaams-Brabant,Dewinter,186
712,20001,BE24,Provincie Vlaams-Brabant,Kaya,186
712,20001,BE24,Provincie Vlaams-Brabant,Schepens,186
712,20001,BE24,Provincie Vlaams-Brabant,Vandegaer,186
712,20001,BE24,Provincie Vlaams-Brabant,Verhelst,186
720,20001,BE24,Provincie Vlaams-Brabant,Dooms,185
720,20001,BE24,Provincie Vlaams-Brabant,Vanhoutte,185
722,20001,BE24,Provincie Vlaams-Brabant,Cauwenbergh,184
722,20001,BE24,Provincie Vlaams-Brabant,Herinckx,184
722,20001,BE24,Provincie Vlaams-Brabant,Lejeune,184
722,20001,BE24,Provincie Vlaams-Brabant,Schelkens,184
726,20001,BE24,Provincie Vlaams-Brabant,Colson,183
726,20001,BE24,Provincie Vlaams-Brabant,De Vriendt,183
726,20001,BE24,Provincie Vlaams-Brabant,Dewaele,183
726,20001,BE24,Provincie Vlaams-Brabant,Guillaume,183
726,20001,BE24,Provincie Vlaams-Brabant,Verbesselt,183
731,20001,BE24,Provincie Vlaams-Brabant,De Groof,182
731,20001,BE24,Provincie Vlaams-Brabant,Keppens,182
731,20001,BE24,Provincie Vlaams-Brabant,Ruelens,182
731,20001,BE24,Provincie Vlaams-Brabant,Sanders,182
731,20001,BE24,Provincie Vlaams-Brabant,Schollaert,182
731,20001,BE24,Provincie Vlaams-Brabant,Van Bellinghen,182
731,20001,BE24,Provincie Vlaams-Brabant,Van Roosbroeck,182
731,20001,BE24,Provincie Vlaams-Brabant,Van der Straeten,182
739,20001,BE24,Provincie Vlaams-Brabant,Adam,181
739,20001,BE24,Provincie Vlaams-Brabant,Boschmans,181
739,20001,BE24,Provincie Vlaams-Brabant,Casteels,181
739,20001,BE24,Provincie Vlaams-Brabant,De Brandt,181
739,20001,BE24,Provincie Vlaams-Brabant,Noël,181
739,20001,BE24,Provincie Vlaams-Brabant,Ringoot,181
739,20001,BE24,Provincie Vlaams-Brabant,Van Meensel,181
739,20001,BE24,Provincie Vlaams-Brabant,Van Nerum,181
739,20001,BE24,Provincie Vlaams-Brabant,Vandyck,181
739,20001,BE24,Provincie Vlaams-Brabant,Vits,181
749,20001,BE24,Provincie Vlaams-Brabant,Frans,180
749,20001,BE24,Provincie Vlaams-Brabant,Kaplan,180
749,20001,BE24,Provincie Vlaams-Brabant,Pittomvils,180
749,20001,BE24,Provincie Vlaams-Brabant,Vinck,180
749,20001,BE24,Provincie Vlaams-Brabant,Vrebos,180
754,20001,BE24,Provincie Vlaams-Brabant,Buggenhout,179
754,20001,BE24,Provincie Vlaams-Brabant,Meurrens,179
754,20001,BE24,Provincie Vlaams-Brabant,Praet,179
754,20001,BE24,Provincie Vlaams-Brabant,Rousseau,179
754,20001,BE24,Provincie Vlaams-Brabant,Tondeur,179
754,20001,BE24,Provincie Vlaams-Brabant,Uyttebroek,179
754,20001,BE24,Provincie Vlaams-Brabant,Vandervelpen,179
761,20001,BE24,Provincie Vlaams-Brabant,Arijs,178
761,20001,BE24,Provincie Vlaams-Brabant,Caes,178
761,20001,BE24,Provincie Vlaams-Brabant,Duerinckx,178
761,20001,BE24,Provincie Vlaams-Brabant,Goedhuys,178
761,20001,BE24,Provincie Vlaams-Brabant,Lambrecht,178
761,20001,BE24,Provincie Vlaams-Brabant,Sharma,178
761,20001,BE24,Provincie Vlaams-Brabant,Stalmans,178
761,20001,BE24,Provincie Vlaams-Brabant,Ulens,178
761,20001,BE24,Provincie Vlaams-Brabant,Van Eyck,178
770,20001,BE24,Provincie Vlaams-Brabant,Claeskens,177
770,20001,BE24,Provincie Vlaams-Brabant,De Troyer,177
770,20001,BE24,Provincie Vlaams-Brabant,Dierick,177
770,20001,BE24,Provincie Vlaams-Brabant,Dujardin,177
770,20001,BE24,Provincie Vlaams-Brabant,Knops,177
770,20001,BE24,Provincie Vlaams-Brabant,Van Passel,177
776,20001,BE24,Provincie Vlaams-Brabant,Alen,176
776,20001,BE24,Provincie Vlaams-Brabant,Bourgeois,176
776,20001,BE24,Provincie Vlaams-Brabant,Crabbe,176
776,20001,BE24,Provincie Vlaams-Brabant,Meyers,176
776,20001,BE24,Provincie Vlaams-Brabant,Van Hamme,176
781,20001,BE24,Provincie Vlaams-Brabant,Beyens,175
781,20001,BE24,Provincie Vlaams-Brabant,D'hondt,175
781,20001,BE24,Provincie Vlaams-Brabant,Decat,175
781,20001,BE24,Provincie Vlaams-Brabant,Evers,175
781,20001,BE24,Provincie Vlaams-Brabant,Van Tricht,175
786,20001,BE24,Provincie Vlaams-Brabant,Benali,174
786,20001,BE24,Provincie Vlaams-Brabant,Dams,174
786,20001,BE24,Provincie Vlaams-Brabant,Magnus,174
786,20001,BE24,Provincie Vlaams-Brabant,Scheepmans,174
790,20001,BE24,Provincie Vlaams-Brabant,Faes,173
790,20001,BE24,Provincie Vlaams-Brabant,Ramaekers,173
790,20001,BE24,Provincie Vlaams-Brabant,Schellens,173
790,20001,BE24,Provincie Vlaams-Brabant,Tobback,173
790,20001,BE24,Provincie Vlaams-Brabant,Van Eeckhout,173
790,20001,BE24,Provincie Vlaams-Brabant,Van Overstraeten,173
790,20001,BE24,Provincie Vlaams-Brabant,Van Thielen,173
790,20001,BE24,Provincie Vlaams-Brabant,Wu,173
798,20001,BE24,Provincie Vlaams-Brabant,Bogemans,172
798,20001,BE24,Provincie Vlaams-Brabant,Das,172
798,20001,BE24,Provincie Vlaams-Brabant,Decuyper,172
798,20001,BE24,Provincie Vlaams-Brabant,Deneef,172
798,20001,BE24,Provincie Vlaams-Brabant,Frooninckx,172
798,20001,BE24,Provincie Vlaams-Brabant,Heeren,172
798,20001,BE24,Provincie Vlaams-Brabant,Holsbeek,172
798,20001,BE24,Provincie Vlaams-Brabant,Khan,172
798,20001,BE24,Provincie Vlaams-Brabant,Pop,172
798,20001,BE24,Provincie Vlaams-Brabant,Van Hoeck,172
798,20001,BE24,Provincie Vlaams-Brabant,Vekemans,172
798,20001,BE24,Provincie Vlaams-Brabant,Winnen,172
798,20001,BE24,Provincie Vlaams-Brabant,Yang,172
811,20001,BE24,Provincie Vlaams-Brabant,De Maeseneer,171
811,20001,BE24,Provincie Vlaams-Brabant,Dumoulin,171
811,20001,BE24,Provincie Vlaams-Brabant,Hendrix,171
811,20001,BE24,Provincie Vlaams-Brabant,Joos,171
811,20001,BE24,Provincie Vlaams-Brabant,Keymolen,171
811,20001,BE24,Provincie Vlaams-Brabant,Lamberts,171
811,20001,BE24,Provincie Vlaams-Brabant,Maho,171
811,20001,BE24,Provincie Vlaams-Brabant,Marchand,171
811,20001,BE24,Provincie Vlaams-Brabant,Reynaerts,171
811,20001,BE24,Provincie Vlaams-Brabant,Uyttebroeck,171
821,20001,BE24,Provincie Vlaams-Brabant,Aertgeerts,170
821,20001,BE24,Provincie Vlaams-Brabant,Coekaerts,170
821,20001,BE24,Provincie Vlaams-Brabant,De Waele,170
821,20001,BE24,Provincie Vlaams-Brabant,Dedoncker,170
821,20001,BE24,Provincie Vlaams-Brabant,Dekoninck,170
821,20001,BE24,Provincie Vlaams-Brabant,Jaspers,170
821,20001,BE24,Provincie Vlaams-Brabant,Loockx,170
821,20001,BE24,Provincie Vlaams-Brabant,Sermon,170
829,20001,BE24,Provincie Vlaams-Brabant,Bosman,169
829,20001,BE24,Provincie Vlaams-Brabant,Cammaerts,169
829,20001,BE24,Provincie Vlaams-Brabant,De Gieter,169
829,20001,BE24,Provincie Vlaams-Brabant,De Keersmaecker,169
829,20001,BE24,Provincie Vlaams-Brabant,Louis,169
829,20001,BE24,Provincie Vlaams-Brabant,Mievis,169
829,20001,BE24,Provincie Vlaams-Brabant,Schots,169
829,20001,BE24,Provincie Vlaams-Brabant,Wierinckx,169
837,20001,BE24,Provincie Vlaams-Brabant,Bernard,168
837,20001,BE24,Provincie Vlaams-Brabant,Sablon,168
837,20001,BE24,Provincie Vlaams-Brabant,Smedts,168
837,20001,BE24,Provincie Vlaams-Brabant,Van Esch,168
837,20001,BE24,Provincie Vlaams-Brabant,Vandenbroucke,168
837,20001,BE24,Provincie Vlaams-Brabant,Vandepoel,168
843,20001,BE24,Provincie Vlaams-Brabant,De Jonge,167
843,20001,BE24,Provincie Vlaams-Brabant,De Mey,167
843,20001,BE24,Provincie Vlaams-Brabant,Hannaert,167
843,20001,BE24,Provincie Vlaams-Brabant,Kiekens,167
843,20001,BE24,Provincie Vlaams-Brabant,Van Pee,167
843,20001,BE24,Provincie Vlaams-Brabant,Vanden Bossche,167
849,20001,BE24,Provincie Vlaams-Brabant,Boulanger,166
849,20001,BE24,Provincie Vlaams-Brabant,Gordts,166
849,20001,BE24,Provincie Vlaams-Brabant,Mohamed,166
849,20001,BE24,Provincie Vlaams-Brabant,Piessens,166
849,20001,BE24,Provincie Vlaams-Brabant,Roekens,166
849,20001,BE24,Provincie Vlaams-Brabant,Van Asbroeck,166
849,20001,BE24,Provincie Vlaams-Brabant,Vereecken,166
849,20001,BE24,Provincie Vlaams-Brabant,Vincent,166
857,20001,BE24,Provincie Vlaams-Brabant,Cludts,165
857,20001,BE24,Provincie Vlaams-Brabant,De Graeve,165
857,20001,BE24,Provincie Vlaams-Brabant,De Proft,165
857,20001,BE24,Provincie Vlaams-Brabant,Denruyter,165
857,20001,BE24,Provincie Vlaams-Brabant,Lefebvre,165
857,20001,BE24,Provincie Vlaams-Brabant,Noé,165
857,20001,BE24,Provincie Vlaams-Brabant,Schoeters,165
857,20001,BE24,Provincie Vlaams-Brabant,Van Stichel,165
857,20001,BE24,Provincie Vlaams-Brabant,Vandijck,165
857,20001,BE24,Provincie Vlaams-Brabant,Verbeken,165
867,20001,BE24,Provincie Vlaams-Brabant,Demeyer,164
867,20001,BE24,Provincie Vlaams-Brabant,Paternoster,164
867,20001,BE24,Provincie Vlaams-Brabant,Peremans,164
867,20001,BE24,Provincie Vlaams-Brabant,Putzeys,164
867,20001,BE24,Provincie Vlaams-Brabant,Schreurs,164
867,20001,BE24,Provincie Vlaams-Brabant,Steens,164
867,20001,BE24,Provincie Vlaams-Brabant,Swerts,164
867,20001,BE24,Provincie Vlaams-Brabant,Tordeur,164
875,20001,BE24,Provincie Vlaams-Brabant,Agneessens,163
875,20001,BE24,Provincie Vlaams-Brabant,Arys,163
875,20001,BE24,Provincie Vlaams-Brabant,Guldemont,163
875,20001,BE24,Provincie Vlaams-Brabant,Jacquemyn,163
875,20001,BE24,Provincie Vlaams-Brabant,Laporte,163
875,20001,BE24,Provincie Vlaams-Brabant,Moriau,163
875,20001,BE24,Provincie Vlaams-Brabant,Pappaert,163
875,20001,BE24,Provincie Vlaams-Brabant,Parmentier,163
875,20001,BE24,Provincie Vlaams-Brabant,Van Schepdael,163
875,20001,BE24,Provincie Vlaams-Brabant,Vandewalle,163
875,20001,BE24,Provincie Vlaams-Brabant,Vergauwen,163
875,20001,BE24,Provincie Vlaams-Brabant,Verhaert,163
887,20001,BE24,Provincie Vlaams-Brabant,Bervoets,162
887,20001,BE24,Provincie Vlaams-Brabant,Bex,162
887,20001,BE24,Provincie Vlaams-Brabant,Bulens,162
887,20001,BE24,Provincie Vlaams-Brabant,Marien,162
887,20001,BE24,Provincie Vlaams-Brabant,Meersman,162
887,20001,BE24,Provincie Vlaams-Brabant,Schrevens,162
887,20001,BE24,Provincie Vlaams-Brabant,Tack,162
887,20001,BE24,Provincie Vlaams-Brabant,Van Gossum,162
887,20001,BE24,Provincie Vlaams-Brabant,Van Rompay,162
887,20001,BE24,Provincie Vlaams-Brabant,Vanneste,162
897,20001,BE24,Provincie Vlaams-Brabant,Knaepen,161
897,20001,BE24,Provincie Vlaams-Brabant,Lombaerts,161
897,20001,BE24,Provincie Vlaams-Brabant,Van Den Bosch,161
900,20001,BE24,Provincie Vlaams-Brabant,Debast,160
900,20001,BE24,Provincie Vlaams-Brabant,Dewaelheyns,160
900,20001,BE24,Provincie Vlaams-Brabant,Joly,160
900,20001,BE24,Provincie Vlaams-Brabant,Roesems,160
900,20001,BE24,Provincie Vlaams-Brabant,Struelens,160
900,20001,BE24,Provincie Vlaams-Brabant,Vancauwenbergh,160
900,20001,BE24,Provincie Vlaams-Brabant,Vanden Bosch,160
900,20001,BE24,Provincie Vlaams-Brabant,Vermeire,160
908,20001,BE24,Provincie Vlaams-Brabant,Berthels,159
908,20001,BE24,Provincie Vlaams-Brabant,Naulaerts,159
908,20001,BE24,Provincie Vlaams-Brabant,Robeyns,159
911,20001,BE24,Provincie Vlaams-Brabant,Houtmeyers,158
911,20001,BE24,Provincie Vlaams-Brabant,Pierreux,158
911,20001,BE24,Provincie Vlaams-Brabant,Robyns,158
911,20001,BE24,Provincie Vlaams-Brabant,Sarens,158
911,20001,BE24,Provincie Vlaams-Brabant,Thibaut,158
911,20001,BE24,Provincie Vlaams-Brabant,Vanlangendonck,158
911,20001,BE24,Provincie Vlaams-Brabant,Vlayen,158
911,20001,BE24,Provincie Vlaams-Brabant,Willekens,158
919,20001,BE24,Provincie Vlaams-Brabant,Brants,157
919,20001,BE24,Provincie Vlaams-Brabant,Carels,157
919,20001,BE24,Provincie Vlaams-Brabant,De Meuter,157
919,20001,BE24,Provincie Vlaams-Brabant,Lintermans,157
919,20001,BE24,Provincie Vlaams-Brabant,Vandoren,157
924,20001,BE24,Provincie Vlaams-Brabant,Albert,156
924,20001,BE24,Provincie Vlaams-Brabant,Bas,156
924,20001,BE24,Provincie Vlaams-Brabant,Boets,156
924,20001,BE24,Provincie Vlaams-Brabant,Cuvelier,156
924,20001,BE24,Provincie Vlaams-Brabant,De Buyser,156
924,20001,BE24,Provincie Vlaams-Brabant,Huygh,156
924,20001,BE24,Provincie Vlaams-Brabant,Sels,156
924,20001,BE24,Provincie Vlaams-Brabant,Steppe,156
932,20001,BE24,Provincie Vlaams-Brabant,Debusscher,155
932,20001,BE24,Provincie Vlaams-Brabant,Goeman,155
932,20001,BE24,Provincie Vlaams-Brabant,Gooris,155
932,20001,BE24,Provincie Vlaams-Brabant,Hofman,155
932,20001,BE24,Provincie Vlaams-Brabant,Jacob,155
932,20001,BE24,Provincie Vlaams-Brabant,Longin,155
932,20001,BE24,Provincie Vlaams-Brabant,Mombaerts,155
932,20001,BE24,Provincie Vlaams-Brabant,Reynaert,155
932,20001,BE24,Provincie Vlaams-Brabant,Vanermen,155
932,20001,BE24,Provincie Vlaams-Brabant,Verboomen,155
932,20001,BE24,Provincie Vlaams-Brabant,Vervloesem,155
943,20001,BE24,Provincie Vlaams-Brabant,Callewaert,154
943,20001,BE24,Provincie Vlaams-Brabant,Camara,154
943,20001,BE24,Provincie Vlaams-Brabant,Celik,154
943,20001,BE24,Provincie Vlaams-Brabant,Colin,154
943,20001,BE24,Provincie Vlaams-Brabant,Mannaerts,154
943,20001,BE24,Provincie Vlaams-Brabant,Servaes,154
943,20001,BE24,Provincie Vlaams-Brabant,Vanbellinghen,154
943,20001,BE24,Provincie Vlaams-Brabant,Vangeel,154
951,20001,BE24,Provincie Vlaams-Brabant,Berisha,153
951,20001,BE24,Provincie Vlaams-Brabant,Bulté,153
951,20001,BE24,Provincie Vlaams-Brabant,De Geyter,153
951,20001,BE24,Provincie Vlaams-Brabant,Lanckmans,153
951,20001,BE24,Provincie Vlaams-Brabant,Ons,153
951,20001,BE24,Provincie Vlaams-Brabant,Paridaens,153
951,20001,BE24,Provincie Vlaams-Brabant,Piron,153
951,20001,BE24,Provincie Vlaams-Brabant,Polspoel,153
951,20001,BE24,Provincie Vlaams-Brabant,Rosseels,153
951,20001,BE24,Provincie Vlaams-Brabant,Sannen,153
951,20001,BE24,Provincie Vlaams-Brabant,Van Craen,153
962,20001,BE24,Provincie Vlaams-Brabant,Allali,152
962,20001,BE24,Provincie Vlaams-Brabant,Coene,152
962,20001,BE24,Provincie Vlaams-Brabant,Lecocq,152
962,20001,BE24,Provincie Vlaams-Brabant,Schouppe,152
962,20001,BE24,Provincie Vlaams-Brabant,Van Steenwinkel,152
962,20001,BE24,Provincie Vlaams-Brabant,Van de Gucht,152
962,20001,BE24,Provincie Vlaams-Brabant,Vrijders,152
969,20001,BE24,Provincie Vlaams-Brabant,Buyens,151
969,20001,BE24,Provincie Vlaams-Brabant,Franckx,151
969,20001,BE24,Provincie Vlaams-Brabant,Van Biesen,151
969,20001,BE24,Provincie Vlaams-Brabant,Van Cleynenbreugel,151
969,20001,BE24,Provincie Vlaams-Brabant,Van Den Bossche,151
969,20001,BE24,Provincie Vlaams-Brabant,Vandenbossche,151
975,20001,BE24,Provincie Vlaams-Brabant,Baes,150
975,20001,BE24,Provincie Vlaams-Brabant,Binst,150
975,20001,BE24,Provincie Vlaams-Brabant,Deleu,150
975,20001,BE24,Provincie Vlaams-Brabant,Hemeleers,150
975,20001,BE24,Provincie Vlaams-Brabant,Nelissen,150
975,20001,BE24,Provincie Vlaams-Brabant,Sterkendries,150
975,20001,BE24,Provincie Vlaams-Brabant,Van Kerkhoven,150
975,20001,BE24,Provincie Vlaams-Brabant,Van de Weyer,150
975,20001,BE24,Provincie Vlaams-Brabant,Vandormael,150
975,20001,BE24,Provincie Vlaams-Brabant,Vanhellemont,150
975,20001,BE24,Provincie Vlaams-Brabant,Vernaillen,150
975,20001,BE24,Provincie Vlaams-Brabant,Voet,150
987,20001,BE24,Provincie Vlaams-Brabant,André,149
987,20001,BE24,Provincie Vlaams-Brabant,Artois,149
987,20001,BE24,Provincie Vlaams-Brabant,De Munck,149
987,20001,BE24,Provincie Vlaams-Brabant,Dhondt,149
987,20001,BE24,Provincie Vlaams-Brabant,Lacroix,149
987,20001,BE24,Provincie Vlaams-Brabant,Vandecauter,149
987,20001,BE24,Provincie Vlaams-Brabant,Vanderhulst,149
987,20001,BE24,Provincie Vlaams-Brabant,Vanhaeren,149
995,20001,BE24,Provincie Vlaams-Brabant,Bernaerts,148
995,20001,BE24,Provincie Vlaams-Brabant,Debremaeker,148
995,20001,BE24,Provincie Vlaams-Brabant,Uyttersprot,148
995,20001,BE24,Provincie Vlaams-Brabant,Vanhaelen,148
999,20001,BE24,Provincie Vlaams-Brabant,Bettens,147
999,20001,BE24,Provincie Vlaams-Brabant,De Broyer,147
999,20001,BE24,Provincie Vlaams-Brabant,De Vis,147
999,20001,BE24,Provincie Vlaams-Brabant,Dockx,147
999,20001,BE24,Provincie Vlaams-Brabant,Du Bois,147
999,20001,BE24,Provincie Vlaams-Brabant,Lebrun,147
999,20001,BE24,Provincie Vlaams-Brabant,Nobels,147
999,20001,BE24,Provincie Vlaams-Brabant,Peetroons,147
999,20001,BE24,Provincie Vlaams-Brabant,Poffé,147
999,20001,BE24,Provincie Vlaams-Brabant,Rogiers,147
999,20001,BE24,Provincie Vlaams-Brabant,Spinnoy,147
999,20001,BE24,Provincie Vlaams-Brabant,Suys,147
999,20001,BE24,Provincie Vlaams-Brabant,Taymans,147
999,20001,BE24,Provincie Vlaams-Brabant,Van Genechten,147
999,20001,BE24,Provincie Vlaams-Brabant,Willaert,147
1014,20001,BE24,Provincie Vlaams-Brabant,Bellen,146
1014,20001,BE24,Provincie Vlaams-Brabant,Buedts,146
1014,20001,BE24,Provincie Vlaams-Brabant,Cresens,146
1014,20001,BE24,Provincie Vlaams-Brabant,Mergaerts,146
1014,20001,BE24,Provincie Vlaams-Brabant,Meynaerts,146
1014,20001,BE24,Provincie Vlaams-Brabant,Theunissen,146
1014,20001,BE24,Provincie Vlaams-Brabant,Tollet,146
1014,20001,BE24,Provincie Vlaams-Brabant,Van Essche,146
1014,20001,BE24,Provincie Vlaams-Brabant,Van Rompuy,146
1014,20001,BE24,Provincie Vlaams-Brabant,Van den Driessche,146
1014,20001,BE24,Provincie Vlaams-Brabant,Vangilbergen,146
1014,20001,BE24,Provincie Vlaams-Brabant,Vanmechelen,146
1026,20001,BE24,Provincie Vlaams-Brabant,Aydin,145
1026,20001,BE24,Provincie Vlaams-Brabant,Beutels,145
1026,20001,BE24,Provincie Vlaams-Brabant,De Groef,145
1026,20001,BE24,Provincie Vlaams-Brabant,De Schouwer,145
1026,20001,BE24,Provincie Vlaams-Brabant,Goethuys,145
1026,20001,BE24,Provincie Vlaams-Brabant,Goyvaerts,145
1026,20001,BE24,Provincie Vlaams-Brabant,Taverniers,145
1026,20001,BE24,Provincie Vlaams-Brabant,Weemaels,145
1034,20001,BE24,Provincie Vlaams-Brabant,Ahmad,144
1034,20001,BE24,Provincie Vlaams-Brabant,Demunter,144
1034,20001,BE24,Provincie Vlaams-Brabant,Gybels,144
1034,20001,BE24,Provincie Vlaams-Brabant,Robijns,144
1034,20001,BE24,Provincie Vlaams-Brabant,Smout,144
1034,20001,BE24,Provincie Vlaams-Brabant,Tanghe,144
1034,20001,BE24,Provincie Vlaams-Brabant,Vannerom,144
1041,20001,BE24,Provincie Vlaams-Brabant,Adriaenssens,143
1041,20001,BE24,Provincie Vlaams-Brabant,Ausloos,143
1041,20001,BE24,Provincie Vlaams-Brabant,Driesen,143
1041,20001,BE24,Provincie Vlaams-Brabant,Hellemans,143
1041,20001,BE24,Provincie Vlaams-Brabant,Ickx,143
1041,20001,BE24,Provincie Vlaams-Brabant,Petitjean,143
1041,20001,BE24,Provincie Vlaams-Brabant,Poot,143
1041,20001,BE24,Provincie Vlaams-Brabant,Van Brussel,143
1041,20001,BE24,Provincie Vlaams-Brabant,Van Brusselen,143
1041,20001,BE24,Provincie Vlaams-Brabant,Vandekerckhove,143
1041,20001,BE24,Provincie Vlaams-Brabant,Vandendael,143
1041,20001,BE24,Provincie Vlaams-Brabant,Winnepenninckx,143
1053,20001,BE24,Provincie Vlaams-Brabant,Deboeck,142
1053,20001,BE24,Provincie Vlaams-Brabant,Debruyn,142
1053,20001,BE24,Provincie Vlaams-Brabant,Demarsin,142
1053,20001,BE24,Provincie Vlaams-Brabant,Mustafa,142
1053,20001,BE24,Provincie Vlaams-Brabant,Neukermans,142
1053,20001,BE24,Provincie Vlaams-Brabant,Neyens,142
1053,20001,BE24,Provincie Vlaams-Brabant,Pans,142
1053,20001,BE24,Provincie Vlaams-Brabant,Van Gompel,142
1053,20001,BE24,Provincie Vlaams-Brabant,Vanhelmont,142
1062,20001,BE24,Provincie Vlaams-Brabant,Bal,141
1062,20001,BE24,Provincie Vlaams-Brabant,Deconinck,141
1062,20001,BE24,Provincie Vlaams-Brabant,Dobbelaere,141
1062,20001,BE24,Provincie Vlaams-Brabant,Grandjean,141
1062,20001,BE24,Provincie Vlaams-Brabant,Mahy,141
1062,20001,BE24,Provincie Vlaams-Brabant,Schuermans,141
1062,20001,BE24,Provincie Vlaams-Brabant,Shala,141
1069,20001,BE24,Provincie Vlaams-Brabant,Blockmans,140
1069,20001,BE24,Provincie Vlaams-Brabant,Brasseur,140
1069,20001,BE24,Provincie Vlaams-Brabant,De Ruyter,140
1069,20001,BE24,Provincie Vlaams-Brabant,Hoste,140
1069,20001,BE24,Provincie Vlaams-Brabant,Joseph,140
1069,20001,BE24,Provincie Vlaams-Brabant,Kerremans,140
1069,20001,BE24,Provincie Vlaams-Brabant,Minten,140
1069,20001,BE24,Provincie Vlaams-Brabant,Moors,140
1069,20001,BE24,Provincie Vlaams-Brabant,Poppe,140
1069,20001,BE24,Provincie Vlaams-Brabant,Van Leemputten,140
1079,20001,BE24,Provincie Vlaams-Brabant,Apers,139
1079,20001,BE24,Provincie Vlaams-Brabant,Dewolf,139
1079,20001,BE24,Provincie Vlaams-Brabant,Ringoet,139
1079,20001,BE24,Provincie Vlaams-Brabant,Salaets,139
1079,20001,BE24,Provincie Vlaams-Brabant,Tielens,139
1079,20001,BE24,Provincie Vlaams-Brabant,Van Beneden,139
1079,20001,BE24,Provincie Vlaams-Brabant,Vervloet,139
1079,20001,BE24,Provincie Vlaams-Brabant,Viaene,139
1079,20001,BE24,Provincie Vlaams-Brabant,Vissers,139
1088,20001,BE24,Provincie Vlaams-Brabant,Bollens,138
1088,20001,BE24,Provincie Vlaams-Brabant,Carpentier,138
1088,20001,BE24,Provincie Vlaams-Brabant,De Geest,138
1088,20001,BE24,Provincie Vlaams-Brabant,De Vroede,138
1088,20001,BE24,Provincie Vlaams-Brabant,Dumon,138
1088,20001,BE24,Provincie Vlaams-Brabant,Goyens,138
1088,20001,BE24,Provincie Vlaams-Brabant,Limbourg,138
1088,20001,BE24,Provincie Vlaams-Brabant,Milis,138
1088,20001,BE24,Provincie Vlaams-Brabant,Sacré,138
1088,20001,BE24,Provincie Vlaams-Brabant,Vandenhoeck,138
1088,20001,BE24,Provincie Vlaams-Brabant,Vandermosten,138
1099,20001,BE24,Provincie Vlaams-Brabant,Caluwaerts,137
1099,20001,BE24,Provincie Vlaams-Brabant,Cleynhens,137
1099,20001,BE24,Provincie Vlaams-Brabant,Collaer,137
1099,20001,BE24,Provincie Vlaams-Brabant,De Wael,137
1099,20001,BE24,Provincie Vlaams-Brabant,Depuydt,137
1099,20001,BE24,Provincie Vlaams-Brabant,Lippens,137
1099,20001,BE24,Provincie Vlaams-Brabant,Lismont,137
1099,20001,BE24,Provincie Vlaams-Brabant,Rits,137
1099,20001,BE24,Provincie Vlaams-Brabant,Steyaert,137
1099,20001,BE24,Provincie Vlaams-Brabant,Vanautgaerden,137
1099,20001,BE24,Provincie Vlaams-Brabant,Vanroelen,137
1099,20001,BE24,Provincie Vlaams-Brabant,Verwimp,137
1111,20001,BE24,Provincie Vlaams-Brabant,Cornet,136
1111,20001,BE24,Provincie Vlaams-Brabant,Dehandschutter,136
1111,20001,BE24,Provincie Vlaams-Brabant,Dekeyzer,136
1111,20001,BE24,Provincie Vlaams-Brabant,Kerkhofs,136
1111,20001,BE24,Provincie Vlaams-Brabant,Mans,136
1111,20001,BE24,Provincie Vlaams-Brabant,Torbeyns,136
1111,20001,BE24,Provincie Vlaams-Brabant,Van Aelst,136
1111,20001,BE24,Provincie Vlaams-Brabant,Van Rymenant,136
1119,20001,BE24,Provincie Vlaams-Brabant,Bormans,135
1119,20001,BE24,Provincie Vlaams-Brabant,De Vits,135
1119,20001,BE24,Provincie Vlaams-Brabant,Deputter,135
1119,20001,BE24,Provincie Vlaams-Brabant,Oversteyns,135
1119,20001,BE24,Provincie Vlaams-Brabant,Steenackers,135
1119,20001,BE24,Provincie Vlaams-Brabant,Van Woensel,135
1119,20001,BE24,Provincie Vlaams-Brabant,Van der Stappen,135
1126,20001,BE24,Provincie Vlaams-Brabant,Cleymans,134
1126,20001,BE24,Provincie Vlaams-Brabant,Delcourt,134
1126,20001,BE24,Provincie Vlaams-Brabant,Dormaels,134
1126,20001,BE24,Provincie Vlaams-Brabant,Evens,134
1126,20001,BE24,Provincie Vlaams-Brabant,Exelmans,134
1126,20001,BE24,Provincie Vlaams-Brabant,Fieremans,134
1126,20001,BE24,Provincie Vlaams-Brabant,Franck,134
1126,20001,BE24,Provincie Vlaams-Brabant,Karaca,134
1126,20001,BE24,Provincie Vlaams-Brabant,Kindermans,134
1126,20001,BE24,Provincie Vlaams-Brabant,Minnen,134
1126,20001,BE24,Provincie Vlaams-Brabant,Popa,134
1126,20001,BE24,Provincie Vlaams-Brabant,Stuyck,134
1126,20001,BE24,Provincie Vlaams-Brabant,Van Lier,134
1139,20001,BE24,Provincie Vlaams-Brabant,Champagne,133
1139,20001,BE24,Provincie Vlaams-Brabant,Cnops,133
1139,20001,BE24,Provincie Vlaams-Brabant,Cordemans,133
1139,20001,BE24,Provincie Vlaams-Brabant,De Feyter,133
1139,20001,BE24,Provincie Vlaams-Brabant,De Troch,133
1139,20001,BE24,Provincie Vlaams-Brabant,Grégoire,133
1139,20001,BE24,Provincie Vlaams-Brabant,Ibrahim,133
1139,20001,BE24,Provincie Vlaams-Brabant,Isenborghs,133
1139,20001,BE24,Provincie Vlaams-Brabant,Langendries,133
1139,20001,BE24,Provincie Vlaams-Brabant,Matton,133
1139,20001,BE24,Provincie Vlaams-Brabant,Scheerlinck,133
1139,20001,BE24,Provincie Vlaams-Brabant,Stallaert,133
1139,20001,BE24,Provincie Vlaams-Brabant,Van Zeebroeck,133
1152,20001,BE24,Provincie Vlaams-Brabant,Buttiens,132
1152,20001,BE24,Provincie Vlaams-Brabant,Cochez,132
1152,20001,BE24,Provincie Vlaams-Brabant,De Kegel,132
1152,20001,BE24,Provincie Vlaams-Brabant,De Vadder,132
1152,20001,BE24,Provincie Vlaams-Brabant,De Visscher,132
1152,20001,BE24,Provincie Vlaams-Brabant,Eyckmans,132
1152,20001,BE24,Provincie Vlaams-Brabant,Gilson,132
1152,20001,BE24,Provincie Vlaams-Brabant,Kara,132
1152,20001,BE24,Provincie Vlaams-Brabant,Keyaerts,132
1152,20001,BE24,Provincie Vlaams-Brabant,Logist,132
1152,20001,BE24,Provincie Vlaams-Brabant,Rombaut,132
1152,20001,BE24,Provincie Vlaams-Brabant,Vanderkelen,132
1164,20001,BE24,Provincie Vlaams-Brabant,Benoit,131
1164,20001,BE24,Provincie Vlaams-Brabant,Danau,131
1164,20001,BE24,Provincie Vlaams-Brabant,Descamps,131
1164,20001,BE24,Provincie Vlaams-Brabant,Devroye,131
1164,20001,BE24,Provincie Vlaams-Brabant,Duyck,131
1164,20001,BE24,Provincie Vlaams-Brabant,Kemps,131
1164,20001,BE24,Provincie Vlaams-Brabant,Miseur,131
1164,20001,BE24,Provincie Vlaams-Brabant,Reyniers,131
1164,20001,BE24,Provincie Vlaams-Brabant,Sneyers,131
1164,20001,BE24,Provincie Vlaams-Brabant,Stiens,131
1164,20001,BE24,Provincie Vlaams-Brabant,Van Doorslaer,131
1164,20001,BE24,Provincie Vlaams-Brabant,Van Langendonck,131
1164,20001,BE24,Provincie Vlaams-Brabant,Van den Steen,131
1164,20001,BE24,Provincie Vlaams-Brabant,Verduyckt,131
1178,20001,BE24,Provincie Vlaams-Brabant,Baumans,130
1178,20001,BE24,Provincie Vlaams-Brabant,Corbeels,130
1178,20001,BE24,Provincie Vlaams-Brabant,Cornelissen,130
1178,20001,BE24,Provincie Vlaams-Brabant,Demey,130
1178,20001,BE24,Provincie Vlaams-Brabant,Hubert,130
1178,20001,BE24,Provincie Vlaams-Brabant,Joostens,130
1178,20001,BE24,Provincie Vlaams-Brabant,Piette,130
1178,20001,BE24,Provincie Vlaams-Brabant,Pittevils,130
1178,20001,BE24,Provincie Vlaams-Brabant,Rombauts,130
1178,20001,BE24,Provincie Vlaams-Brabant,Van Win,130
1178,20001,BE24,Provincie Vlaams-Brabant,Vansteenkiste,130
1178,20001,BE24,Provincie Vlaams-Brabant,Vanthienen,130
1178,20001,BE24,Provincie Vlaams-Brabant,Verreth,130
1191,20001,BE24,Provincie Vlaams-Brabant,Bamps,129
1191,20001,BE24,Provincie Vlaams-Brabant,Billens,129
1191,20001,BE24,Provincie Vlaams-Brabant,Cooremans,129
1191,20001,BE24,Provincie Vlaams-Brabant,Cortoos,129
1191,20001,BE24,Provincie Vlaams-Brabant,Deprins,129
1191,20001,BE24,Provincie Vlaams-Brabant,Devriendt,129
1191,20001,BE24,Provincie Vlaams-Brabant,Gashi,129
1191,20001,BE24,Provincie Vlaams-Brabant,Haegeman,129
1191,20001,BE24,Provincie Vlaams-Brabant,Laevers,129
1191,20001,BE24,Provincie Vlaams-Brabant,Meysmans,129
1191,20001,BE24,Provincie Vlaams-Brabant,Schodts,129
1191,20001,BE24,Provincie Vlaams-Brabant,Thielens,129
1191,20001,BE24,Provincie Vlaams-Brabant,Van Eynde,129
1191,20001,BE24,Provincie Vlaams-Brabant,Van de Putte,129
1191,20001,BE24,Provincie Vlaams-Brabant,Vandermeiren,129
1206,20001,BE24,Provincie Vlaams-Brabant,Bastin,128
1206,20001,BE24,Provincie Vlaams-Brabant,Deroover,128
1206,20001,BE24,Provincie Vlaams-Brabant,Duchateau,128
1206,20001,BE24,Provincie Vlaams-Brabant,Gérard,128
1206,20001,BE24,Provincie Vlaams-Brabant,Panneels,128
1206,20001,BE24,Provincie Vlaams-Brabant,Popescu,128
1206,20001,BE24,Provincie Vlaams-Brabant,Roggeman,128
1206,20001,BE24,Provincie Vlaams-Brabant,Roman,128
1206,20001,BE24,Provincie Vlaams-Brabant,Verleysen,128
1215,20001,BE24,Provincie Vlaams-Brabant,Costers,127
1215,20001,BE24,Provincie Vlaams-Brabant,De Muylder,127
1215,20001,BE24,Provincie Vlaams-Brabant,De Temmerman,127
1215,20001,BE24,Provincie Vlaams-Brabant,Jochmans,127
1215,20001,BE24,Provincie Vlaams-Brabant,Knockaert,127
1215,20001,BE24,Provincie Vlaams-Brabant,Vankeerberghen,127
1215,20001,BE24,Provincie Vlaams-Brabant,Vlaeyen,127
1222,20001,BE24,Provincie Vlaams-Brabant,Blomme,126
1222,20001,BE24,Provincie Vlaams-Brabant,Boghe,126
1222,20001,BE24,Provincie Vlaams-Brabant,Bracke,126
1222,20001,BE24,Provincie Vlaams-Brabant,Daniëls,126
1222,20001,BE24,Provincie Vlaams-Brabant,Dufour,126
1222,20001,BE24,Provincie Vlaams-Brabant,Gillet,126
1222,20001,BE24,Provincie Vlaams-Brabant,Janse,126
1222,20001,BE24,Provincie Vlaams-Brabant,Lauwens,126
1222,20001,BE24,Provincie Vlaams-Brabant,Rondou,126
1222,20001,BE24,Provincie Vlaams-Brabant,Roose,126
1222,20001,BE24,Provincie Vlaams-Brabant,Saidi,126
1222,20001,BE24,Provincie Vlaams-Brabant,Silverans,126
1222,20001,BE24,Provincie Vlaams-Brabant,Stalpaert,126
1222,20001,BE24,Provincie Vlaams-Brabant,Teirlinck,126
1222,20001,BE24,Provincie Vlaams-Brabant,Timmerman,126
1222,20001,BE24,Provincie Vlaams-Brabant,Van Malder,126
1222,20001,BE24,Provincie Vlaams-Brabant,Vandebroek,126
1222,20001,BE24,Provincie Vlaams-Brabant,Özkan,126
1240,20001,BE24,Provincie Vlaams-Brabant,Dewilde,125
1240,20001,BE24,Provincie Vlaams-Brabant,Dillen,125
1240,20001,BE24,Provincie Vlaams-Brabant,Dons,125
1240,20001,BE24,Provincie Vlaams-Brabant,Jennes,125
1240,20001,BE24,Provincie Vlaams-Brabant,Laenens,125
1240,20001,BE24,Provincie Vlaams-Brabant,Roelands,125
1240,20001,BE24,Provincie Vlaams-Brabant,Vanroy,125
1247,20001,BE24,Provincie Vlaams-Brabant,Bottu,124
1247,20001,BE24,Provincie Vlaams-Brabant,Buyle,124
1247,20001,BE24,Provincie Vlaams-Brabant,Caron,124
1247,20001,BE24,Provincie Vlaams-Brabant,Claesen,124
1247,20001,BE24,Provincie Vlaams-Brabant,Dechamps,124
1247,20001,BE24,Provincie Vlaams-Brabant,Denys,124
1247,20001,BE24,Provincie Vlaams-Brabant,Depoorter,124
1247,20001,BE24,Provincie Vlaams-Brabant,Evrard,124
1247,20001,BE24,Provincie Vlaams-Brabant,Luppens,124
1247,20001,BE24,Provincie Vlaams-Brabant,Rombouts,124
1247,20001,BE24,Provincie Vlaams-Brabant,Sow,124
1247,20001,BE24,Provincie Vlaams-Brabant,Tierens,124
1247,20001,BE24,Provincie Vlaams-Brabant,Van Laere,124
1247,20001,BE24,Provincie Vlaams-Brabant,Van den broeck,124
1247,20001,BE24,Provincie Vlaams-Brabant,Wils,124
1262,20001,BE24,Provincie Vlaams-Brabant,Aslan,123
1262,20001,BE24,Provincie Vlaams-Brabant,Bos,123
1262,20001,BE24,Provincie Vlaams-Brabant,Dehennin,123
1262,20001,BE24,Provincie Vlaams-Brabant,Delfosse,123
1262,20001,BE24,Provincie Vlaams-Brabant,Horemans,123
1262,20001,BE24,Provincie Vlaams-Brabant,Jannes,123
1262,20001,BE24,Provincie Vlaams-Brabant,Loeckx,123
1262,20001,BE24,Provincie Vlaams-Brabant,Petré,123
1262,20001,BE24,Provincie Vlaams-Brabant,Swaelens,123
1262,20001,BE24,Provincie Vlaams-Brabant,Taes,123
1262,20001,BE24,Provincie Vlaams-Brabant,Van Elsen,123
1262,20001,BE24,Provincie Vlaams-Brabant,Vanparijs,123
1262,20001,BE24,Provincie Vlaams-Brabant,Verreydt,123
1275,20001,BE24,Provincie Vlaams-Brabant,Akin,122
1275,20001,BE24,Provincie Vlaams-Brabant,Brusselmans,122
1275,20001,BE24,Provincie Vlaams-Brabant,De Wulf,122
1275,20001,BE24,Provincie Vlaams-Brabant,Donders,122
1275,20001,BE24,Provincie Vlaams-Brabant,Gijbels,122
1275,20001,BE24,Provincie Vlaams-Brabant,Lin,122
1275,20001,BE24,Provincie Vlaams-Brabant,Moonen,122
1275,20001,BE24,Provincie Vlaams-Brabant,Pepermans,122
1275,20001,BE24,Provincie Vlaams-Brabant,Van Muylder,122
1275,20001,BE24,Provincie Vlaams-Brabant,Willocx,122
1285,20001,BE24,Provincie Vlaams-Brabant,De Groot,121
1285,20001,BE24,Provincie Vlaams-Brabant,Gilbert,121
1285,20001,BE24,Provincie Vlaams-Brabant,Goemans,121
1285,20001,BE24,Provincie Vlaams-Brabant,Lucas,121
1285,20001,BE24,Provincie Vlaams-Brabant,Menten,121
1285,20001,BE24,Provincie Vlaams-Brabant,Vandaele,121
1285,20001,BE24,Provincie Vlaams-Brabant,Vanvlasselaer,121
1285,20001,BE24,Provincie Vlaams-Brabant,Vervloessem,121
1293,20001,BE24,Provincie Vlaams-Brabant,Braem,120
1293,20001,BE24,Provincie Vlaams-Brabant,Buyse,120
1293,20001,BE24,Provincie Vlaams-Brabant,Colpaert,120
1293,20001,BE24,Provincie Vlaams-Brabant,Debontridder,120
1293,20001,BE24,Provincie Vlaams-Brabant,Depauw,120
1293,20001,BE24,Provincie Vlaams-Brabant,Fransen,120
1293,20001,BE24,Provincie Vlaams-Brabant,Lesage,120
1293,20001,BE24,Provincie Vlaams-Brabant,Massaer,120
1293,20001,BE24,Provincie Vlaams-Brabant,Quintens,120
1293,20001,BE24,Provincie Vlaams-Brabant,Rasschaert,120
1293,20001,BE24,Provincie Vlaams-Brabant,Ruttens,120
1293,20001,BE24,Provincie Vlaams-Brabant,Simoens,120
1293,20001,BE24,Provincie Vlaams-Brabant,Van Casteren,120
1293,20001,BE24,Provincie Vlaams-Brabant,Van Goidsenhoven,120
1293,20001,BE24,Provincie Vlaams-Brabant,Van Obbergen,120
1293,20001,BE24,Provincie Vlaams-Brabant,Vanhecke,120
1309,20001,BE24,Provincie Vlaams-Brabant,Bronselaer,119
1309,20001,BE24,Provincie Vlaams-Brabant,De Greve,119
1309,20001,BE24,Provincie Vlaams-Brabant,Dekelver,119
1309,20001,BE24,Provincie Vlaams-Brabant,Devolder,119
1309,20001,BE24,Provincie Vlaams-Brabant,Dirix,119
1309,20001,BE24,Provincie Vlaams-Brabant,Lahaye,119
1309,20001,BE24,Provincie Vlaams-Brabant,Neven,119
1309,20001,BE24,Provincie Vlaams-Brabant,Princen,119
1309,20001,BE24,Provincie Vlaams-Brabant,Selleslagh,119
1309,20001,BE24,Provincie Vlaams-Brabant,Springael,119
1309,20001,BE24,Provincie Vlaams-Brabant,Staelens,119
1309,20001,BE24,Provincie Vlaams-Brabant,Toussaint,119
1309,20001,BE24,Provincie Vlaams-Brabant,Van Der Kelen,119
1309,20001,BE24,Provincie Vlaams-Brabant,Van Snick,119
1309,20001,BE24,Provincie Vlaams-Brabant,Vandenput,119
1309,20001,BE24,Provincie Vlaams-Brabant,Vanherck,119
1325,20001,BE24,Provincie Vlaams-Brabant,Artoos,118
1325,20001,BE24,Provincie Vlaams-Brabant,Boesmans,118
1325,20001,BE24,Provincie Vlaams-Brabant,Bries,118
1325,20001,BE24,Provincie Vlaams-Brabant,Delhaye,118
1325,20001,BE24,Provincie Vlaams-Brabant,Dereymaeker,118
1325,20001,BE24,Provincie Vlaams-Brabant,Haine,118
1325,20001,BE24,Provincie Vlaams-Brabant,Huang,118
1325,20001,BE24,Provincie Vlaams-Brabant,Moerman,118
1325,20001,BE24,Provincie Vlaams-Brabant,Paesmans,118
1325,20001,BE24,Provincie Vlaams-Brabant,Poncelet,118
1325,20001,BE24,Provincie Vlaams-Brabant,Van Hellemont,118
1325,20001,BE24,Provincie Vlaams-Brabant,Vandenborre,118
1325,20001,BE24,Provincie Vlaams-Brabant,Weckhuysen,118
1325,20001,BE24,Provincie Vlaams-Brabant,Wynant,118
1325,20001,BE24,Provincie Vlaams-Brabant,Yousfi,118
1340,20001,BE24,Provincie Vlaams-Brabant,Bellens,117
1340,20001,BE24,Provincie Vlaams-Brabant,Bonte,117
1340,20001,BE24,Provincie Vlaams-Brabant,Bouckaert,117
1340,20001,BE24,Provincie Vlaams-Brabant,Callaert,117
1340,20001,BE24,Provincie Vlaams-Brabant,De Knop,117
1340,20001,BE24,Provincie Vlaams-Brabant,De Proost,117
1340,20001,BE24,Provincie Vlaams-Brabant,De Roy,117
1340,20001,BE24,Provincie Vlaams-Brabant,Deweerdt,117
1340,20001,BE24,Provincie Vlaams-Brabant,Juchtmans,117
1340,20001,BE24,Provincie Vlaams-Brabant,Krasniqi,117
1340,20001,BE24,Provincie Vlaams-Brabant,Leuckx,117
1340,20001,BE24,Provincie Vlaams-Brabant,Messaoudi,117
1340,20001,BE24,Provincie Vlaams-Brabant,Meuris,117
1340,20001,BE24,Provincie Vlaams-Brabant,Van Gorp,117
1340,20001,BE24,Provincie Vlaams-Brabant,Van Mellaert,117
1340,20001,BE24,Provincie Vlaams-Brabant,Van Noten,117
1356,20001,BE24,Provincie Vlaams-Brabant,Belmans,116
1356,20001,BE24,Provincie Vlaams-Brabant,Dewitte,116
1356,20001,BE24,Provincie Vlaams-Brabant,Hayen,116
1356,20001,BE24,Provincie Vlaams-Brabant,Leysen,116
1356,20001,BE24,Provincie Vlaams-Brabant,Loosen,116
1356,20001,BE24,Provincie Vlaams-Brabant,Sen,116
1356,20001,BE24,Provincie Vlaams-Brabant,Van Horenbeeck,116
1356,20001,BE24,Provincie Vlaams-Brabant,Van Langenhove,116
1356,20001,BE24,Provincie Vlaams-Brabant,Vanden Berghe,116
1356,20001,BE24,Provincie Vlaams-Brabant,Vandroogenbroeck,116
1356,20001,BE24,Provincie Vlaams-Brabant,Vanhee,116
1356,20001,BE24,Provincie Vlaams-Brabant,Vogeleer,116
1356,20001,BE24,Provincie Vlaams-Brabant,Wets,116
1369,20001,BE24,Provincie Vlaams-Brabant,Antoine,115
1369,20001,BE24,Provincie Vlaams-Brabant,Beynaerts,115
1369,20001,BE24,Provincie Vlaams-Brabant,D'Haese,115
1369,20001,BE24,Provincie Vlaams-Brabant,De Graef,115
1369,20001,BE24,Provincie Vlaams-Brabant,De Potter,115
1369,20001,BE24,Provincie Vlaams-Brabant,Dejonghe,115
1369,20001,BE24,Provincie Vlaams-Brabant,Lee,115
1369,20001,BE24,Provincie Vlaams-Brabant,Paeps,115
1369,20001,BE24,Provincie Vlaams-Brabant,Schockaert,115
1369,20001,BE24,Provincie Vlaams-Brabant,Sergeant,115
1369,20001,BE24,Provincie Vlaams-Brabant,Smeulders,115
1369,20001,BE24,Provincie Vlaams-Brabant,Vanderhoeven,115
1369,20001,BE24,Provincie Vlaams-Brabant,Verreycken,115
1369,20001,BE24,Provincie Vlaams-Brabant,Wera,115
1383,20001,BE24,Provincie Vlaams-Brabant,Afkir,114
1383,20001,BE24,Provincie Vlaams-Brabant,Buyl,114
1383,20001,BE24,Provincie Vlaams-Brabant,De Kempeneer,114
1383,20001,BE24,Provincie Vlaams-Brabant,De Rycke,114
1383,20001,BE24,Provincie Vlaams-Brabant,Demuynck,114
1383,20001,BE24,Provincie Vlaams-Brabant,Derycke,114
1383,20001,BE24,Provincie Vlaams-Brabant,Dogan,114
1383,20001,BE24,Provincie Vlaams-Brabant,Dom,114
1383,20001,BE24,Provincie Vlaams-Brabant,Gentens,114
1383,20001,BE24,Provincie Vlaams-Brabant,Gevers,114
1383,20001,BE24,Provincie Vlaams-Brabant,Kim,114
1383,20001,BE24,Provincie Vlaams-Brabant,Köse,114
1383,20001,BE24,Provincie Vlaams-Brabant,Opdebeeck,114
1383,20001,BE24,Provincie Vlaams-Brabant,Van Ingelgom,114
1383,20001,BE24,Provincie Vlaams-Brabant,Van Winkel,114
1383,20001,BE24,Provincie Vlaams-Brabant,Vandermeeren,114
1399,20001,BE24,Provincie Vlaams-Brabant,Derom,113
1399,20001,BE24,Provincie Vlaams-Brabant,Huys,113
1399,20001,BE24,Provincie Vlaams-Brabant,Kempenaers,113
1399,20001,BE24,Provincie Vlaams-Brabant,Matterne,113
1399,20001,BE24,Provincie Vlaams-Brabant,Parent,113
1399,20001,BE24,Provincie Vlaams-Brabant,Spreutels,113
1399,20001,BE24,Provincie Vlaams-Brabant,Van Ginderdeuren,113
1399,20001,BE24,Provincie Vlaams-Brabant,Vancutsem,113
1399,20001,BE24,Provincie Vlaams-Brabant,Vandenhove,113
1399,20001,BE24,Provincie Vlaams-Brabant,Vanherwegen,113
1399,20001,BE24,Provincie Vlaams-Brabant,Vanhoudt,113
1399,20001,BE24,Provincie Vlaams-Brabant,Vanzeebroeck,113
1399,20001,BE24,Provincie Vlaams-Brabant,Vereertbrugghen,113
1399,20001,BE24,Provincie Vlaams-Brabant,Yavuz,113
1413,20001,BE24,Provincie Vlaams-Brabant,Bruggemans,112
1413,20001,BE24,Provincie Vlaams-Brabant,Cardoen,112
1413,20001,BE24,Provincie Vlaams-Brabant,Croon,112
1413,20001,BE24,Provincie Vlaams-Brabant,Knapen,112
1413,20001,BE24,Provincie Vlaams-Brabant,Lambeets,112
1413,20001,BE24,Provincie Vlaams-Brabant,Marteau,112
1413,20001,BE24,Provincie Vlaams-Brabant,Niclaes,112
1413,20001,BE24,Provincie Vlaams-Brabant,Spiessens,112
1413,20001,BE24,Provincie Vlaams-Brabant,Straetmans,112
1413,20001,BE24,Provincie Vlaams-Brabant,Vaeremans,112
1413,20001,BE24,Provincie Vlaams-Brabant,Van den Abbeele,112
1413,20001,BE24,Provincie Vlaams-Brabant,Vandenbrande,112
1413,20001,BE24,Provincie Vlaams-Brabant,Vandervelden,112
1426,20001,BE24,Provincie Vlaams-Brabant,Barbier,111
1426,20001,BE24,Provincie Vlaams-Brabant,Bastiaens,111
1426,20001,BE24,Provincie Vlaams-Brabant,Blanckaert,111
1426,20001,BE24,Provincie Vlaams-Brabant,Crab,111
1426,20001,BE24,Provincie Vlaams-Brabant,Holvoet,111
1426,20001,BE24,Provincie Vlaams-Brabant,Lories,111
1426,20001,BE24,Provincie Vlaams-Brabant,Mattens,111
1426,20001,BE24,Provincie Vlaams-Brabant,Mergan,111
1426,20001,BE24,Provincie Vlaams-Brabant,Mignon,111
1426,20001,BE24,Provincie Vlaams-Brabant,Moureau,111
1426,20001,BE24,Provincie Vlaams-Brabant,Pasteels,111
1426,20001,BE24,Provincie Vlaams-Brabant,Perdieus,111
1426,20001,BE24,Provincie Vlaams-Brabant,Schets,111
1426,20001,BE24,Provincie Vlaams-Brabant,Stuckens,111
1426,20001,BE24,Provincie Vlaams-Brabant,Van Bellingen,111
1426,20001,BE24,Provincie Vlaams-Brabant,Van Cauwelaert,111
1426,20001,BE24,Provincie Vlaams-Brabant,Van Dingenen,111
1426,20001,BE24,Provincie Vlaams-Brabant,Van Hoeymissen,111
1426,20001,BE24,Provincie Vlaams-Brabant,Vanbever,111
1426,20001,BE24,Provincie Vlaams-Brabant,Vastenavondt,111
1426,20001,BE24,Provincie Vlaams-Brabant,Vernelen,111
1447,20001,BE24,Provincie Vlaams-Brabant,Amri,110
1447,20001,BE24,Provincie Vlaams-Brabant,Bossuyt,110
1447,20001,BE24,Provincie Vlaams-Brabant,Casier,110
1447,20001,BE24,Provincie Vlaams-Brabant,De Breucker,110
1447,20001,BE24,Provincie Vlaams-Brabant,De Brouwer,110
1447,20001,BE24,Provincie Vlaams-Brabant,De Geyndt,110
1447,20001,BE24,Provincie Vlaams-Brabant,Devriese,110
1447,20001,BE24,Provincie Vlaams-Brabant,Eryörük,110
1447,20001,BE24,Provincie Vlaams-Brabant,Es,110
1447,20001,BE24,Provincie Vlaams-Brabant,Geuens,110
1447,20001,BE24,Provincie Vlaams-Brabant,Guldentops,110
1447,20001,BE24,Provincie Vlaams-Brabant,Gysemans,110
1447,20001,BE24,Provincie Vlaams-Brabant,Lebegge,110
1447,20001,BE24,Provincie Vlaams-Brabant,Potoms,110
1447,20001,BE24,Provincie Vlaams-Brabant,Provoost,110
1447,20001,BE24,Provincie Vlaams-Brabant,Schurmans,110
1447,20001,BE24,Provincie Vlaams-Brabant,Symens,110
1447,20001,BE24,Provincie Vlaams-Brabant,Tweepenninckx,110
1447,20001,BE24,Provincie Vlaams-Brabant,Valvekens,110
1447,20001,BE24,Provincie Vlaams-Brabant,Van Haute,110
1447,20001,BE24,Provincie Vlaams-Brabant,Van de Walle,110
1447,20001,BE24,Provincie Vlaams-Brabant,Vanderelst,110
1447,20001,BE24,Provincie Vlaams-Brabant,Yildiz,110
1470,20001,BE24,Provincie Vlaams-Brabant,Amerijckx,109
1470,20001,BE24,Provincie Vlaams-Brabant,Amrani,109
1470,20001,BE24,Provincie Vlaams-Brabant,Bruffaerts,109
1470,20001,BE24,Provincie Vlaams-Brabant,Dehaen,109
1470,20001,BE24,Provincie Vlaams-Brabant,Dries,109
1470,20001,BE24,Provincie Vlaams-Brabant,Gielens,109
1470,20001,BE24,Provincie Vlaams-Brabant,Harnie,109
1470,20001,BE24,Provincie Vlaams-Brabant,Keustermans,109
1470,20001,BE24,Provincie Vlaams-Brabant,Keyen,109
1470,20001,BE24,Provincie Vlaams-Brabant,Polfliet,109
1470,20001,BE24,Provincie Vlaams-Brabant,Roggen,109
1470,20001,BE24,Provincie Vlaams-Brabant,Van Den Broeck,109
1470,20001,BE24,Provincie Vlaams-Brabant,Van Roost,109
1470,20001,BE24,Provincie Vlaams-Brabant,Van den Branden,109
1470,20001,BE24,Provincie Vlaams-Brabant,Vanden Driessche,109
1470,20001,BE24,Provincie Vlaams-Brabant,Vranckaert,109
1470,20001,BE24,Provincie Vlaams-Brabant,Wittemans,109
1487,20001,BE24,Provincie Vlaams-Brabant,Asselberghs,108
1487,20001,BE24,Provincie Vlaams-Brabant,De Winne,108
1487,20001,BE24,Provincie Vlaams-Brabant,Gabriels,108
1487,20001,BE24,Provincie Vlaams-Brabant,Henry,108
1487,20001,BE24,Provincie Vlaams-Brabant,Hens,108
1487,20001,BE24,Provincie Vlaams-Brabant,Huyberechts,108
1487,20001,BE24,Provincie Vlaams-Brabant,Laes,108
1487,20001,BE24,Provincie Vlaams-Brabant,Moris,108
1487,20001,BE24,Provincie Vlaams-Brabant,Noppen,108
1487,20001,BE24,Provincie Vlaams-Brabant,Safi,108
1487,20001,BE24,Provincie Vlaams-Brabant,Smith,108
1487,20001,BE24,Provincie Vlaams-Brabant,Trekels,108
1487,20001,BE24,Provincie Vlaams-Brabant,Van Ingelgem,108
1487,20001,BE24,Provincie Vlaams-Brabant,Vandeborne,108
1487,20001,BE24,Provincie Vlaams-Brabant,Vandevoorde,108
1487,20001,BE24,Provincie Vlaams-Brabant,Vertessen,108
1487,20001,BE24,Provincie Vlaams-Brabant,Özdemir,108
1504,20001,BE24,Provincie Vlaams-Brabant,Ameys,107
1504,20001,BE24,Provincie Vlaams-Brabant,Bulduk,107
1504,20001,BE24,Provincie Vlaams-Brabant,Coen,107
1504,20001,BE24,Provincie Vlaams-Brabant,De Corte,107
1504,20001,BE24,Provincie Vlaams-Brabant,Dreesen,107
1504,20001,BE24,Provincie Vlaams-Brabant,Hoornaert,107
1504,20001,BE24,Provincie Vlaams-Brabant,Marin,107
1504,20001,BE24,Provincie Vlaams-Brabant,Modest,107
1504,20001,BE24,Provincie Vlaams-Brabant,Muls,107
1504,20001,BE24,Provincie Vlaams-Brabant,Proost,107
1504,20001,BE24,Provincie Vlaams-Brabant,Samyn,107
1504,20001,BE24,Provincie Vlaams-Brabant,Sellekaerts,107
1504,20001,BE24,Provincie Vlaams-Brabant,Tahri,107
1504,20001,BE24,Provincie Vlaams-Brabant,Van Den Berghe,107
1504,20001,BE24,Provincie Vlaams-Brabant,Öztürk,107
1519,20001,BE24,Provincie Vlaams-Brabant,Arslan,106
1519,20001,BE24,Provincie Vlaams-Brabant,Berghman,106
1519,20001,BE24,Provincie Vlaams-Brabant,Cnop,106
1519,20001,BE24,Provincie Vlaams-Brabant,Hubin,106
1519,20001,BE24,Provincie Vlaams-Brabant,Nauwelaerts,106
1519,20001,BE24,Provincie Vlaams-Brabant,Tavernier,106
1519,20001,BE24,Provincie Vlaams-Brabant,Uyttendaele,106
1519,20001,BE24,Provincie Vlaams-Brabant,Van Molle,106
1519,20001,BE24,Provincie Vlaams-Brabant,Vandenberghen,106
1528,20001,BE24,Provincie Vlaams-Brabant,Clerckx,105
1528,20001,BE24,Provincie Vlaams-Brabant,Cool,105
1528,20001,BE24,Provincie Vlaams-Brabant,Hamdaoui,105
1528,20001,BE24,Provincie Vlaams-Brabant,Koninckx,105
1528,20001,BE24,Provincie Vlaams-Brabant,Lecomte,105
1528,20001,BE24,Provincie Vlaams-Brabant,Ponsaerts,105
1528,20001,BE24,Provincie Vlaams-Brabant,Standaert,105
1528,20001,BE24,Provincie Vlaams-Brabant,Thapa,105
1528,20001,BE24,Provincie Vlaams-Brabant,Van Mechelen,105
1528,20001,BE24,Provincie Vlaams-Brabant,Vanbellingen,105
1528,20001,BE24,Provincie Vlaams-Brabant,Vereycken,105
1528,20001,BE24,Provincie Vlaams-Brabant,Wellemans,105
1540,20001,BE24,Provincie Vlaams-Brabant,Abbeloos,104
1540,20001,BE24,Provincie Vlaams-Brabant,Boels,104
1540,20001,BE24,Provincie Vlaams-Brabant,Buekenhout,104
1540,20001,BE24,Provincie Vlaams-Brabant,Buntinx,104
1540,20001,BE24,Provincie Vlaams-Brabant,Celen,104
1540,20001,BE24,Provincie Vlaams-Brabant,De Cort,104
1540,20001,BE24,Provincie Vlaams-Brabant,De Marie,104
1540,20001,BE24,Provincie Vlaams-Brabant,Desiron,104
1540,20001,BE24,Provincie Vlaams-Brabant,Dirickx,104
1540,20001,BE24,Provincie Vlaams-Brabant,Feys,104
1540,20001,BE24,Provincie Vlaams-Brabant,Haesen,104
1540,20001,BE24,Provincie Vlaams-Brabant,Leunens,104
1540,20001,BE24,Provincie Vlaams-Brabant,Severs,104
1540,20001,BE24,Provincie Vlaams-Brabant,Sluys,104
1540,20001,BE24,Provincie Vlaams-Brabant,Van Cauwenberge,104
1540,20001,BE24,Provincie Vlaams-Brabant,Van Tongelen,104
1540,20001,BE24,Provincie Vlaams-Brabant,Vekeman,104
1540,20001,BE24,Provincie Vlaams-Brabant,Vlasselaer,104
1558,20001,BE24,Provincie Vlaams-Brabant,Anthonis,103
1558,20001,BE24,Provincie Vlaams-Brabant,Benamar,103
1558,20001,BE24,Provincie Vlaams-Brabant,Billet,103
1558,20001,BE24,Provincie Vlaams-Brabant,Craessaerts,103
1558,20001,BE24,Provincie Vlaams-Brabant,Crombez,103
1558,20001,BE24,Provincie Vlaams-Brabant,Cuyvers,103
1558,20001,BE24,Provincie Vlaams-Brabant,De Groodt,103
1558,20001,BE24,Provincie Vlaams-Brabant,De Keersmaeker,103
1558,20001,BE24,Provincie Vlaams-Brabant,De Vlieger,103
1558,20001,BE24,Provincie Vlaams-Brabant,Debelder,103
1558,20001,BE24,Provincie Vlaams-Brabant,Donvil,103
1558,20001,BE24,Provincie Vlaams-Brabant,Haelterman,103
1558,20001,BE24,Provincie Vlaams-Brabant,Hasan,103
1558,20001,BE24,Provincie Vlaams-Brabant,Humblet,103
1558,20001,BE24,Provincie Vlaams-Brabant,Minne,103
1558,20001,BE24,Provincie Vlaams-Brabant,Rampelberg,103
1558,20001,BE24,Provincie Vlaams-Brabant,Seldeslachts,103
1558,20001,BE24,Provincie Vlaams-Brabant,Speeckaert,103
1558,20001,BE24,Provincie Vlaams-Brabant,Spitaels,103
1558,20001,BE24,Provincie Vlaams-Brabant,Tran,103
1558,20001,BE24,Provincie Vlaams-Brabant,Van Isterdael,103
1558,20001,BE24,Provincie Vlaams-Brabant,Van Thienen,103
1558,20001,BE24,Provincie Vlaams-Brabant,Vandeuren,103
1558,20001,BE24,Provincie Vlaams-Brabant,Vanham,103
1558,20001,BE24,Provincie Vlaams-Brabant,Vanluyten,103
1558,20001,BE24,Provincie Vlaams-Brabant,Winters,103
1584,20001,BE24,Provincie Vlaams-Brabant,Bakkali,102
1584,20001,BE24,Provincie Vlaams-Brabant,Beerens,102
1584,20001,BE24,Provincie Vlaams-Brabant,De Baere,102
1584,20001,BE24,Provincie Vlaams-Brabant,Debacker,102
1584,20001,BE24,Provincie Vlaams-Brabant,Driessens,102
1584,20001,BE24,Provincie Vlaams-Brabant,Gevaert,102
1584,20001,BE24,Provincie Vlaams-Brabant,Oeyen,102
1584,20001,BE24,Provincie Vlaams-Brabant,Pirard,102
1584,20001,BE24,Provincie Vlaams-Brabant,Rosseel,102
1584,20001,BE24,Provincie Vlaams-Brabant,Sergooris,102
1584,20001,BE24,Provincie Vlaams-Brabant,Van Rossum,102
1584,20001,BE24,Provincie Vlaams-Brabant,Van Steen,102
1584,20001,BE24,Provincie Vlaams-Brabant,Van der Steen,102
1584,20001,BE24,Provincie Vlaams-Brabant,Vanfraechem,102
1584,20001,BE24,Provincie Vlaams-Brabant,Wambacq,102
1584,20001,BE24,Provincie Vlaams-Brabant,Weynants,102
1600,20001,BE24,Provincie Vlaams-Brabant,Ciobanu,101
1600,20001,BE24,Provincie Vlaams-Brabant,De Rop,101
1600,20001,BE24,Provincie Vlaams-Brabant,De Volder,101
1600,20001,BE24,Provincie Vlaams-Brabant,Deschuyteneer,101
1600,20001,BE24,Provincie Vlaams-Brabant,Elskens,101
1600,20001,BE24,Provincie Vlaams-Brabant,Gavrilovici,101
1600,20001,BE24,Provincie Vlaams-Brabant,Geysen,101
1600,20001,BE24,Provincie Vlaams-Brabant,Huylebroeck,101
1600,20001,BE24,Provincie Vlaams-Brabant,Michielsen,101
1600,20001,BE24,Provincie Vlaams-Brabant,Salens,101
1600,20001,BE24,Provincie Vlaams-Brabant,Schrijvers,101
1600,20001,BE24,Provincie Vlaams-Brabant,Toelen,101
1600,20001,BE24,Provincie Vlaams-Brabant,Tuts,101
1600,20001,BE24,Provincie Vlaams-Brabant,Van De Velde,101
1600,20001,BE24,Provincie Vlaams-Brabant,Van Goolen,101
1600,20001,BE24,Provincie Vlaams-Brabant,Van Kerckhove,101
1600,20001,BE24,Provincie Vlaams-Brabant,Van Loon,101
1600,20001,BE24,Provincie Vlaams-Brabant,Van de Perre,101
1600,20001,BE24,Provincie Vlaams-Brabant,Van den Heuvel,101
1600,20001,BE24,Provincie Vlaams-Brabant,Vandiest,101
1600,20001,BE24,Provincie Vlaams-Brabant,Vissenaekens,101
1600,20001,BE24,Provincie Vlaams-Brabant,Volckaerts,101
1600,20001,BE24,Provincie Vlaams-Brabant,Waegemans,101
1623,20001,BE24,Provincie Vlaams-Brabant,Broothaerts,100
1623,20001,BE24,Provincie Vlaams-Brabant,Bruers,100
1623,20001,BE24,Provincie Vlaams-Brabant,De Bruycker,100
1623,20001,BE24,Provincie Vlaams-Brabant,De Ceuster,100
1623,20001,BE24,Provincie Vlaams-Brabant,De Meester,100
1623,20001,BE24,Provincie Vlaams-Brabant,Grootjans,100
1623,20001,BE24,Provincie Vlaams-Brabant,Heylens,100
1623,20001,BE24,Provincie Vlaams-Brabant,Lorent,100
1623,20001,BE24,Provincie Vlaams-Brabant,Van Reeth,100
1623,20001,BE24,Provincie Vlaams-Brabant,Vandenbranden,100
1623,20001,BE24,Provincie Vlaams-Brabant,Vanhemelryck,100
1623,20001,BE24,Provincie Vlaams-Brabant,Vansina,100
1623,20001,BE24,Provincie Vlaams-Brabant,Vanstraelen,100
1,30000,BE25,Provincie West-Vlaanderen,Desmet,"4,934"
2,30000,BE25,Provincie West-Vlaanderen,Maes,"4,434"
3,30000,BE25,Provincie West-Vlaanderen,Claeys,"3,880"
4,30000,BE25,Provincie West-Vlaanderen,Devos,"3,812"
5,30000,BE25,Provincie West-Vlaanderen,Verstraete,"3,472"
6,30000,BE25,Provincie West-Vlaanderen,Declercq,"3,346"
6,30000,BE25,Provincie West-Vlaanderen,Vandenberghe,"3,346"
8,30000,BE25,Provincie West-Vlaanderen,Verhaeghe,"3,174"
9,30000,BE25,Provincie West-Vlaanderen,Vermeersch,"2,942"
10,30000,BE25,Provincie West-Vlaanderen,Vanneste,"2,784"
11,30000,BE25,Provincie West-Vlaanderen,Verbeke,"2,766"
12,30000,BE25,Provincie West-Vlaanderen,Vermeulen,"2,750"
13,30000,BE25,Provincie West-Vlaanderen,Vandamme,"2,657"
14,30000,BE25,Provincie West-Vlaanderen,Declerck,"2,432"
15,30000,BE25,Provincie West-Vlaanderen,Callens,"2,350"
16,30000,BE25,Provincie West-Vlaanderen,Vandewalle,"2,333"
16,30000,BE25,Provincie West-Vlaanderen,Vanhoutte,"2,333"
18,30000,BE25,Provincie West-Vlaanderen,Dewulf,"2,279"
19,30000,BE25,Provincie West-Vlaanderen,Baert,"2,200"
20,30000,BE25,Provincie West-Vlaanderen,Vercruysse,"2,195"
21,30000,BE25,Provincie West-Vlaanderen,Vandenbroucke,"2,146"
22,30000,BE25,Provincie West-Vlaanderen,Maertens,"2,091"
23,30000,BE25,Provincie West-Vlaanderen,Vandenbussche,"2,078"
24,30000,BE25,Provincie West-Vlaanderen,Deprez,"2,057"
25,30000,BE25,Provincie West-Vlaanderen,Vandendriessche,"1,965"
26,30000,BE25,Provincie West-Vlaanderen,Callewaert,"1,916"
27,30000,BE25,Provincie West-Vlaanderen,Vandaele,"1,912"
28,30000,BE25,Provincie West-Vlaanderen,Debruyne,"1,843"
29,30000,BE25,Provincie West-Vlaanderen,Goethals,"1,802"
30,30000,BE25,Provincie West-Vlaanderen,Vansteenkiste,"1,739"
31,30000,BE25,Provincie West-Vlaanderen,Janssens,"1,722"
32,30000,BE25,Provincie West-Vlaanderen,Jonckheere,"1,704"
33,30000,BE25,Provincie West-Vlaanderen,Vandeputte,"1,696"
34,30000,BE25,Provincie West-Vlaanderen,Vandekerckhove,"1,687"
35,30000,BE25,Provincie West-Vlaanderen,Dewaele,"1,674"
36,30000,BE25,Provincie West-Vlaanderen,Tanghe,"1,668"
37,30000,BE25,Provincie West-Vlaanderen,Pattyn,"1,645"
38,30000,BE25,Provincie West-Vlaanderen,Vandecasteele,"1,633"
39,30000,BE25,Provincie West-Vlaanderen,Decock,"1,602"
40,30000,BE25,Provincie West-Vlaanderen,Verhelst,"1,600"
41,30000,BE25,Provincie West-Vlaanderen,Pauwels,"1,571"
42,30000,BE25,Provincie West-Vlaanderen,Christiaens,"1,537"
43,30000,BE25,Provincie West-Vlaanderen,Viaene,"1,532"
44,30000,BE25,Provincie West-Vlaanderen,Blomme,"1,524"
45,30000,BE25,Provincie West-Vlaanderen,Casier,"1,484"
46,30000,BE25,Provincie West-Vlaanderen,Degryse,"1,482"
47,30000,BE25,Provincie West-Vlaanderen,Huyghe,"1,479"
48,30000,BE25,Provincie West-Vlaanderen,Bonte,"1,472"
49,30000,BE25,Provincie West-Vlaanderen,Rosseel,"1,459"
50,30000,BE25,Provincie West-Vlaanderen,De Smet,"1,448"
51,30000,BE25,Provincie West-Vlaanderen,Samyn,"1,441"
52,30000,BE25,Provincie West-Vlaanderen,Vanhee,"1,438"
53,30000,BE25,Provincie West-Vlaanderen,Demuynck,"1,429"
54,30000,BE25,Provincie West-Vlaanderen,Sabbe,"1,422"
55,30000,BE25,Provincie West-Vlaanderen,Parmentier,"1,399"
56,30000,BE25,Provincie West-Vlaanderen,Delaere,"1,389"
57,30000,BE25,Provincie West-Vlaanderen,Feys,"1,386"
58,30000,BE25,Provincie West-Vlaanderen,Deceuninck,"1,385"
59,30000,BE25,Provincie West-Vlaanderen,Depoorter,"1,365"
59,30000,BE25,Provincie West-Vlaanderen,Mahieu,"1,365"
61,30000,BE25,Provincie West-Vlaanderen,Bogaert,"1,362"
62,30000,BE25,Provincie West-Vlaanderen,Demeyere,"1,357"
63,30000,BE25,Provincie West-Vlaanderen,Roose,"1,351"
64,30000,BE25,Provincie West-Vlaanderen,Denys,"1,329"
65,30000,BE25,Provincie West-Vlaanderen,Bossuyt,"1,318"
66,30000,BE25,Provincie West-Vlaanderen,Knockaert,"1,311"
67,30000,BE25,Provincie West-Vlaanderen,Verfaillie,"1,309"
68,30000,BE25,Provincie West-Vlaanderen,Lambrecht,"1,294"
69,30000,BE25,Provincie West-Vlaanderen,Bekaert,"1,290"
70,30000,BE25,Provincie West-Vlaanderen,Bruneel,"1,258"
71,30000,BE25,Provincie West-Vlaanderen,Mestdagh,"1,247"
72,30000,BE25,Provincie West-Vlaanderen,Depuydt,"1,242"
73,30000,BE25,Provincie West-Vlaanderen,Willems,"1,238"
74,30000,BE25,Provincie West-Vlaanderen,Dejonghe,"1,230"
75,30000,BE25,Provincie West-Vlaanderen,Desmedt,"1,228"
76,30000,BE25,Provincie West-Vlaanderen,Naessens,"1,222"
77,30000,BE25,Provincie West-Vlaanderen,Demeulenaere,"1,221"
78,30000,BE25,Provincie West-Vlaanderen,Dewitte,"1,213"
79,30000,BE25,Provincie West-Vlaanderen,Vervaeke,"1,191"
80,30000,BE25,Provincie West-Vlaanderen,Mortier,"1,181"
81,30000,BE25,Provincie West-Vlaanderen,Holvoet,"1,170"
82,30000,BE25,Provincie West-Vlaanderen,Staelens,"1,169"
83,30000,BE25,Provincie West-Vlaanderen,Beernaert,"1,165"
84,30000,BE25,Provincie West-Vlaanderen,Verbrugghe,"1,151"
85,30000,BE25,Provincie West-Vlaanderen,Moerman,"1,141"
86,30000,BE25,Provincie West-Vlaanderen,Deleu,"1,139"
87,30000,BE25,Provincie West-Vlaanderen,Buyse,"1,127"
88,30000,BE25,Provincie West-Vlaanderen,Van Damme,"1,114"
89,30000,BE25,Provincie West-Vlaanderen,Devolder,"1,104"
90,30000,BE25,Provincie West-Vlaanderen,Vanhove,"1,101"
91,30000,BE25,Provincie West-Vlaanderen,Devriendt,"1,096"
92,30000,BE25,Provincie West-Vlaanderen,Vandevelde,"1,088"
93,30000,BE25,Provincie West-Vlaanderen,Deconinck,"1,080"
94,30000,BE25,Provincie West-Vlaanderen,Naert,"1,077"
95,30000,BE25,Provincie West-Vlaanderen,Tack,"1,073"
96,30000,BE25,Provincie West-Vlaanderen,Hoste,"1,067"
97,30000,BE25,Provincie West-Vlaanderen,De Groote,"1,066"
98,30000,BE25,Provincie West-Vlaanderen,Deman,"1,061"
99,30000,BE25,Provincie West-Vlaanderen,Seynaeve,"1,059"
100,30000,BE25,Provincie West-Vlaanderen,Vandenbulcke,"1,056"
101,30000,BE25,Provincie West-Vlaanderen,Werbrouck,"1,036"
102,30000,BE25,Provincie West-Vlaanderen,De Clercq,"1,028"
103,30000,BE25,Provincie West-Vlaanderen,Willaert,"1,027"
104,30000,BE25,Provincie West-Vlaanderen,Vanlerberghe,"1,020"
105,30000,BE25,Provincie West-Vlaanderen,Bouckaert,"1,017"
106,30000,BE25,Provincie West-Vlaanderen,Vergote,"1,009"
107,30000,BE25,Provincie West-Vlaanderen,Degroote,998
107,30000,BE25,Provincie West-Vlaanderen,Pollet,998
109,30000,BE25,Provincie West-Vlaanderen,Derycke,995
110,30000,BE25,Provincie West-Vlaanderen,Martens,990
111,30000,BE25,Provincie West-Vlaanderen,Reynaert,989
112,30000,BE25,Provincie West-Vlaanderen,Seys,988
113,30000,BE25,Provincie West-Vlaanderen,Claerhout,982
113,30000,BE25,Provincie West-Vlaanderen,David,982
115,30000,BE25,Provincie West-Vlaanderen,Soenen,967
116,30000,BE25,Provincie West-Vlaanderen,Vancoillie,963
117,30000,BE25,Provincie West-Vlaanderen,Vanacker,960
118,30000,BE25,Provincie West-Vlaanderen,Verlinde,954
119,30000,BE25,Provincie West-Vlaanderen,Malfait,944
120,30000,BE25,Provincie West-Vlaanderen,Gevaert,940
121,30000,BE25,Provincie West-Vlaanderen,Demeulemeester,939
122,30000,BE25,Provincie West-Vlaanderen,Snauwaert,936
123,30000,BE25,Provincie West-Vlaanderen,Raes,917
124,30000,BE25,Provincie West-Vlaanderen,De Vos,916
125,30000,BE25,Provincie West-Vlaanderen,Casteleyn,914
126,30000,BE25,Provincie West-Vlaanderen,D'hondt,903
127,30000,BE25,Provincie West-Vlaanderen,Geldhof,902
128,30000,BE25,Provincie West-Vlaanderen,Goemaere,901
128,30000,BE25,Provincie West-Vlaanderen,Verhulst,901
130,30000,BE25,Provincie West-Vlaanderen,Pieters,899
131,30000,BE25,Provincie West-Vlaanderen,Vuylsteke,898
132,30000,BE25,Provincie West-Vlaanderen,Windels,896
133,30000,BE25,Provincie West-Vlaanderen,Coopman,889
133,30000,BE25,Provincie West-Vlaanderen,Van Acker,889
135,30000,BE25,Provincie West-Vlaanderen,Herman,881
136,30000,BE25,Provincie West-Vlaanderen,Lannoo,878
137,30000,BE25,Provincie West-Vlaanderen,Vanhaverbeke,868
138,30000,BE25,Provincie West-Vlaanderen,Vantomme,858
139,30000,BE25,Provincie West-Vlaanderen,Timmerman,856
140,30000,BE25,Provincie West-Vlaanderen,Dobbelaere,852
141,30000,BE25,Provincie West-Vlaanderen,Verschaeve,851
142,30000,BE25,Provincie West-Vlaanderen,Coppens,849
143,30000,BE25,Provincie West-Vlaanderen,Soete,846
144,30000,BE25,Provincie West-Vlaanderen,De Clerck,841
144,30000,BE25,Provincie West-Vlaanderen,Lambert,841
144,30000,BE25,Provincie West-Vlaanderen,Lievens,841
147,30000,BE25,Provincie West-Vlaanderen,Saelens,840
148,30000,BE25,Provincie West-Vlaanderen,Vangheluwe,839
149,30000,BE25,Provincie West-Vlaanderen,Dupont,838
149,30000,BE25,Provincie West-Vlaanderen,Van Daele,838
151,30000,BE25,Provincie West-Vlaanderen,Deroo,835
152,30000,BE25,Provincie West-Vlaanderen,Boone,834
153,30000,BE25,Provincie West-Vlaanderen,Dewilde,833
154,30000,BE25,Provincie West-Vlaanderen,Cools,830
155,30000,BE25,Provincie West-Vlaanderen,Dejonckheere,820
156,30000,BE25,Provincie West-Vlaanderen,De Bruyne,817
157,30000,BE25,Provincie West-Vlaanderen,Valcke,816
158,30000,BE25,Provincie West-Vlaanderen,Verplancke,815
159,30000,BE25,Provincie West-Vlaanderen,Vandenabeele,813
160,30000,BE25,Provincie West-Vlaanderen,Noppe,810
161,30000,BE25,Provincie West-Vlaanderen,Cappelle,807
162,30000,BE25,Provincie West-Vlaanderen,Decorte,806
162,30000,BE25,Provincie West-Vlaanderen,Descamps,806
164,30000,BE25,Provincie West-Vlaanderen,Vereecke,800
165,30000,BE25,Provincie West-Vlaanderen,Degraeve,796
166,30000,BE25,Provincie West-Vlaanderen,Dhondt,795
167,30000,BE25,Provincie West-Vlaanderen,Degrande,792
167,30000,BE25,Provincie West-Vlaanderen,Six,792
167,30000,BE25,Provincie West-Vlaanderen,Vanwynsberghe,792
170,30000,BE25,Provincie West-Vlaanderen,Depoortere,791
171,30000,BE25,Provincie West-Vlaanderen,Jacobs,790
172,30000,BE25,Provincie West-Vlaanderen,Simoens,782
173,30000,BE25,Provincie West-Vlaanderen,Provoost,780
174,30000,BE25,Provincie West-Vlaanderen,Kasmi,779
175,30000,BE25,Provincie West-Vlaanderen,De Backer,778
176,30000,BE25,Provincie West-Vlaanderen,Hoornaert,777
177,30000,BE25,Provincie West-Vlaanderen,Eeckhout,769
178,30000,BE25,Provincie West-Vlaanderen,Huys,767
179,30000,BE25,Provincie West-Vlaanderen,Coucke,765
180,30000,BE25,Provincie West-Vlaanderen,Neirynck,762
181,30000,BE25,Provincie West-Vlaanderen,Vandoorne,761
182,30000,BE25,Provincie West-Vlaanderen,Bauwens,760
182,30000,BE25,Provincie West-Vlaanderen,Crombez,760
184,30000,BE25,Provincie West-Vlaanderen,Sanders,753
185,30000,BE25,Provincie West-Vlaanderen,Logghe,752
186,30000,BE25,Provincie West-Vlaanderen,Vermote,751
187,30000,BE25,Provincie West-Vlaanderen,Clarysse,750
187,30000,BE25,Provincie West-Vlaanderen,Vermeire,750
189,30000,BE25,Provincie West-Vlaanderen,Vandewiele,739
190,30000,BE25,Provincie West-Vlaanderen,Vanhooren,736
191,30000,BE25,Provincie West-Vlaanderen,Demeyer,734
192,30000,BE25,Provincie West-Vlaanderen,Demey,730
193,30000,BE25,Provincie West-Vlaanderen,Ameye,726
193,30000,BE25,Provincie West-Vlaanderen,Coene,726
195,30000,BE25,Provincie West-Vlaanderen,Blondeel,725
195,30000,BE25,Provincie West-Vlaanderen,De Cock,725
197,30000,BE25,Provincie West-Vlaanderen,Decoster,722
198,30000,BE25,Provincie West-Vlaanderen,Debusschere,719
199,30000,BE25,Provincie West-Vlaanderen,Vandorpe,715
200,30000,BE25,Provincie West-Vlaanderen,Devriese,712
201,30000,BE25,Provincie West-Vlaanderen,Goossens,710
201,30000,BE25,Provincie West-Vlaanderen,Lauwers,710
201,30000,BE25,Provincie West-Vlaanderen,Stevens,710
204,30000,BE25,Provincie West-Vlaanderen,Duyck,707
204,30000,BE25,Provincie West-Vlaanderen,Strubbe,707
206,30000,BE25,Provincie West-Vlaanderen,Tytgat,705
207,30000,BE25,Provincie West-Vlaanderen,Himpe,697
208,30000,BE25,Provincie West-Vlaanderen,Lefevere,688
209,30000,BE25,Provincie West-Vlaanderen,Dujardin,685
210,30000,BE25,Provincie West-Vlaanderen,Dekeyser,683
211,30000,BE25,Provincie West-Vlaanderen,Velghe,680
212,30000,BE25,Provincie West-Vlaanderen,Vandevoorde,679
213,30000,BE25,Provincie West-Vlaanderen,Roelens,675
214,30000,BE25,Provincie West-Vlaanderen,De Witte,670
214,30000,BE25,Provincie West-Vlaanderen,Denolf,670
214,30000,BE25,Provincie West-Vlaanderen,Stragier,670
217,30000,BE25,Provincie West-Vlaanderen,Decoene,668
218,30000,BE25,Provincie West-Vlaanderen,Sinnaeve,667
219,30000,BE25,Provincie West-Vlaanderen,Roels,661
220,30000,BE25,Provincie West-Vlaanderen,Vanhecke,660
221,30000,BE25,Provincie West-Vlaanderen,Billiet,657
222,30000,BE25,Provincie West-Vlaanderen,Verschuere,656
223,30000,BE25,Provincie West-Vlaanderen,Verdonck,655
224,30000,BE25,Provincie West-Vlaanderen,Kesteloot,652
225,30000,BE25,Provincie West-Vlaanderen,Vanthournout,650
226,30000,BE25,Provincie West-Vlaanderen,Bruyneel,647
226,30000,BE25,Provincie West-Vlaanderen,Landuyt,647
226,30000,BE25,Provincie West-Vlaanderen,Matthys,647
229,30000,BE25,Provincie West-Vlaanderen,De Meyer,645
230,30000,BE25,Provincie West-Vlaanderen,Hollevoet,643
231,30000,BE25,Provincie West-Vlaanderen,Kindt,639
231,30000,BE25,Provincie West-Vlaanderen,Vroman,639
233,30000,BE25,Provincie West-Vlaanderen,Dubois,633
233,30000,BE25,Provincie West-Vlaanderen,Eggermont,633
233,30000,BE25,Provincie West-Vlaanderen,Popelier,633
236,30000,BE25,Provincie West-Vlaanderen,D'Hondt,632
237,30000,BE25,Provincie West-Vlaanderen,Catteeuw,631
237,30000,BE25,Provincie West-Vlaanderen,Verhelle,631
239,30000,BE25,Provincie West-Vlaanderen,Maenhout,628
239,30000,BE25,Provincie West-Vlaanderen,Messiaen,628
241,30000,BE25,Provincie West-Vlaanderen,Peeters,627
242,30000,BE25,Provincie West-Vlaanderen,Maene,620
242,30000,BE25,Provincie West-Vlaanderen,Verheye,620
244,30000,BE25,Provincie West-Vlaanderen,Delrue,619
245,30000,BE25,Provincie West-Vlaanderen,Vandenbogaerde,616
246,30000,BE25,Provincie West-Vlaanderen,Muylle,615
247,30000,BE25,Provincie West-Vlaanderen,Danneels,612
248,30000,BE25,Provincie West-Vlaanderen,De Coninck,610
248,30000,BE25,Provincie West-Vlaanderen,Neyrinck,610
250,30000,BE25,Provincie West-Vlaanderen,Galle,609
251,30000,BE25,Provincie West-Vlaanderen,Lefebvre,606
252,30000,BE25,Provincie West-Vlaanderen,Balcaen,605
253,30000,BE25,Provincie West-Vlaanderen,Cloet,604
254,30000,BE25,Provincie West-Vlaanderen,Wyffels,603
255,30000,BE25,Provincie West-Vlaanderen,Debaere,596
256,30000,BE25,Provincie West-Vlaanderen,De Waele,593
257,30000,BE25,Provincie West-Vlaanderen,Depraetere,589
258,30000,BE25,Provincie West-Vlaanderen,D'haene,586
259,30000,BE25,Provincie West-Vlaanderen,Colpaert,580
260,30000,BE25,Provincie West-Vlaanderen,Persyn,579
261,30000,BE25,Provincie West-Vlaanderen,Vlaeminck,577
262,30000,BE25,Provincie West-Vlaanderen,Decloedt,576
263,30000,BE25,Provincie West-Vlaanderen,Deblauwe,575
263,30000,BE25,Provincie West-Vlaanderen,Nuyttens,575
265,30000,BE25,Provincie West-Vlaanderen,Demets,573
266,30000,BE25,Provincie West-Vlaanderen,Allemeersch,571
266,30000,BE25,Provincie West-Vlaanderen,Cuvelier,571
266,30000,BE25,Provincie West-Vlaanderen,Lamote,571
269,30000,BE25,Provincie West-Vlaanderen,Vandepitte,569
269,30000,BE25,Provincie West-Vlaanderen,Vandierendonck,569
271,30000,BE25,Provincie West-Vlaanderen,Gryson,567
272,30000,BE25,Provincie West-Vlaanderen,Claus,564
272,30000,BE25,Provincie West-Vlaanderen,Lecluyse,564
272,30000,BE25,Provincie West-Vlaanderen,Priem,564
275,30000,BE25,Provincie West-Vlaanderen,Vandenheede,562
276,30000,BE25,Provincie West-Vlaanderen,Buyck,561
277,30000,BE25,Provincie West-Vlaanderen,De Jonghe,560
278,30000,BE25,Provincie West-Vlaanderen,Ghekiere,559
279,30000,BE25,Provincie West-Vlaanderen,Singh,558
280,30000,BE25,Provincie West-Vlaanderen,Coussement,557
281,30000,BE25,Provincie West-Vlaanderen,Castelein,554
282,30000,BE25,Provincie West-Vlaanderen,Vanden Berghe,553
283,30000,BE25,Provincie West-Vlaanderen,De Grande,552
284,30000,BE25,Provincie West-Vlaanderen,Everaert,550
284,30000,BE25,Provincie West-Vlaanderen,Libbrecht,550
286,30000,BE25,Provincie West-Vlaanderen,Rotsaert,548
287,30000,BE25,Provincie West-Vlaanderen,Nollet,547
288,30000,BE25,Provincie West-Vlaanderen,Minne,546
289,30000,BE25,Provincie West-Vlaanderen,Vanderhaeghe,545
290,30000,BE25,Provincie West-Vlaanderen,Lagae,544
291,30000,BE25,Provincie West-Vlaanderen,Cool,541
292,30000,BE25,Provincie West-Vlaanderen,Michiels,539
293,30000,BE25,Provincie West-Vlaanderen,Soetaert,538
293,30000,BE25,Provincie West-Vlaanderen,Van Maele,538
295,30000,BE25,Provincie West-Vlaanderen,Vanhauwaert,537
296,30000,BE25,Provincie West-Vlaanderen,Dumortier,536
297,30000,BE25,Provincie West-Vlaanderen,Allaert,535
297,30000,BE25,Provincie West-Vlaanderen,Bruggeman,535
297,30000,BE25,Provincie West-Vlaanderen,Carlier,535
300,30000,BE25,Provincie West-Vlaanderen,Braem,534
301,30000,BE25,Provincie West-Vlaanderen,Van de Velde,533
302,30000,BE25,Provincie West-Vlaanderen,Brouckaert,530
302,30000,BE25,Provincie West-Vlaanderen,Leroy,530
304,30000,BE25,Provincie West-Vlaanderen,Blanckaert,529
305,30000,BE25,Provincie West-Vlaanderen,Cornelis,528
305,30000,BE25,Provincie West-Vlaanderen,Verscheure,528
307,30000,BE25,Provincie West-Vlaanderen,De Graeve,527
307,30000,BE25,Provincie West-Vlaanderen,Deryckere,527
309,30000,BE25,Provincie West-Vlaanderen,Demeester,525
309,30000,BE25,Provincie West-Vlaanderen,Huyghebaert,525
311,30000,BE25,Provincie West-Vlaanderen,Vandemaele,522
312,30000,BE25,Provincie West-Vlaanderen,Delanghe,521
312,30000,BE25,Provincie West-Vlaanderen,Spriet,521
314,30000,BE25,Provincie West-Vlaanderen,Huysentruyt,520
315,30000,BE25,Provincie West-Vlaanderen,De Baets,518
316,30000,BE25,Provincie West-Vlaanderen,Lefevre,516
316,30000,BE25,Provincie West-Vlaanderen,Vanassche,516
318,30000,BE25,Provincie West-Vlaanderen,Vanwalleghem,514
319,30000,BE25,Provincie West-Vlaanderen,De Wulf,513
319,30000,BE25,Provincie West-Vlaanderen,Vantieghem,513
321,30000,BE25,Provincie West-Vlaanderen,Terryn,512
321,30000,BE25,Provincie West-Vlaanderen,Vandromme,512
323,30000,BE25,Provincie West-Vlaanderen,Mouton,508
324,30000,BE25,Provincie West-Vlaanderen,Van Hulle,507
325,30000,BE25,Provincie West-Vlaanderen,Dumon,506
326,30000,BE25,Provincie West-Vlaanderen,Vankeirsbilck,505
327,30000,BE25,Provincie West-Vlaanderen,Vandermeersch,504
328,30000,BE25,Provincie West-Vlaanderen,Soenens,503
329,30000,BE25,Provincie West-Vlaanderen,Vandevyvere,502
329,30000,BE25,Provincie West-Vlaanderen,Vanhaecke,502
331,30000,BE25,Provincie West-Vlaanderen,Storme,501
332,30000,BE25,Provincie West-Vlaanderen,Segers,500
333,30000,BE25,Provincie West-Vlaanderen,Deschacht,498
333,30000,BE25,Provincie West-Vlaanderen,Durnez,498
335,30000,BE25,Provincie West-Vlaanderen,Bolle,495
336,30000,BE25,Provincie West-Vlaanderen,Moeyaert,494
337,30000,BE25,Provincie West-Vlaanderen,Geldof,493
338,30000,BE25,Provincie West-Vlaanderen,Ampe,492
338,30000,BE25,Provincie West-Vlaanderen,Devoldere,492
338,30000,BE25,Provincie West-Vlaanderen,Masschelein,492
341,30000,BE25,Provincie West-Vlaanderen,Vandekerkhove,491
342,30000,BE25,Provincie West-Vlaanderen,Debrabandere,488
342,30000,BE25,Provincie West-Vlaanderen,Kimpe,488
342,30000,BE25,Provincie West-Vlaanderen,Verleye,488
345,30000,BE25,Provincie West-Vlaanderen,Goderis,487
345,30000,BE25,Provincie West-Vlaanderen,Puype,487
345,30000,BE25,Provincie West-Vlaanderen,Vlieghe,487
348,30000,BE25,Provincie West-Vlaanderen,Naeyaert,486
348,30000,BE25,Provincie West-Vlaanderen,Vanoverbeke,486
350,30000,BE25,Provincie West-Vlaanderen,Verbrugge,484
351,30000,BE25,Provincie West-Vlaanderen,Mylle,483
352,30000,BE25,Provincie West-Vlaanderen,De Roo,481
352,30000,BE25,Provincie West-Vlaanderen,Gunst,481
352,30000,BE25,Provincie West-Vlaanderen,Van Belle,481
355,30000,BE25,Provincie West-Vlaanderen,Van Hecke,479
356,30000,BE25,Provincie West-Vlaanderen,Andries,478
356,30000,BE25,Provincie West-Vlaanderen,Verduyn,478
358,30000,BE25,Provincie West-Vlaanderen,Ketels,477
358,30000,BE25,Provincie West-Vlaanderen,Wouters,477
360,30000,BE25,Provincie West-Vlaanderen,Deblaere,475
361,30000,BE25,Provincie West-Vlaanderen,Defever,473
361,30000,BE25,Provincie West-Vlaanderen,Taillieu,473
363,30000,BE25,Provincie West-Vlaanderen,Taveirne,472
364,30000,BE25,Provincie West-Vlaanderen,Bulcke,469
364,30000,BE25,Provincie West-Vlaanderen,Mertens,469
366,30000,BE25,Provincie West-Vlaanderen,Vanmarcke,467
367,30000,BE25,Provincie West-Vlaanderen,Goeminne,465
367,30000,BE25,Provincie West-Vlaanderen,Vanpoucke,465
369,30000,BE25,Provincie West-Vlaanderen,Vannieuwenhuyse,464
370,30000,BE25,Provincie West-Vlaanderen,Lesage,463
370,30000,BE25,Provincie West-Vlaanderen,Steyaert,463
372,30000,BE25,Provincie West-Vlaanderen,Delbeke,462
373,30000,BE25,Provincie West-Vlaanderen,Van Parys,461
374,30000,BE25,Provincie West-Vlaanderen,Adam,457
374,30000,BE25,Provincie West-Vlaanderen,Decuypere,457
376,30000,BE25,Provincie West-Vlaanderen,Van Poucke,456
377,30000,BE25,Provincie West-Vlaanderen,Glorieux,455
377,30000,BE25,Provincie West-Vlaanderen,Platteeuw,455
379,30000,BE25,Provincie West-Vlaanderen,Debeuf,454
379,30000,BE25,Provincie West-Vlaanderen,Lemahieu,454
379,30000,BE25,Provincie West-Vlaanderen,Ostyn,454
379,30000,BE25,Provincie West-Vlaanderen,Rogiers,454
383,30000,BE25,Provincie West-Vlaanderen,Steen,452
383,30000,BE25,Provincie West-Vlaanderen,Volckaert,452
385,30000,BE25,Provincie West-Vlaanderen,Debacker,451
386,30000,BE25,Provincie West-Vlaanderen,Dierickx,449
386,30000,BE25,Provincie West-Vlaanderen,Vierstraete,449
386,30000,BE25,Provincie West-Vlaanderen,Waelkens,449
389,30000,BE25,Provincie West-Vlaanderen,Lingier,448
389,30000,BE25,Provincie West-Vlaanderen,Verhamme,448
391,30000,BE25,Provincie West-Vlaanderen,Algoet,446
392,30000,BE25,Provincie West-Vlaanderen,Carpentier,443
393,30000,BE25,Provincie West-Vlaanderen,Veys,442
394,30000,BE25,Provincie West-Vlaanderen,Van Belleghem,441
395,30000,BE25,Provincie West-Vlaanderen,Baekelandt,440
395,30000,BE25,Provincie West-Vlaanderen,Nuytten,440
397,30000,BE25,Provincie West-Vlaanderen,Ramon,438
397,30000,BE25,Provincie West-Vlaanderen,Santy,438
399,30000,BE25,Provincie West-Vlaanderen,Hanssens,435
399,30000,BE25,Provincie West-Vlaanderen,Willem,435
401,30000,BE25,Provincie West-Vlaanderen,Bruynooghe,434
402,30000,BE25,Provincie West-Vlaanderen,Loncke,431
402,30000,BE25,Provincie West-Vlaanderen,Vanhulle,431
404,30000,BE25,Provincie West-Vlaanderen,Tavernier,429
404,30000,BE25,Provincie West-Vlaanderen,Vanryckeghem,429
404,30000,BE25,Provincie West-Vlaanderen,Verkest,429
407,30000,BE25,Provincie West-Vlaanderen,Ide,428
407,30000,BE25,Provincie West-Vlaanderen,Planckaert,428
407,30000,BE25,Provincie West-Vlaanderen,Vanbelle,428
410,30000,BE25,Provincie West-Vlaanderen,Cornette,427
410,30000,BE25,Provincie West-Vlaanderen,Vyncke,427
412,30000,BE25,Provincie West-Vlaanderen,Desloovere,425
412,30000,BE25,Provincie West-Vlaanderen,Joye,425
412,30000,BE25,Provincie West-Vlaanderen,Vanackere,425
415,30000,BE25,Provincie West-Vlaanderen,Bostoen,424
415,30000,BE25,Provincie West-Vlaanderen,Seynhaeve,424
415,30000,BE25,Provincie West-Vlaanderen,Vervaecke,424
418,30000,BE25,Provincie West-Vlaanderen,Monteyne,423
419,30000,BE25,Provincie West-Vlaanderen,Lagrou,421
420,30000,BE25,Provincie West-Vlaanderen,Soens,420
420,30000,BE25,Provincie West-Vlaanderen,Vanoverschelde,420
422,30000,BE25,Provincie West-Vlaanderen,Fonteyne,419
423,30000,BE25,Provincie West-Vlaanderen,Diallo,418
423,30000,BE25,Provincie West-Vlaanderen,Dumarey,418
423,30000,BE25,Provincie West-Vlaanderen,Platteau,418
426,30000,BE25,Provincie West-Vlaanderen,Herreman,417
426,30000,BE25,Provincie West-Vlaanderen,Termote,417
426,30000,BE25,Provincie West-Vlaanderen,Wittevrongel,417
429,30000,BE25,Provincie West-Vlaanderen,Benoit,416
430,30000,BE25,Provincie West-Vlaanderen,Vande Walle,415
431,30000,BE25,Provincie West-Vlaanderen,Lanckriet,414
431,30000,BE25,Provincie West-Vlaanderen,Safi,414
431,30000,BE25,Provincie West-Vlaanderen,Van de Walle,414
434,30000,BE25,Provincie West-Vlaanderen,Moyaert,413
435,30000,BE25,Provincie West-Vlaanderen,Lippens,412
436,30000,BE25,Provincie West-Vlaanderen,Opsomer,411
437,30000,BE25,Provincie West-Vlaanderen,Lammens,410
438,30000,BE25,Provincie West-Vlaanderen,Doom,408
439,30000,BE25,Provincie West-Vlaanderen,De Craemer,406
439,30000,BE25,Provincie West-Vlaanderen,Vincke,406
441,30000,BE25,Provincie West-Vlaanderen,Cardoen,404
442,30000,BE25,Provincie West-Vlaanderen,Defour,401
442,30000,BE25,Provincie West-Vlaanderen,Vansevenant,401
442,30000,BE25,Provincie West-Vlaanderen,Vermaut,401
445,30000,BE25,Provincie West-Vlaanderen,Decroix,400
445,30000,BE25,Provincie West-Vlaanderen,Vandemoortele,400
447,30000,BE25,Provincie West-Vlaanderen,Boudry,398
447,30000,BE25,Provincie West-Vlaanderen,De Meester,398
449,30000,BE25,Provincie West-Vlaanderen,Bostyn,397
450,30000,BE25,Provincie West-Vlaanderen,De Muynck,395
451,30000,BE25,Provincie West-Vlaanderen,Carton,394
451,30000,BE25,Provincie West-Vlaanderen,Corneillie,394
451,30000,BE25,Provincie West-Vlaanderen,Strobbe,394
454,30000,BE25,Provincie West-Vlaanderen,Ghesquière,392
454,30000,BE25,Provincie West-Vlaanderen,Vancompernolle,392
454,30000,BE25,Provincie West-Vlaanderen,Ver Eecke,392
457,30000,BE25,Provincie West-Vlaanderen,Taelman,391
458,30000,BE25,Provincie West-Vlaanderen,Marchand,390
458,30000,BE25,Provincie West-Vlaanderen,Schotte,390
460,30000,BE25,Provincie West-Vlaanderen,Anseeuw,388
460,30000,BE25,Provincie West-Vlaanderen,Decaestecker,388
460,30000,BE25,Provincie West-Vlaanderen,Depaepe,388
460,30000,BE25,Provincie West-Vlaanderen,Deschepper,388
460,30000,BE25,Provincie West-Vlaanderen,Sys,388
465,30000,BE25,Provincie West-Vlaanderen,Bonny,387
465,30000,BE25,Provincie West-Vlaanderen,Desender,387
465,30000,BE25,Provincie West-Vlaanderen,Hoorelbeke,387
468,30000,BE25,Provincie West-Vlaanderen,Vanthuyne,386
469,30000,BE25,Provincie West-Vlaanderen,Grymonprez,385
469,30000,BE25,Provincie West-Vlaanderen,Wybo,385
471,30000,BE25,Provincie West-Vlaanderen,Vanparys,384
472,30000,BE25,Provincie West-Vlaanderen,Van Loo,383
473,30000,BE25,Provincie West-Vlaanderen,Martin,382
473,30000,BE25,Provincie West-Vlaanderen,Meuleman,382
473,30000,BE25,Provincie West-Vlaanderen,Segaert,382
476,30000,BE25,Provincie West-Vlaanderen,Allegaert,381
476,30000,BE25,Provincie West-Vlaanderen,Deketelaere,381
476,30000,BE25,Provincie West-Vlaanderen,Gouwy,381
479,30000,BE25,Provincie West-Vlaanderen,Beuselinck,380
479,30000,BE25,Provincie West-Vlaanderen,Deloof,380
481,30000,BE25,Provincie West-Vlaanderen,De Cuyper,379
481,30000,BE25,Provincie West-Vlaanderen,Geeraert,379
481,30000,BE25,Provincie West-Vlaanderen,Olivier,379
484,30000,BE25,Provincie West-Vlaanderen,Gadeyne,378
484,30000,BE25,Provincie West-Vlaanderen,Missiaen,378
486,30000,BE25,Provincie West-Vlaanderen,Nys,377
486,30000,BE25,Provincie West-Vlaanderen,Proot,377
486,30000,BE25,Provincie West-Vlaanderen,Vanderbeke,377
489,30000,BE25,Provincie West-Vlaanderen,Quartier,376
489,30000,BE25,Provincie West-Vlaanderen,Vanhollebeke,376
489,30000,BE25,Provincie West-Vlaanderen,Vantorre,376
492,30000,BE25,Provincie West-Vlaanderen,Couvreur,375
492,30000,BE25,Provincie West-Vlaanderen,De Pauw,375
492,30000,BE25,Provincie West-Vlaanderen,Van Nieuwenhuyse,375
495,30000,BE25,Provincie West-Vlaanderen,Dobbels,374
495,30000,BE25,Provincie West-Vlaanderen,Inghelbrecht,374
495,30000,BE25,Provincie West-Vlaanderen,Lootens,374
495,30000,BE25,Provincie West-Vlaanderen,Putman,374
495,30000,BE25,Provincie West-Vlaanderen,Vancauwenberghe,374
500,30000,BE25,Provincie West-Vlaanderen,Matton,373
501,30000,BE25,Provincie West-Vlaanderen,Delporte,372
502,30000,BE25,Provincie West-Vlaanderen,Braet,371
502,30000,BE25,Provincie West-Vlaanderen,Tant,371
502,30000,BE25,Provincie West-Vlaanderen,Vanluchene,371
502,30000,BE25,Provincie West-Vlaanderen,Voet,371
506,30000,BE25,Provincie West-Vlaanderen,Decraene,368
507,30000,BE25,Provincie West-Vlaanderen,Couckuyt,366
507,30000,BE25,Provincie West-Vlaanderen,Neirinck,366
509,30000,BE25,Provincie West-Vlaanderen,Vandeweghe,365
509,30000,BE25,Provincie West-Vlaanderen,Vanrobaeys,365
511,30000,BE25,Provincie West-Vlaanderen,Vanfleteren,364
512,30000,BE25,Provincie West-Vlaanderen,Delva,363
512,30000,BE25,Provincie West-Vlaanderen,Slabbinck,363
514,30000,BE25,Provincie West-Vlaanderen,Baes,362
514,30000,BE25,Provincie West-Vlaanderen,Vinckier,362
516,30000,BE25,Provincie West-Vlaanderen,De Keyser,361
516,30000,BE25,Provincie West-Vlaanderen,Ghesquiere,361
518,30000,BE25,Provincie West-Vlaanderen,Compernolle,360
518,30000,BE25,Provincie West-Vlaanderen,Debels,360
520,30000,BE25,Provincie West-Vlaanderen,Vanden Broucke,359
521,30000,BE25,Provincie West-Vlaanderen,De Smedt,358
521,30000,BE25,Provincie West-Vlaanderen,Lefever,358
521,30000,BE25,Provincie West-Vlaanderen,Verschelde,358
524,30000,BE25,Provincie West-Vlaanderen,Crevits,357
525,30000,BE25,Provincie West-Vlaanderen,Gheysen,356
525,30000,BE25,Provincie West-Vlaanderen,Rommelaere,356
527,30000,BE25,Provincie West-Vlaanderen,Standaert,355
528,30000,BE25,Provincie West-Vlaanderen,De Coster,354
529,30000,BE25,Provincie West-Vlaanderen,Neyt,351
530,30000,BE25,Provincie West-Vlaanderen,Desplenter,350
530,30000,BE25,Provincie West-Vlaanderen,Meulemeester,350
532,30000,BE25,Provincie West-Vlaanderen,Vanhoucke,349
532,30000,BE25,Provincie West-Vlaanderen,Vyvey,349
534,30000,BE25,Provincie West-Vlaanderen,Stubbe,348
535,30000,BE25,Provincie West-Vlaanderen,Bourgois,347
535,30000,BE25,Provincie West-Vlaanderen,Vanbesien,347
537,30000,BE25,Provincie West-Vlaanderen,Bourgeois,346
537,30000,BE25,Provincie West-Vlaanderen,Dierick,346
537,30000,BE25,Provincie West-Vlaanderen,Vanoverberghe,346
540,30000,BE25,Provincie West-Vlaanderen,De Wilde,345
540,30000,BE25,Provincie West-Vlaanderen,Ottevaere,345
540,30000,BE25,Provincie West-Vlaanderen,Rommens,345
543,30000,BE25,Provincie West-Vlaanderen,Vercaigne,344
544,30000,BE25,Provincie West-Vlaanderen,Vanslembrouck,343
545,30000,BE25,Provincie West-Vlaanderen,Vanden Bussche,341
546,30000,BE25,Provincie West-Vlaanderen,De Decker,340
546,30000,BE25,Provincie West-Vlaanderen,Dumoulin,340
546,30000,BE25,Provincie West-Vlaanderen,Vanmassenhove,340
546,30000,BE25,Provincie West-Vlaanderen,Zwaenepoel,340
550,30000,BE25,Provincie West-Vlaanderen,Carrein,339
550,30000,BE25,Provincie West-Vlaanderen,Pype,339
552,30000,BE25,Provincie West-Vlaanderen,Coussens,338
552,30000,BE25,Provincie West-Vlaanderen,Van den Berghe,338
554,30000,BE25,Provincie West-Vlaanderen,Busschaert,337
554,30000,BE25,Provincie West-Vlaanderen,Moens,337
554,30000,BE25,Provincie West-Vlaanderen,Schepens,337
554,30000,BE25,Provincie West-Vlaanderen,Verschoore,337
558,30000,BE25,Provincie West-Vlaanderen,Foulon,333
558,30000,BE25,Provincie West-Vlaanderen,Lycke,333
558,30000,BE25,Provincie West-Vlaanderen,Willemyns,333
561,30000,BE25,Provincie West-Vlaanderen,Buffel,332
561,30000,BE25,Provincie West-Vlaanderen,Cardon,332
561,30000,BE25,Provincie West-Vlaanderen,Dedeurwaerder,332
561,30000,BE25,Provincie West-Vlaanderen,Kerckhof,332
561,30000,BE25,Provincie West-Vlaanderen,Legein,332
561,30000,BE25,Provincie West-Vlaanderen,Nolf,332
567,30000,BE25,Provincie West-Vlaanderen,De Neve,331
567,30000,BE25,Provincie West-Vlaanderen,Laleman,331
567,30000,BE25,Provincie West-Vlaanderen,Van Coillie,331
570,30000,BE25,Provincie West-Vlaanderen,Bultinck,330
570,30000,BE25,Provincie West-Vlaanderen,Descheemaeker,330
570,30000,BE25,Provincie West-Vlaanderen,Lampaert,330
573,30000,BE25,Provincie West-Vlaanderen,Hosten,329
573,30000,BE25,Provincie West-Vlaanderen,Lemaire,329
573,30000,BE25,Provincie West-Vlaanderen,Vermander,329
576,30000,BE25,Provincie West-Vlaanderen,Houthoofd,328
576,30000,BE25,Provincie West-Vlaanderen,Lust,328
578,30000,BE25,Provincie West-Vlaanderen,Courtens,327
578,30000,BE25,Provincie West-Vlaanderen,De Brabandere,327
578,30000,BE25,Provincie West-Vlaanderen,Ruysschaert,327
581,30000,BE25,Provincie West-Vlaanderen,Deweerdt,326
582,30000,BE25,Provincie West-Vlaanderen,Adams,325
582,30000,BE25,Provincie West-Vlaanderen,Cattoor,325
582,30000,BE25,Provincie West-Vlaanderen,Deklerck,325
582,30000,BE25,Provincie West-Vlaanderen,Deleye,325
582,30000,BE25,Provincie West-Vlaanderen,Desimpelaere,325
582,30000,BE25,Provincie West-Vlaanderen,Somers,325
588,30000,BE25,Provincie West-Vlaanderen,Christiaen,324
588,30000,BE25,Provincie West-Vlaanderen,Derudder,324
590,30000,BE25,Provincie West-Vlaanderen,Devooght,323
590,30000,BE25,Provincie West-Vlaanderen,Van Renterghem,323
592,30000,BE25,Provincie West-Vlaanderen,Dhont,322
593,30000,BE25,Provincie West-Vlaanderen,Blieck,321
593,30000,BE25,Provincie West-Vlaanderen,Debaene,321
593,30000,BE25,Provincie West-Vlaanderen,Dupon,321
593,30000,BE25,Provincie West-Vlaanderen,Vandenhende,321
597,30000,BE25,Provincie West-Vlaanderen,Ballegeer,320
597,30000,BE25,Provincie West-Vlaanderen,Deforche,320
599,30000,BE25,Provincie West-Vlaanderen,Carette,319
599,30000,BE25,Provincie West-Vlaanderen,Dekeyzer,319
599,30000,BE25,Provincie West-Vlaanderen,Plovie,319
599,30000,BE25,Provincie West-Vlaanderen,Ramboer,319
603,30000,BE25,Provincie West-Vlaanderen,Degezelle,318
604,30000,BE25,Provincie West-Vlaanderen,Catry,317
604,30000,BE25,Provincie West-Vlaanderen,Dedeyne,317
606,30000,BE25,Provincie West-Vlaanderen,Alleman,316
606,30000,BE25,Provincie West-Vlaanderen,Desaever,316
606,30000,BE25,Provincie West-Vlaanderen,Vancraeynest,316
609,30000,BE25,Provincie West-Vlaanderen,Clauw,315
609,30000,BE25,Provincie West-Vlaanderen,Cottyn,315
609,30000,BE25,Provincie West-Vlaanderen,Coulier,315
609,30000,BE25,Provincie West-Vlaanderen,De Paepe,315
609,30000,BE25,Provincie West-Vlaanderen,Deraedt,315
609,30000,BE25,Provincie West-Vlaanderen,Vlaminck,315
615,30000,BE25,Provincie West-Vlaanderen,Denoo,314
615,30000,BE25,Provincie West-Vlaanderen,Hauspie,314
615,30000,BE25,Provincie West-Vlaanderen,Leys,314
615,30000,BE25,Provincie West-Vlaanderen,Scheldeman,314
619,30000,BE25,Provincie West-Vlaanderen,Van Assche,313
619,30000,BE25,Provincie West-Vlaanderen,Verbauwhede,313
621,30000,BE25,Provincie West-Vlaanderen,De Meulenaere,312
621,30000,BE25,Provincie West-Vlaanderen,Godderis,312
621,30000,BE25,Provincie West-Vlaanderen,Hemeryck,312
621,30000,BE25,Provincie West-Vlaanderen,Meeuws,312
621,30000,BE25,Provincie West-Vlaanderen,Van Eenoo,312
626,30000,BE25,Provincie West-Vlaanderen,Jacques,311
627,30000,BE25,Provincie West-Vlaanderen,Buysse,310
627,30000,BE25,Provincie West-Vlaanderen,De Meulemeester,310
627,30000,BE25,Provincie West-Vlaanderen,Deleersnyder,310
627,30000,BE25,Provincie West-Vlaanderen,Vanderbeken,310
631,30000,BE25,Provincie West-Vlaanderen,Cauwelier,309
631,30000,BE25,Provincie West-Vlaanderen,Claes,309
633,30000,BE25,Provincie West-Vlaanderen,Maerten,308
633,30000,BE25,Provincie West-Vlaanderen,Simoen,308
633,30000,BE25,Provincie West-Vlaanderen,Verslype,308
636,30000,BE25,Provincie West-Vlaanderen,Clement,307
637,30000,BE25,Provincie West-Vlaanderen,De Loof,306
637,30000,BE25,Provincie West-Vlaanderen,Vansteelandt,306
639,30000,BE25,Provincie West-Vlaanderen,Ameel,305
639,30000,BE25,Provincie West-Vlaanderen,Scherpereel,305
641,30000,BE25,Provincie West-Vlaanderen,De Mey,304
641,30000,BE25,Provincie West-Vlaanderen,Rogge,304
641,30000,BE25,Provincie West-Vlaanderen,Vanbiervliet,304
644,30000,BE25,Provincie West-Vlaanderen,Broucke,303
644,30000,BE25,Provincie West-Vlaanderen,Legrand,303
646,30000,BE25,Provincie West-Vlaanderen,Braeckevelt,302
646,30000,BE25,Provincie West-Vlaanderen,Breyne,302
648,30000,BE25,Provincie West-Vlaanderen,Lagast,301
648,30000,BE25,Provincie West-Vlaanderen,Sioen,301
648,30000,BE25,Provincie West-Vlaanderen,Vandenborre,301
648,30000,BE25,Provincie West-Vlaanderen,Vanderstraeten,301
648,30000,BE25,Provincie West-Vlaanderen,Vercaemst,301
653,30000,BE25,Provincie West-Vlaanderen,Delbaere,300
653,30000,BE25,Provincie West-Vlaanderen,Labeeuw,300
653,30000,BE25,Provincie West-Vlaanderen,Van den Bossche,300
656,30000,BE25,Provincie West-Vlaanderen,Coudeville,299
656,30000,BE25,Provincie West-Vlaanderen,Ghyselen,299
656,30000,BE25,Provincie West-Vlaanderen,Rigole,299
656,30000,BE25,Provincie West-Vlaanderen,Wauters,299
660,30000,BE25,Provincie West-Vlaanderen,Bonne,298
660,30000,BE25,Provincie West-Vlaanderen,Debergh,298
660,30000,BE25,Provincie West-Vlaanderen,François,298
660,30000,BE25,Provincie West-Vlaanderen,Lahousse,298
660,30000,BE25,Provincie West-Vlaanderen,Soubry,298
665,30000,BE25,Provincie West-Vlaanderen,Blancke,297
665,30000,BE25,Provincie West-Vlaanderen,Hellebuyck,297
667,30000,BE25,Provincie West-Vlaanderen,Govaert,296
667,30000,BE25,Provincie West-Vlaanderen,Notredame,296
667,30000,BE25,Provincie West-Vlaanderen,Witdouck,296
670,30000,BE25,Provincie West-Vlaanderen,Aerts,295
670,30000,BE25,Provincie West-Vlaanderen,Logie,295
670,30000,BE25,Provincie West-Vlaanderen,Van Ryckeghem,295
673,30000,BE25,Provincie West-Vlaanderen,Dejaeghere,294
674,30000,BE25,Provincie West-Vlaanderen,Haeck,293
674,30000,BE25,Provincie West-Vlaanderen,Vercaemer,293
674,30000,BE25,Provincie West-Vlaanderen,Warlop,293
677,30000,BE25,Provincie West-Vlaanderen,Sercu,292
678,30000,BE25,Provincie West-Vlaanderen,De Zutter,291
678,30000,BE25,Provincie West-Vlaanderen,Ollevier,291
680,30000,BE25,Provincie West-Vlaanderen,Barbier,290
680,30000,BE25,Provincie West-Vlaanderen,Steelandt,290
682,30000,BE25,Provincie West-Vlaanderen,Deltour,289
682,30000,BE25,Provincie West-Vlaanderen,Pintelon,289
684,30000,BE25,Provincie West-Vlaanderen,Bultynck,288
684,30000,BE25,Provincie West-Vlaanderen,Decrock,288
686,30000,BE25,Provincie West-Vlaanderen,Van Hauwaert,287
686,30000,BE25,Provincie West-Vlaanderen,Vanroose,287
686,30000,BE25,Provincie West-Vlaanderen,Verburgh,287
689,30000,BE25,Provincie West-Vlaanderen,Beauprez,286
689,30000,BE25,Provincie West-Vlaanderen,Dumont,286
691,30000,BE25,Provincie West-Vlaanderen,Calleeuw,285
691,30000,BE25,Provincie West-Vlaanderen,Deschamps,285
693,30000,BE25,Provincie West-Vlaanderen,De Schepper,284
693,30000,BE25,Provincie West-Vlaanderen,De Winter,284
693,30000,BE25,Provincie West-Vlaanderen,Decroos,284
696,30000,BE25,Provincie West-Vlaanderen,Anckaert,283
697,30000,BE25,Provincie West-Vlaanderen,De Sutter,282
698,30000,BE25,Provincie West-Vlaanderen,Louwagie,281
698,30000,BE25,Provincie West-Vlaanderen,Missinne,281
700,30000,BE25,Provincie West-Vlaanderen,Baeckelandt,280
700,30000,BE25,Provincie West-Vlaanderen,Beyls,280
700,30000,BE25,Provincie West-Vlaanderen,Calcoen,280
700,30000,BE25,Provincie West-Vlaanderen,Claerbout,280
700,30000,BE25,Provincie West-Vlaanderen,Dufour,280
705,30000,BE25,Provincie West-Vlaanderen,Depypere,279
705,30000,BE25,Provincie West-Vlaanderen,Desimpel,279
705,30000,BE25,Provincie West-Vlaanderen,Lammertyn,279
708,30000,BE25,Provincie West-Vlaanderen,Caron,278
708,30000,BE25,Provincie West-Vlaanderen,Engels,278
708,30000,BE25,Provincie West-Vlaanderen,Hostyn,278
708,30000,BE25,Provincie West-Vlaanderen,Titeca,278
708,30000,BE25,Provincie West-Vlaanderen,Wille,278
713,30000,BE25,Provincie West-Vlaanderen,D'Haene,277
713,30000,BE25,Provincie West-Vlaanderen,De Buck,277
713,30000,BE25,Provincie West-Vlaanderen,Gheysens,277
713,30000,BE25,Provincie West-Vlaanderen,Poppe,277
713,30000,BE25,Provincie West-Vlaanderen,Timperman,277
713,30000,BE25,Provincie West-Vlaanderen,Vandecaveye,277
719,30000,BE25,Provincie West-Vlaanderen,Braekevelt,276
719,30000,BE25,Provincie West-Vlaanderen,De Laere,276
719,30000,BE25,Provincie West-Vlaanderen,Thomas,276
722,30000,BE25,Provincie West-Vlaanderen,Destoop,275
723,30000,BE25,Provincie West-Vlaanderen,Loose,274
724,30000,BE25,Provincie West-Vlaanderen,Benoot,273
724,30000,BE25,Provincie West-Vlaanderen,De Baere,273
724,30000,BE25,Provincie West-Vlaanderen,Deruyck,273
724,30000,BE25,Provincie West-Vlaanderen,Laevens,273
724,30000,BE25,Provincie West-Vlaanderen,Pauwelyn,273
729,30000,BE25,Provincie West-Vlaanderen,Byttebier,272
729,30000,BE25,Provincie West-Vlaanderen,Dedecker,272
729,30000,BE25,Provincie West-Vlaanderen,Van Cauwenberghe,272
729,30000,BE25,Provincie West-Vlaanderen,Van Loocke,272
733,30000,BE25,Provincie West-Vlaanderen,Derynck,271
733,30000,BE25,Provincie West-Vlaanderen,Wullaert,271
735,30000,BE25,Provincie West-Vlaanderen,Bentein,270
735,30000,BE25,Provincie West-Vlaanderen,Ingelbrecht,270
735,30000,BE25,Provincie West-Vlaanderen,Van Houtte,270
738,30000,BE25,Provincie West-Vlaanderen,D'hont,269
738,30000,BE25,Provincie West-Vlaanderen,Demyttenaere,269
740,30000,BE25,Provincie West-Vlaanderen,Dejaegher,268
740,30000,BE25,Provincie West-Vlaanderen,Leenknecht,268
740,30000,BE25,Provincie West-Vlaanderen,Vandycke,268
743,30000,BE25,Provincie West-Vlaanderen,Ali,267
743,30000,BE25,Provincie West-Vlaanderen,Aneca,267
743,30000,BE25,Provincie West-Vlaanderen,Dewyn,267
743,30000,BE25,Provincie West-Vlaanderen,Sierens,267
743,30000,BE25,Provincie West-Vlaanderen,Vandeghinste,267
748,30000,BE25,Provincie West-Vlaanderen,Verledens,266
749,30000,BE25,Provincie West-Vlaanderen,Hindryckx,265
749,30000,BE25,Provincie West-Vlaanderen,Mommerency,265
749,30000,BE25,Provincie West-Vlaanderen,Vervisch,265
752,30000,BE25,Provincie West-Vlaanderen,Guillemyn,264
752,30000,BE25,Provincie West-Vlaanderen,Vanbecelaere,264
752,30000,BE25,Provincie West-Vlaanderen,Vandooren,264
755,30000,BE25,Provincie West-Vlaanderen,Hillewaere,263
755,30000,BE25,Provincie West-Vlaanderen,Shinwari,263
757,30000,BE25,Provincie West-Vlaanderen,Germonpré,262
758,30000,BE25,Provincie West-Vlaanderen,Alliet,261
758,30000,BE25,Provincie West-Vlaanderen,Brackx,261
760,30000,BE25,Provincie West-Vlaanderen,Defoort,260
760,30000,BE25,Provincie West-Vlaanderen,Vens,260
760,30000,BE25,Provincie West-Vlaanderen,Victor,260
763,30000,BE25,Provincie West-Vlaanderen,Gesquiere,259
763,30000,BE25,Provincie West-Vlaanderen,Van Walleghem,259
763,30000,BE25,Provincie West-Vlaanderen,Vanhoorne,259
763,30000,BE25,Provincie West-Vlaanderen,Vanslambrouck,259
763,30000,BE25,Provincie West-Vlaanderen,Verriest,259
768,30000,BE25,Provincie West-Vlaanderen,De Rycke,258
768,30000,BE25,Provincie West-Vlaanderen,De Soete,258
768,30000,BE25,Provincie West-Vlaanderen,Dehaene,258
768,30000,BE25,Provincie West-Vlaanderen,Hermans,258
768,30000,BE25,Provincie West-Vlaanderen,Meersseman,258
768,30000,BE25,Provincie West-Vlaanderen,Van Iseghem,258
774,30000,BE25,Provincie West-Vlaanderen,Hoet,257
774,30000,BE25,Provincie West-Vlaanderen,Vanderhaeghen,257
774,30000,BE25,Provincie West-Vlaanderen,Vynckier,257
777,30000,BE25,Provincie West-Vlaanderen,Dendooven,256
777,30000,BE25,Provincie West-Vlaanderen,Heytens,256
777,30000,BE25,Provincie West-Vlaanderen,Kerkhove,256
780,30000,BE25,Provincie West-Vlaanderen,Polfliet,255
780,30000,BE25,Provincie West-Vlaanderen,Van Hove,255
780,30000,BE25,Provincie West-Vlaanderen,Vandenbossche,255
783,30000,BE25,Provincie West-Vlaanderen,Ahmadi,254
783,30000,BE25,Provincie West-Vlaanderen,Damman,254
783,30000,BE25,Provincie West-Vlaanderen,Deweer,254
783,30000,BE25,Provincie West-Vlaanderen,Duyvejonck,254
783,30000,BE25,Provincie West-Vlaanderen,Goudeseune,254
783,30000,BE25,Provincie West-Vlaanderen,Lombaert,254
783,30000,BE25,Provincie West-Vlaanderen,Merlevede,254
783,30000,BE25,Provincie West-Vlaanderen,Surmont,254
791,30000,BE25,Provincie West-Vlaanderen,Ameloot,253
791,30000,BE25,Provincie West-Vlaanderen,Goegebeur,253
791,30000,BE25,Provincie West-Vlaanderen,Thys,253
791,30000,BE25,Provincie West-Vlaanderen,Wittouck,253
795,30000,BE25,Provincie West-Vlaanderen,De Bruycker,252
795,30000,BE25,Provincie West-Vlaanderen,Deruyter,252
795,30000,BE25,Provincie West-Vlaanderen,Laridon,252
795,30000,BE25,Provincie West-Vlaanderen,Vantyghem,252
795,30000,BE25,Provincie West-Vlaanderen,Velle,252
800,30000,BE25,Provincie West-Vlaanderen,Coorevits,251
800,30000,BE25,Provincie West-Vlaanderen,Santens,251
800,30000,BE25,Provincie West-Vlaanderen,Vanhuyse,251
803,30000,BE25,Provincie West-Vlaanderen,De Wispelaere,250
803,30000,BE25,Provincie West-Vlaanderen,Labaere,250
803,30000,BE25,Provincie West-Vlaanderen,Rabaey,250
803,30000,BE25,Provincie West-Vlaanderen,Sap,250
803,30000,BE25,Provincie West-Vlaanderen,Verhoest,250
803,30000,BE25,Provincie West-Vlaanderen,Vindevogel,250
803,30000,BE25,Provincie West-Vlaanderen,Wyseur,250
810,30000,BE25,Provincie West-Vlaanderen,Hugelier,249
810,30000,BE25,Provincie West-Vlaanderen,Perneel,249
810,30000,BE25,Provincie West-Vlaanderen,Vanderschaeghe,249
813,30000,BE25,Provincie West-Vlaanderen,Dewachter,248
814,30000,BE25,Provincie West-Vlaanderen,Baele,247
814,30000,BE25,Provincie West-Vlaanderen,De Moor,247
814,30000,BE25,Provincie West-Vlaanderen,Kaur,247
814,30000,BE25,Provincie West-Vlaanderen,Moreels,247
814,30000,BE25,Provincie West-Vlaanderen,Pannecoucke,247
819,30000,BE25,Provincie West-Vlaanderen,De Gryse,246
819,30000,BE25,Provincie West-Vlaanderen,Delmotte,246
819,30000,BE25,Provincie West-Vlaanderen,Vandepoele,246
819,30000,BE25,Provincie West-Vlaanderen,Vandewaetere,246
823,30000,BE25,Provincie West-Vlaanderen,Ahmed,245
823,30000,BE25,Provincie West-Vlaanderen,Lapere,245
823,30000,BE25,Provincie West-Vlaanderen,Louagie,245
826,30000,BE25,Provincie West-Vlaanderen,Acke,244
826,30000,BE25,Provincie West-Vlaanderen,Bossaert,244
826,30000,BE25,Provincie West-Vlaanderen,De Vriese,244
826,30000,BE25,Provincie West-Vlaanderen,Dekimpe,244
826,30000,BE25,Provincie West-Vlaanderen,Lanssens,244
831,30000,BE25,Provincie West-Vlaanderen,Depreitere,243
831,30000,BE25,Provincie West-Vlaanderen,Deruytter,243
831,30000,BE25,Provincie West-Vlaanderen,Hostens,243
831,30000,BE25,Provincie West-Vlaanderen,Lannoy,243
831,30000,BE25,Provincie West-Vlaanderen,Uyttenhove,243
831,30000,BE25,Provincie West-Vlaanderen,Van Laere,243
831,30000,BE25,Provincie West-Vlaanderen,Van Neste,243
838,30000,BE25,Provincie West-Vlaanderen,Swaenepoel,242
838,30000,BE25,Provincie West-Vlaanderen,Verschueren,242
840,30000,BE25,Provincie West-Vlaanderen,Desmidt,241
841,30000,BE25,Provincie West-Vlaanderen,D'hulster,240
841,30000,BE25,Provincie West-Vlaanderen,Dendauw,240
841,30000,BE25,Provincie West-Vlaanderen,Hoflack,240
841,30000,BE25,Provincie West-Vlaanderen,Leenknegt,240
841,30000,BE25,Provincie West-Vlaanderen,Traen,240
841,30000,BE25,Provincie West-Vlaanderen,Vanden Abeele,240
847,30000,BE25,Provincie West-Vlaanderen,Beke,239
847,30000,BE25,Provincie West-Vlaanderen,Geers,239
847,30000,BE25,Provincie West-Vlaanderen,Temmerman,239
847,30000,BE25,Provincie West-Vlaanderen,Verhoye,239
851,30000,BE25,Provincie West-Vlaanderen,Luyckx,238
851,30000,BE25,Provincie West-Vlaanderen,Schoonbaert,238
851,30000,BE25,Provincie West-Vlaanderen,Vanhoenacker,238
854,30000,BE25,Provincie West-Vlaanderen,Demol,237
854,30000,BE25,Provincie West-Vlaanderen,Louage,237
854,30000,BE25,Provincie West-Vlaanderen,Meire,237
854,30000,BE25,Provincie West-Vlaanderen,Penninck,237
854,30000,BE25,Provincie West-Vlaanderen,Rondelez,237
854,30000,BE25,Provincie West-Vlaanderen,Vandebuerie,237
860,30000,BE25,Provincie West-Vlaanderen,De Busscher,236
860,30000,BE25,Provincie West-Vlaanderen,De Corte,236
860,30000,BE25,Provincie West-Vlaanderen,Devisch,236
860,30000,BE25,Provincie West-Vlaanderen,Kyndt,236
864,30000,BE25,Provincie West-Vlaanderen,Decaluwe,235
864,30000,BE25,Provincie West-Vlaanderen,Pollentier,235
864,30000,BE25,Provincie West-Vlaanderen,Vanmaele,235
867,30000,BE25,Provincie West-Vlaanderen,Cappon,234
867,30000,BE25,Provincie West-Vlaanderen,Kerkhof,234
867,30000,BE25,Provincie West-Vlaanderen,Vanderheeren,234
867,30000,BE25,Provincie West-Vlaanderen,Verhaege,234
871,30000,BE25,Provincie West-Vlaanderen,Callant,233
871,30000,BE25,Provincie West-Vlaanderen,D'hoore,233
871,30000,BE25,Provincie West-Vlaanderen,Deckmyn,233
871,30000,BE25,Provincie West-Vlaanderen,Smets,233
871,30000,BE25,Provincie West-Vlaanderen,Vanrenterghem,233
876,30000,BE25,Provincie West-Vlaanderen,Cobbaert,232
876,30000,BE25,Provincie West-Vlaanderen,De Brabander,232
876,30000,BE25,Provincie West-Vlaanderen,De Langhe,232
876,30000,BE25,Provincie West-Vlaanderen,Delaey,232
876,30000,BE25,Provincie West-Vlaanderen,Devroe,232
881,30000,BE25,Provincie West-Vlaanderen,Devaere,231
881,30000,BE25,Provincie West-Vlaanderen,Dooms,231
881,30000,BE25,Provincie West-Vlaanderen,Kerckhove,231
881,30000,BE25,Provincie West-Vlaanderen,Vandecandelaere,231
885,30000,BE25,Provincie West-Vlaanderen,De Ruyck,230
885,30000,BE25,Provincie West-Vlaanderen,Devloo,230
887,30000,BE25,Provincie West-Vlaanderen,Callebert,229
887,30000,BE25,Provincie West-Vlaanderen,Hallaert,229
887,30000,BE25,Provincie West-Vlaanderen,Van Oost,229
887,30000,BE25,Provincie West-Vlaanderen,Van de Voorde,229
891,30000,BE25,Provincie West-Vlaanderen,Detavernier,228
891,30000,BE25,Provincie West-Vlaanderen,Mulier,228
891,30000,BE25,Provincie West-Vlaanderen,Savels,228
891,30000,BE25,Provincie West-Vlaanderen,Spruytte,228
895,30000,BE25,Provincie West-Vlaanderen,Coghe,227
895,30000,BE25,Provincie West-Vlaanderen,Van Severen,227
895,30000,BE25,Provincie West-Vlaanderen,Vanheule,227
895,30000,BE25,Provincie West-Vlaanderen,Vergauwe,227
899,30000,BE25,Provincie West-Vlaanderen,Stroobant,226
899,30000,BE25,Provincie West-Vlaanderen,Vandemeulebroucke,226
901,30000,BE25,Provincie West-Vlaanderen,De Ridder,225
901,30000,BE25,Provincie West-Vlaanderen,Debackere,225
901,30000,BE25,Provincie West-Vlaanderen,Janssen,225
901,30000,BE25,Provincie West-Vlaanderen,Meurisse,225
905,30000,BE25,Provincie West-Vlaanderen,Brabant,224
905,30000,BE25,Provincie West-Vlaanderen,Plets,224
905,30000,BE25,Provincie West-Vlaanderen,Sagaert,224
908,30000,BE25,Provincie West-Vlaanderen,De Ketelaere,223
908,30000,BE25,Provincie West-Vlaanderen,Desoete,223
908,30000,BE25,Provincie West-Vlaanderen,Loosvelt,223
908,30000,BE25,Provincie West-Vlaanderen,Vanwijnsberghe,223
912,30000,BE25,Provincie West-Vlaanderen,Cocquyt,222
912,30000,BE25,Provincie West-Vlaanderen,Dedrie,222
912,30000,BE25,Provincie West-Vlaanderen,Devreker,222
912,30000,BE25,Provincie West-Vlaanderen,Hubrecht,222
912,30000,BE25,Provincie West-Vlaanderen,Lowyck,222
912,30000,BE25,Provincie West-Vlaanderen,Pottier,222
918,30000,BE25,Provincie West-Vlaanderen,Boussemaere,221
918,30000,BE25,Provincie West-Vlaanderen,Bracke,221
918,30000,BE25,Provincie West-Vlaanderen,Vervenne,221
921,30000,BE25,Provincie West-Vlaanderen,Bisschop,220
921,30000,BE25,Provincie West-Vlaanderen,Dutry,220
921,30000,BE25,Provincie West-Vlaanderen,Fiers,220
921,30000,BE25,Provincie West-Vlaanderen,Struyve,220
925,30000,BE25,Provincie West-Vlaanderen,Vanhalst,219
925,30000,BE25,Provincie West-Vlaanderen,Vanhoutteghem,219
927,30000,BE25,Provincie West-Vlaanderen,Billiau,218
927,30000,BE25,Provincie West-Vlaanderen,Deseure,218
927,30000,BE25,Provincie West-Vlaanderen,Jaques,218
927,30000,BE25,Provincie West-Vlaanderen,Mus,218
927,30000,BE25,Provincie West-Vlaanderen,Remmerie,218
927,30000,BE25,Provincie West-Vlaanderen,Salembier,218
927,30000,BE25,Provincie West-Vlaanderen,Vercamer,218
927,30000,BE25,Provincie West-Vlaanderen,Verfaille,218
935,30000,BE25,Provincie West-Vlaanderen,De Boever,217
935,30000,BE25,Provincie West-Vlaanderen,Debeuckelaere,217
935,30000,BE25,Provincie West-Vlaanderen,Delombaerde,217
935,30000,BE25,Provincie West-Vlaanderen,Lietaert,217
935,30000,BE25,Provincie West-Vlaanderen,Winne,217
940,30000,BE25,Provincie West-Vlaanderen,Gekiere,216
940,30000,BE25,Provincie West-Vlaanderen,Hoorne,216
942,30000,BE25,Provincie West-Vlaanderen,Demeestere,215
942,30000,BE25,Provincie West-Vlaanderen,Derous,215
942,30000,BE25,Provincie West-Vlaanderen,Momand,215
942,30000,BE25,Provincie West-Vlaanderen,Sohier,215
942,30000,BE25,Provincie West-Vlaanderen,Verhoeven,215
942,30000,BE25,Provincie West-Vlaanderen,Warnez,215
942,30000,BE25,Provincie West-Vlaanderen,Zutterman,215
949,30000,BE25,Provincie West-Vlaanderen,Capoen,213
949,30000,BE25,Provincie West-Vlaanderen,De Bock,213
949,30000,BE25,Provincie West-Vlaanderen,Denorme,213
949,30000,BE25,Provincie West-Vlaanderen,Khan,213
949,30000,BE25,Provincie West-Vlaanderen,Laforce,213
949,30000,BE25,Provincie West-Vlaanderen,Lapeire,213
949,30000,BE25,Provincie West-Vlaanderen,Quaghebeur,213
949,30000,BE25,Provincie West-Vlaanderen,Theys,213
949,30000,BE25,Provincie West-Vlaanderen,Wallaert,213
958,30000,BE25,Provincie West-Vlaanderen,Berteloot,212
958,30000,BE25,Provincie West-Vlaanderen,De Vlieger,212
958,30000,BE25,Provincie West-Vlaanderen,Decancq,212
958,30000,BE25,Provincie West-Vlaanderen,Demasure,212
958,30000,BE25,Provincie West-Vlaanderen,Smet,212
958,30000,BE25,Provincie West-Vlaanderen,Vancoppenolle,212
958,30000,BE25,Provincie West-Vlaanderen,Vandermeulen,212
958,30000,BE25,Provincie West-Vlaanderen,Vanhaelewyn,212
958,30000,BE25,Provincie West-Vlaanderen,Versavel,212
967,30000,BE25,Provincie West-Vlaanderen,Barry,211
967,30000,BE25,Provincie West-Vlaanderen,Bryon,211
967,30000,BE25,Provincie West-Vlaanderen,Cailliau,211
967,30000,BE25,Provincie West-Vlaanderen,Driessens,211
967,30000,BE25,Provincie West-Vlaanderen,Hooghe,211
967,30000,BE25,Provincie West-Vlaanderen,Van Dorpe,211
967,30000,BE25,Provincie West-Vlaanderen,Vandeginste,211
967,30000,BE25,Provincie West-Vlaanderen,Vansteelant,211
967,30000,BE25,Provincie West-Vlaanderen,Verstraeten,211
976,30000,BE25,Provincie West-Vlaanderen,De Block,210
976,30000,BE25,Provincie West-Vlaanderen,Florizoone,210
976,30000,BE25,Provincie West-Vlaanderen,Pyck,210
976,30000,BE25,Provincie West-Vlaanderen,Top,210
980,30000,BE25,Provincie West-Vlaanderen,Decuyper,209
980,30000,BE25,Provincie West-Vlaanderen,Lefere,209
980,30000,BE25,Provincie West-Vlaanderen,Serruys,209
983,30000,BE25,Provincie West-Vlaanderen,Bernaert,208
983,30000,BE25,Provincie West-Vlaanderen,Carrette,208
983,30000,BE25,Provincie West-Vlaanderen,Cnockaert,208
983,30000,BE25,Provincie West-Vlaanderen,Lamaire,208
983,30000,BE25,Provincie West-Vlaanderen,Noyez,208
983,30000,BE25,Provincie West-Vlaanderen,Rommel,208
983,30000,BE25,Provincie West-Vlaanderen,Sintobin,208
983,30000,BE25,Provincie West-Vlaanderen,Verleyen,208
983,30000,BE25,Provincie West-Vlaanderen,Vermandere,208
992,30000,BE25,Provincie West-Vlaanderen,Cnudde,207
992,30000,BE25,Provincie West-Vlaanderen,Daems,207
992,30000,BE25,Provincie West-Vlaanderen,Hendrickx,207
992,30000,BE25,Provincie West-Vlaanderen,Volcke,207
996,30000,BE25,Provincie West-Vlaanderen,Bailleul,206
996,30000,BE25,Provincie West-Vlaanderen,Buysschaert,206
996,30000,BE25,Provincie West-Vlaanderen,De Meyere,206
996,30000,BE25,Provincie West-Vlaanderen,Degrave,206
996,30000,BE25,Provincie West-Vlaanderen,El Kaddouri,206
996,30000,BE25,Provincie West-Vlaanderen,Gruyaert,206
996,30000,BE25,Provincie West-Vlaanderen,Maddens,206
996,30000,BE25,Provincie West-Vlaanderen,Meyers,206
996,30000,BE25,Provincie West-Vlaanderen,Stael,206
996,30000,BE25,Provincie West-Vlaanderen,Vlaemynck,206
1006,30000,BE25,Provincie West-Vlaanderen,Demaeght,205
1006,30000,BE25,Provincie West-Vlaanderen,Desseyn,205
1006,30000,BE25,Provincie West-Vlaanderen,Feryn,205
1006,30000,BE25,Provincie West-Vlaanderen,George,205
1006,30000,BE25,Provincie West-Vlaanderen,Gheeraert,205
1006,30000,BE25,Provincie West-Vlaanderen,Plancke,205
1012,30000,BE25,Provincie West-Vlaanderen,Beyens,204
1012,30000,BE25,Provincie West-Vlaanderen,Clarisse,204
1012,30000,BE25,Provincie West-Vlaanderen,Lemmens,204
1012,30000,BE25,Provincie West-Vlaanderen,Margodt,204
1012,30000,BE25,Provincie West-Vlaanderen,Oosterlinck,204
1012,30000,BE25,Provincie West-Vlaanderen,Vande Velde,204
1018,30000,BE25,Provincie West-Vlaanderen,Demonie,203
1018,30000,BE25,Provincie West-Vlaanderen,Spiessens,203
1018,30000,BE25,Provincie West-Vlaanderen,Vandecappelle,203
1021,30000,BE25,Provincie West-Vlaanderen,De Cloedt,202
1021,30000,BE25,Provincie West-Vlaanderen,Defrancq,202
1021,30000,BE25,Provincie West-Vlaanderen,Degrieck,202
1021,30000,BE25,Provincie West-Vlaanderen,Gheldof,202
1021,30000,BE25,Provincie West-Vlaanderen,Oosterlynck,202
1026,30000,BE25,Provincie West-Vlaanderen,Craeye,201
1026,30000,BE25,Provincie West-Vlaanderen,Dalle,201
1026,30000,BE25,Provincie West-Vlaanderen,Debrouwere,201
1026,30000,BE25,Provincie West-Vlaanderen,Depla,201
1026,30000,BE25,Provincie West-Vlaanderen,Desodt,201
1026,30000,BE25,Provincie West-Vlaanderen,Ovaere,201
1032,30000,BE25,Provincie West-Vlaanderen,Cornillie,200
1032,30000,BE25,Provincie West-Vlaanderen,Cosaert,200
1032,30000,BE25,Provincie West-Vlaanderen,Decru,200
1032,30000,BE25,Provincie West-Vlaanderen,Depauw,200
1032,30000,BE25,Provincie West-Vlaanderen,Talloen,200
1037,30000,BE25,Provincie West-Vlaanderen,Borra,199
1037,30000,BE25,Provincie West-Vlaanderen,De Volder,199
1037,30000,BE25,Provincie West-Vlaanderen,Notebaert,199
1037,30000,BE25,Provincie West-Vlaanderen,Verlinden,199
1041,30000,BE25,Provincie West-Vlaanderen,Ryckaert,198
1041,30000,BE25,Provincie West-Vlaanderen,Vanheste,198
1041,30000,BE25,Provincie West-Vlaanderen,Vercoutere,198
1041,30000,BE25,Provincie West-Vlaanderen,Versyck,198
1045,30000,BE25,Provincie West-Vlaanderen,Callebaut,197
1045,30000,BE25,Provincie West-Vlaanderen,De Vuyst,197
1045,30000,BE25,Provincie West-Vlaanderen,Lierman,197
1045,30000,BE25,Provincie West-Vlaanderen,Maelfait,197
1045,30000,BE25,Provincie West-Vlaanderen,Maesen,197
1050,30000,BE25,Provincie West-Vlaanderen,Becue,196
1050,30000,BE25,Provincie West-Vlaanderen,Cottenier,196
1050,30000,BE25,Provincie West-Vlaanderen,Goes,196
1050,30000,BE25,Provincie West-Vlaanderen,Lenoir,196
1050,30000,BE25,Provincie West-Vlaanderen,Tratsaert,196
1050,30000,BE25,Provincie West-Vlaanderen,Van Gheluwe,196
1050,30000,BE25,Provincie West-Vlaanderen,Wylin,196
1057,30000,BE25,Provincie West-Vlaanderen,Aspeslagh,195
1057,30000,BE25,Provincie West-Vlaanderen,Bollaert,195
1057,30000,BE25,Provincie West-Vlaanderen,Delodder,195
1057,30000,BE25,Provincie West-Vlaanderen,Eecloo,195
1057,30000,BE25,Provincie West-Vlaanderen,Ranson,195
1057,30000,BE25,Provincie West-Vlaanderen,Spillebeen,195
1063,30000,BE25,Provincie West-Vlaanderen,Denecker,194
1063,30000,BE25,Provincie West-Vlaanderen,Derveaux,194
1063,30000,BE25,Provincie West-Vlaanderen,Leman,194
1063,30000,BE25,Provincie West-Vlaanderen,Messely,194
1063,30000,BE25,Provincie West-Vlaanderen,Neels,194
1063,30000,BE25,Provincie West-Vlaanderen,Verheecke,194
1069,30000,BE25,Provincie West-Vlaanderen,Laperre,193
1069,30000,BE25,Provincie West-Vlaanderen,Malysse,193
1069,30000,BE25,Provincie West-Vlaanderen,Vanmeenen,193
1072,30000,BE25,Provincie West-Vlaanderen,Catrysse,192
1072,30000,BE25,Provincie West-Vlaanderen,Decruyenaere,192
1072,30000,BE25,Provincie West-Vlaanderen,Devlieger,192
1072,30000,BE25,Provincie West-Vlaanderen,Joseph,192
1072,30000,BE25,Provincie West-Vlaanderen,Osaer,192
1072,30000,BE25,Provincie West-Vlaanderen,Waeyaert,192
1078,30000,BE25,Provincie West-Vlaanderen,Bah,191
1078,30000,BE25,Provincie West-Vlaanderen,De Backere,191
1078,30000,BE25,Provincie West-Vlaanderen,Leplae,191
1078,30000,BE25,Provincie West-Vlaanderen,Snoeck,191
1078,30000,BE25,Provincie West-Vlaanderen,Vanclooster,191
1083,30000,BE25,Provincie West-Vlaanderen,Camerlynck,190
1083,30000,BE25,Provincie West-Vlaanderen,Folens,190
1083,30000,BE25,Provincie West-Vlaanderen,Haezebrouck,190
1083,30000,BE25,Provincie West-Vlaanderen,Pierloot,190
1083,30000,BE25,Provincie West-Vlaanderen,Seghers,190
1083,30000,BE25,Provincie West-Vlaanderen,Toye,190
1083,30000,BE25,Provincie West-Vlaanderen,Vannieuwenhuyze,190
1090,30000,BE25,Provincie West-Vlaanderen,Baelen,189
1090,30000,BE25,Provincie West-Vlaanderen,Descheemaecker,189
1090,30000,BE25,Provincie West-Vlaanderen,Dutoit,189
1090,30000,BE25,Provincie West-Vlaanderen,Roets,189
1090,30000,BE25,Provincie West-Vlaanderen,Vermoere,189
1095,30000,BE25,Provincie West-Vlaanderen,Cordy,188
1095,30000,BE25,Provincie West-Vlaanderen,De Busschere,188
1095,30000,BE25,Provincie West-Vlaanderen,Lavens,188
1095,30000,BE25,Provincie West-Vlaanderen,Mestdag,188
1095,30000,BE25,Provincie West-Vlaanderen,Van Lerberghe,188
1095,30000,BE25,Provincie West-Vlaanderen,Van Overbeke,188
1095,30000,BE25,Provincie West-Vlaanderen,Van Wassenhove,188
1095,30000,BE25,Provincie West-Vlaanderen,Van Wonterghem,188
1103,30000,BE25,Provincie West-Vlaanderen,Bossier,187
1103,30000,BE25,Provincie West-Vlaanderen,Coeman,187
1103,30000,BE25,Provincie West-Vlaanderen,Decraemer,187
1103,30000,BE25,Provincie West-Vlaanderen,Dorme,187
1103,30000,BE25,Provincie West-Vlaanderen,Luca,187
1103,30000,BE25,Provincie West-Vlaanderen,Simons,187
1103,30000,BE25,Provincie West-Vlaanderen,Sinnesael,187
1103,30000,BE25,Provincie West-Vlaanderen,Van Eecke,187
1103,30000,BE25,Provincie West-Vlaanderen,Verraes,187
1112,30000,BE25,Provincie West-Vlaanderen,Berten,186
1112,30000,BE25,Provincie West-Vlaanderen,De Jaeger,186
1112,30000,BE25,Provincie West-Vlaanderen,Decoutere,186
1112,30000,BE25,Provincie West-Vlaanderen,Dekyvere,186
1112,30000,BE25,Provincie West-Vlaanderen,Kint,186
1112,30000,BE25,Provincie West-Vlaanderen,Rosselle,186
1118,30000,BE25,Provincie West-Vlaanderen,Cokelaere,185
1118,30000,BE25,Provincie West-Vlaanderen,Delanote,185
1118,30000,BE25,Provincie West-Vlaanderen,Devinck,185
1118,30000,BE25,Provincie West-Vlaanderen,Mares,185
1118,30000,BE25,Provincie West-Vlaanderen,Morel,185
1118,30000,BE25,Provincie West-Vlaanderen,Neyens,185
1118,30000,BE25,Provincie West-Vlaanderen,Renier,185
1118,30000,BE25,Provincie West-Vlaanderen,Van Tieghem,185
1118,30000,BE25,Provincie West-Vlaanderen,Van den Broeck,185
1118,30000,BE25,Provincie West-Vlaanderen,Wydooghe,185
1128,30000,BE25,Provincie West-Vlaanderen,Coens,184
1128,30000,BE25,Provincie West-Vlaanderen,Coudenys,184
1128,30000,BE25,Provincie West-Vlaanderen,D'Hulster,184
1128,30000,BE25,Provincie West-Vlaanderen,De Vreese,184
1128,30000,BE25,Provincie West-Vlaanderen,De Wolf,184
1128,30000,BE25,Provincie West-Vlaanderen,Delannoy,184
1128,30000,BE25,Provincie West-Vlaanderen,Lafaut,184
1128,30000,BE25,Provincie West-Vlaanderen,Nguyen,184
1128,30000,BE25,Provincie West-Vlaanderen,Vanden Broecke,184
1128,30000,BE25,Provincie West-Vlaanderen,Vanpeteghem,184
1138,30000,BE25,Provincie West-Vlaanderen,Debal,183
1138,30000,BE25,Provincie West-Vlaanderen,Defreyne,183
1138,30000,BE25,Provincie West-Vlaanderen,Maenhoudt,183
1141,30000,BE25,Provincie West-Vlaanderen,Bogaerts,182
1141,30000,BE25,Provincie West-Vlaanderen,Dezutter,182
1141,30000,BE25,Provincie West-Vlaanderen,Hillewaert,182
1141,30000,BE25,Provincie West-Vlaanderen,Maekelberg,182
1141,30000,BE25,Provincie West-Vlaanderen,Meyns,182
1141,30000,BE25,Provincie West-Vlaanderen,Pille,182
1141,30000,BE25,Provincie West-Vlaanderen,Salomez,182
1141,30000,BE25,Provincie West-Vlaanderen,Van Steenkiste,182
1149,30000,BE25,Provincie West-Vlaanderen,Buseyne,181
1149,30000,BE25,Provincie West-Vlaanderen,De Baene,181
1149,30000,BE25,Provincie West-Vlaanderen,Defauw,181
1149,30000,BE25,Provincie West-Vlaanderen,Gryspeert,181
1149,30000,BE25,Provincie West-Vlaanderen,Pottie,181
1149,30000,BE25,Provincie West-Vlaanderen,Serlet,181
1155,30000,BE25,Provincie West-Vlaanderen,Geerts,180
1155,30000,BE25,Provincie West-Vlaanderen,Mostrey,180
1155,30000,BE25,Provincie West-Vlaanderen,Soen,180
1155,30000,BE25,Provincie West-Vlaanderen,Stroo,180
1155,30000,BE25,Provincie West-Vlaanderen,Tuytens,180
1155,30000,BE25,Provincie West-Vlaanderen,Van Eeckhout,180
1155,30000,BE25,Provincie West-Vlaanderen,Verbanck,180
1155,30000,BE25,Provincie West-Vlaanderen,Vincent,180
1155,30000,BE25,Provincie West-Vlaanderen,Wallays,180
1164,30000,BE25,Provincie West-Vlaanderen,Biebuyck,179
1164,30000,BE25,Provincie West-Vlaanderen,Floréal,179
1164,30000,BE25,Provincie West-Vlaanderen,Laverge,179
1164,30000,BE25,Provincie West-Vlaanderen,Loosveldt,179
1164,30000,BE25,Provincie West-Vlaanderen,Peene,179
1164,30000,BE25,Provincie West-Vlaanderen,Van Eeghem,179
1164,30000,BE25,Provincie West-Vlaanderen,Van Landschoot,179
1164,30000,BE25,Provincie West-Vlaanderen,Vulsteke,179
1172,30000,BE25,Provincie West-Vlaanderen,Beheydt,178
1172,30000,BE25,Provincie West-Vlaanderen,Boddin,178
1172,30000,BE25,Provincie West-Vlaanderen,Butaye,178
1172,30000,BE25,Provincie West-Vlaanderen,Joos,178
1172,30000,BE25,Provincie West-Vlaanderen,Masson,178
1172,30000,BE25,Provincie West-Vlaanderen,Meesschaert,178
1172,30000,BE25,Provincie West-Vlaanderen,Monbaliu,178
1172,30000,BE25,Provincie West-Vlaanderen,Philips,178
1172,30000,BE25,Provincie West-Vlaanderen,Tempelaere,178
1172,30000,BE25,Provincie West-Vlaanderen,Van Brabant,178
1182,30000,BE25,Provincie West-Vlaanderen,Berton,177
1182,30000,BE25,Provincie West-Vlaanderen,Biesbrouck,177
1182,30000,BE25,Provincie West-Vlaanderen,De Keyzer,177
1182,30000,BE25,Provincie West-Vlaanderen,Delameilleure,177
1182,30000,BE25,Provincie West-Vlaanderen,Dochy,177
1182,30000,BE25,Provincie West-Vlaanderen,Duthoo,177
1182,30000,BE25,Provincie West-Vlaanderen,Kerckaert,177
1182,30000,BE25,Provincie West-Vlaanderen,Lietaer,177
1182,30000,BE25,Provincie West-Vlaanderen,Moerkerke,177
1182,30000,BE25,Provincie West-Vlaanderen,Provost,177
1182,30000,BE25,Provincie West-Vlaanderen,Vanooteghem,177
1182,30000,BE25,Provincie West-Vlaanderen,Verkinderen,177
1194,30000,BE25,Provincie West-Vlaanderen,Brulez,176
1194,30000,BE25,Provincie West-Vlaanderen,Cuypers,176
1194,30000,BE25,Provincie West-Vlaanderen,De Jonckheere,176
1194,30000,BE25,Provincie West-Vlaanderen,Dessein,176
1194,30000,BE25,Provincie West-Vlaanderen,Dhaenens,176
1194,30000,BE25,Provincie West-Vlaanderen,Goddeeris,176
1194,30000,BE25,Provincie West-Vlaanderen,Lavaert,176
1194,30000,BE25,Provincie West-Vlaanderen,Markey,176
1194,30000,BE25,Provincie West-Vlaanderen,Peers,176
1194,30000,BE25,Provincie West-Vlaanderen,Supply,176
1194,30000,BE25,Provincie West-Vlaanderen,Vandersteene,176
1194,30000,BE25,Provincie West-Vlaanderen,Vandesteene,176
1206,30000,BE25,Provincie West-Vlaanderen,Craeynest,175
1206,30000,BE25,Provincie West-Vlaanderen,Dierckens,175
1206,30000,BE25,Provincie West-Vlaanderen,Doornaert,175
1206,30000,BE25,Provincie West-Vlaanderen,Hamers,175
1206,30000,BE25,Provincie West-Vlaanderen,Meert,175
1211,30000,BE25,Provincie West-Vlaanderen,Blontrock,174
1211,30000,BE25,Provincie West-Vlaanderen,Caestecker,174
1211,30000,BE25,Provincie West-Vlaanderen,Geryl,174
1211,30000,BE25,Provincie West-Vlaanderen,Meersman,174
1211,30000,BE25,Provincie West-Vlaanderen,Mohamed,174
1211,30000,BE25,Provincie West-Vlaanderen,Pylyser,174
1211,30000,BE25,Provincie West-Vlaanderen,Ryckewaert,174
1211,30000,BE25,Provincie West-Vlaanderen,Vanstechelman,174
1219,30000,BE25,Provincie West-Vlaanderen,Defoor,173
1219,30000,BE25,Provincie West-Vlaanderen,Devreese,173
1219,30000,BE25,Provincie West-Vlaanderen,Nachtergaele,173
1219,30000,BE25,Provincie West-Vlaanderen,Vandommele,173
1219,30000,BE25,Provincie West-Vlaanderen,Vercauteren,173
1219,30000,BE25,Provincie West-Vlaanderen,Vermeesch,173
1219,30000,BE25,Provincie West-Vlaanderen,Versluys,173
1226,30000,BE25,Provincie West-Vlaanderen,Bossu,172
1226,30000,BE25,Provincie West-Vlaanderen,De Schrijver,172
1226,30000,BE25,Provincie West-Vlaanderen,Decavele,172
1226,30000,BE25,Provincie West-Vlaanderen,Delbecque,172
1226,30000,BE25,Provincie West-Vlaanderen,Espeel,172
1226,30000,BE25,Provincie West-Vlaanderen,Ledoux,172
1226,30000,BE25,Provincie West-Vlaanderen,Patteeuw,172
1226,30000,BE25,Provincie West-Vlaanderen,Stockman,172
1226,30000,BE25,Provincie West-Vlaanderen,Van Meenen,172
1226,30000,BE25,Provincie West-Vlaanderen,Vervaele,172
1236,30000,BE25,Provincie West-Vlaanderen,Bulteel,171
1236,30000,BE25,Provincie West-Vlaanderen,Carron,171
1236,30000,BE25,Provincie West-Vlaanderen,Cattrysse,171
1236,30000,BE25,Provincie West-Vlaanderen,De Bel,171
1236,30000,BE25,Provincie West-Vlaanderen,De Deyne,171
1236,30000,BE25,Provincie West-Vlaanderen,Gyselinck,171
1236,30000,BE25,Provincie West-Vlaanderen,Lecomte,171
1236,30000,BE25,Provincie West-Vlaanderen,Noyelle,171
1236,30000,BE25,Provincie West-Vlaanderen,Teerlinck,171
1236,30000,BE25,Provincie West-Vlaanderen,Van Compernolle,171
1236,30000,BE25,Provincie West-Vlaanderen,Van Laethem,171
1247,30000,BE25,Provincie West-Vlaanderen,Commeyne,170
1247,30000,BE25,Provincie West-Vlaanderen,Dequidt,170
1247,30000,BE25,Provincie West-Vlaanderen,Gurung,170
1247,30000,BE25,Provincie West-Vlaanderen,Vandevyver,170
1251,30000,BE25,Provincie West-Vlaanderen,Baeyens,169
1251,30000,BE25,Provincie West-Vlaanderen,Bardyn,169
1251,30000,BE25,Provincie West-Vlaanderen,Belaen,169
1251,30000,BE25,Provincie West-Vlaanderen,Carels,169
1251,30000,BE25,Provincie West-Vlaanderen,Coolsaet,169
1251,30000,BE25,Provincie West-Vlaanderen,Delarue,169
1251,30000,BE25,Provincie West-Vlaanderen,Himpens,169
1251,30000,BE25,Provincie West-Vlaanderen,Houwen,169
1251,30000,BE25,Provincie West-Vlaanderen,Ingels,169
1251,30000,BE25,Provincie West-Vlaanderen,Lucas,169
1251,30000,BE25,Provincie West-Vlaanderen,Meulebrouck,169
1251,30000,BE25,Provincie West-Vlaanderen,Van Dycke,169
1263,30000,BE25,Provincie West-Vlaanderen,Ackaert,168
1263,30000,BE25,Provincie West-Vlaanderen,Bohez,168
1263,30000,BE25,Provincie West-Vlaanderen,Despeghel,168
1263,30000,BE25,Provincie West-Vlaanderen,Hoedt,168
1263,30000,BE25,Provincie West-Vlaanderen,Masselis,168
1263,30000,BE25,Provincie West-Vlaanderen,Onraedt,168
1263,30000,BE25,Provincie West-Vlaanderen,Samaey,168
1263,30000,BE25,Provincie West-Vlaanderen,Vanbrabant,168
1263,30000,BE25,Provincie West-Vlaanderen,Verbeure,168
1272,30000,BE25,Provincie West-Vlaanderen,De Jaegher,167
1272,30000,BE25,Provincie West-Vlaanderen,De Schryver,167
1272,30000,BE25,Provincie West-Vlaanderen,Defraeye,167
1272,30000,BE25,Provincie West-Vlaanderen,Dekoninck,167
1272,30000,BE25,Provincie West-Vlaanderen,Vande Kerckhove,167
1277,30000,BE25,Provincie West-Vlaanderen,Carpels,166
1277,30000,BE25,Provincie West-Vlaanderen,De Rammelaere,166
1277,30000,BE25,Provincie West-Vlaanderen,Debel,166
1277,30000,BE25,Provincie West-Vlaanderen,Dehouck,166
1277,30000,BE25,Provincie West-Vlaanderen,Dejaegere,166
1277,30000,BE25,Provincie West-Vlaanderen,Dhaene,166
1277,30000,BE25,Provincie West-Vlaanderen,Haerinck,166
1277,30000,BE25,Provincie West-Vlaanderen,Lernout,166
1277,30000,BE25,Provincie West-Vlaanderen,Van Nevel,166
1277,30000,BE25,Provincie West-Vlaanderen,Verrecas,166
1287,30000,BE25,Provincie West-Vlaanderen,Arickx,165
1287,30000,BE25,Provincie West-Vlaanderen,D'Hooghe,165
1287,30000,BE25,Provincie West-Vlaanderen,Lonneville,165
1287,30000,BE25,Provincie West-Vlaanderen,Maeyaert,165
1287,30000,BE25,Provincie West-Vlaanderen,Moreau,165
1287,30000,BE25,Provincie West-Vlaanderen,Van Eeckhoutte,165
1293,30000,BE25,Provincie West-Vlaanderen,Deloddere,164
1293,30000,BE25,Provincie West-Vlaanderen,Hautekiet,164
1293,30000,BE25,Provincie West-Vlaanderen,Keirsebilck,164
1293,30000,BE25,Provincie West-Vlaanderen,Vanzieleghem,164
1293,30000,BE25,Provincie West-Vlaanderen,Veryser,164
1298,30000,BE25,Provincie West-Vlaanderen,Beeuwsaert,163
1298,30000,BE25,Provincie West-Vlaanderen,De Poorter,163
1298,30000,BE25,Provincie West-Vlaanderen,Demolder,163
1298,30000,BE25,Provincie West-Vlaanderen,Desmyter,163
1298,30000,BE25,Provincie West-Vlaanderen,Fraeyman,163
1298,30000,BE25,Provincie West-Vlaanderen,Peere,163
1298,30000,BE25,Provincie West-Vlaanderen,Portier,163
1298,30000,BE25,Provincie West-Vlaanderen,Vansteenhuyse,163
1298,30000,BE25,Provincie West-Vlaanderen,Verhaegen,163
1307,30000,BE25,Provincie West-Vlaanderen,Leclercq,162
1307,30000,BE25,Provincie West-Vlaanderen,Maeckelbergh,162
1307,30000,BE25,Provincie West-Vlaanderen,Tyvaert,162
1307,30000,BE25,Provincie West-Vlaanderen,Van Praet,162
1307,30000,BE25,Provincie West-Vlaanderen,Vanbillemont,162
1312,30000,BE25,Provincie West-Vlaanderen,Bouten,161
1312,30000,BE25,Provincie West-Vlaanderen,Boydens,161
1312,30000,BE25,Provincie West-Vlaanderen,D'hoop,161
1312,30000,BE25,Provincie West-Vlaanderen,De Lille,161
1312,30000,BE25,Provincie West-Vlaanderen,Madou,161
1312,30000,BE25,Provincie West-Vlaanderen,Meerschaert,161
1312,30000,BE25,Provincie West-Vlaanderen,Vanbelleghem,161
1312,30000,BE25,Provincie West-Vlaanderen,Vromant,161
1312,30000,BE25,Provincie West-Vlaanderen,Wostyn,161
1321,30000,BE25,Provincie West-Vlaanderen,Decleir,160
1321,30000,BE25,Provincie West-Vlaanderen,Delie,160
1321,30000,BE25,Provincie West-Vlaanderen,Haspeslagh,160
1321,30000,BE25,Provincie West-Vlaanderen,Quintens,160
1325,30000,BE25,Provincie West-Vlaanderen,Dewanckele,159
1325,30000,BE25,Provincie West-Vlaanderen,Lips,159
1325,30000,BE25,Provincie West-Vlaanderen,Neyts,159
1325,30000,BE25,Provincie West-Vlaanderen,Rousseau,159
1325,30000,BE25,Provincie West-Vlaanderen,Rys,159
1325,30000,BE25,Provincie West-Vlaanderen,Viane,159
1325,30000,BE25,Provincie West-Vlaanderen,Wildemeersch,159
1332,30000,BE25,Provincie West-Vlaanderen,Bettens,158
1332,30000,BE25,Provincie West-Vlaanderen,Boudrez,158
1332,30000,BE25,Provincie West-Vlaanderen,Daelman,158
1332,30000,BE25,Provincie West-Vlaanderen,Dezitter,158
1332,30000,BE25,Provincie West-Vlaanderen,Gryspeerdt,158
1332,30000,BE25,Provincie West-Vlaanderen,Mattheeuws,158
1332,30000,BE25,Provincie West-Vlaanderen,Noë,158
1332,30000,BE25,Provincie West-Vlaanderen,Remmery,158
1332,30000,BE25,Provincie West-Vlaanderen,Sarrazyn,158
1332,30000,BE25,Provincie West-Vlaanderen,Van Bruwaene,158
1342,30000,BE25,Provincie West-Vlaanderen,Baelde,157
1342,30000,BE25,Provincie West-Vlaanderen,D'Hoore,157
1342,30000,BE25,Provincie West-Vlaanderen,De Schacht,157
1342,30000,BE25,Provincie West-Vlaanderen,Deleersnijder,157
1342,30000,BE25,Provincie West-Vlaanderen,Deschryver,157
1342,30000,BE25,Provincie West-Vlaanderen,Vandenbroele,157
1348,30000,BE25,Provincie West-Vlaanderen,Beirens,156
1348,30000,BE25,Provincie West-Vlaanderen,Beun,156
1348,30000,BE25,Provincie West-Vlaanderen,Boerjan,156
1348,30000,BE25,Provincie West-Vlaanderen,Cambier,156
1348,30000,BE25,Provincie West-Vlaanderen,Clybouw,156
1348,30000,BE25,Provincie West-Vlaanderen,Debaillie,156
1348,30000,BE25,Provincie West-Vlaanderen,Geerardyn,156
1348,30000,BE25,Provincie West-Vlaanderen,Leleu,156
1348,30000,BE25,Provincie West-Vlaanderen,Loyson,156
1348,30000,BE25,Provincie West-Vlaanderen,Myny,156
1348,30000,BE25,Provincie West-Vlaanderen,Ongenae,156
1348,30000,BE25,Provincie West-Vlaanderen,Schelstraete,156
1348,30000,BE25,Provincie West-Vlaanderen,Van Driessche,156
1348,30000,BE25,Provincie West-Vlaanderen,Vynck,156
1362,30000,BE25,Provincie West-Vlaanderen,Borry,155
1362,30000,BE25,Provincie West-Vlaanderen,Deboosere,155
1362,30000,BE25,Provincie West-Vlaanderen,Depotter,155
1362,30000,BE25,Provincie West-Vlaanderen,Devisscher,155
1362,30000,BE25,Provincie West-Vlaanderen,Haelewyn,155
1362,30000,BE25,Provincie West-Vlaanderen,Haghedooren,155
1362,30000,BE25,Provincie West-Vlaanderen,Hollebeke,155
1362,30000,BE25,Provincie West-Vlaanderen,Scherrens,155
1362,30000,BE25,Provincie West-Vlaanderen,Slosse,155
1362,30000,BE25,Provincie West-Vlaanderen,Thieren,155
1362,30000,BE25,Provincie West-Vlaanderen,Vrielynck,155
1362,30000,BE25,Provincie West-Vlaanderen,Vromman,155
1374,30000,BE25,Provincie West-Vlaanderen,Boey,154
1374,30000,BE25,Provincie West-Vlaanderen,Deblieck,154
1374,30000,BE25,Provincie West-Vlaanderen,Deramoudt,154
1374,30000,BE25,Provincie West-Vlaanderen,Dury,154
1374,30000,BE25,Provincie West-Vlaanderen,Quintyn,154
1374,30000,BE25,Provincie West-Vlaanderen,Roman,154
1374,30000,BE25,Provincie West-Vlaanderen,Van Biervliet,154
1374,30000,BE25,Provincie West-Vlaanderen,Vanraes,154
1382,30000,BE25,Provincie West-Vlaanderen,Beyaert,153
1382,30000,BE25,Provincie West-Vlaanderen,Cordier,153
1382,30000,BE25,Provincie West-Vlaanderen,Deraeve,153
1382,30000,BE25,Provincie West-Vlaanderen,Deschuymere,153
1382,30000,BE25,Provincie West-Vlaanderen,Lannoye,153
1382,30000,BE25,Provincie West-Vlaanderen,Van Hoecke,153
1382,30000,BE25,Provincie West-Vlaanderen,Vandelanotte,153
1382,30000,BE25,Provincie West-Vlaanderen,Verpoort,153
1390,30000,BE25,Provincie West-Vlaanderen,Ameele,152
1390,30000,BE25,Provincie West-Vlaanderen,Croes,152
1390,30000,BE25,Provincie West-Vlaanderen,Deprince,152
1390,30000,BE25,Provincie West-Vlaanderen,Develter,152
1390,30000,BE25,Provincie West-Vlaanderen,Roobroeck,152
1390,30000,BE25,Provincie West-Vlaanderen,Speleers,152
1390,30000,BE25,Provincie West-Vlaanderen,Steenkiste,152
1390,30000,BE25,Provincie West-Vlaanderen,Vanhoecke,152
1390,30000,BE25,Provincie West-Vlaanderen,Vansieleghem,152
1399,30000,BE25,Provincie West-Vlaanderen,Allary,151
1399,30000,BE25,Provincie West-Vlaanderen,Bovyn,151
1399,30000,BE25,Provincie West-Vlaanderen,Cappoen,151
1399,30000,BE25,Provincie West-Vlaanderen,Cogghe,151
1399,30000,BE25,Provincie West-Vlaanderen,De Beir,151
1399,30000,BE25,Provincie West-Vlaanderen,Debo,151
1399,30000,BE25,Provincie West-Vlaanderen,Garreyn,151
1399,30000,BE25,Provincie West-Vlaanderen,Jacob,151
1399,30000,BE25,Provincie West-Vlaanderen,Jodts,151
1399,30000,BE25,Provincie West-Vlaanderen,Ryckeboer,151
1399,30000,BE25,Provincie West-Vlaanderen,Theunynck,151
1399,30000,BE25,Provincie West-Vlaanderen,Wyckaert,151
1411,30000,BE25,Provincie West-Vlaanderen,Annys,150
1411,30000,BE25,Provincie West-Vlaanderen,Brysse,150
1411,30000,BE25,Provincie West-Vlaanderen,Decadt,150
1411,30000,BE25,Provincie West-Vlaanderen,Despriet,150
1411,30000,BE25,Provincie West-Vlaanderen,Goesaert,150
1411,30000,BE25,Provincie West-Vlaanderen,Impens,150
1411,30000,BE25,Provincie West-Vlaanderen,Leeman,150
1411,30000,BE25,Provincie West-Vlaanderen,Melis,150
1411,30000,BE25,Provincie West-Vlaanderen,Schollier,150
1411,30000,BE25,Provincie West-Vlaanderen,Sneppe,150
1411,30000,BE25,Provincie West-Vlaanderen,Vermeiren,150
1422,30000,BE25,Provincie West-Vlaanderen,Berghman,149
1422,30000,BE25,Provincie West-Vlaanderen,Bleyaert,149
1422,30000,BE25,Provincie West-Vlaanderen,Caenepeel,149
1422,30000,BE25,Provincie West-Vlaanderen,Deneweth,149
1422,30000,BE25,Provincie West-Vlaanderen,Gelaude,149
1422,30000,BE25,Provincie West-Vlaanderen,Mistiaen,149
1422,30000,BE25,Provincie West-Vlaanderen,Popa,149
1422,30000,BE25,Provincie West-Vlaanderen,Welvaert,149
1430,30000,BE25,Provincie West-Vlaanderen,Aernoudt,148
1430,30000,BE25,Provincie West-Vlaanderen,Ahmadzai,148
1430,30000,BE25,Provincie West-Vlaanderen,Demoor,148
1430,30000,BE25,Provincie West-Vlaanderen,Gobert,148
1430,30000,BE25,Provincie West-Vlaanderen,Lazou,148
1430,30000,BE25,Provincie West-Vlaanderen,Schoutteten,148
1430,30000,BE25,Provincie West-Vlaanderen,Vanderper,148
1437,30000,BE25,Provincie West-Vlaanderen,Bulckaen,147
1437,30000,BE25,Provincie West-Vlaanderen,Craeymeersch,147
1437,30000,BE25,Provincie West-Vlaanderen,De Ceuninck,147
1437,30000,BE25,Provincie West-Vlaanderen,De Wit,147
1437,30000,BE25,Provincie West-Vlaanderen,Heyman,147
1437,30000,BE25,Provincie West-Vlaanderen,Lebon,147
1437,30000,BE25,Provincie West-Vlaanderen,Michels,147
1437,30000,BE25,Provincie West-Vlaanderen,Sampers,147
1437,30000,BE25,Provincie West-Vlaanderen,Tahon,147
1437,30000,BE25,Provincie West-Vlaanderen,Timmermans,147
1437,30000,BE25,Provincie West-Vlaanderen,Van Colen,147
1437,30000,BE25,Provincie West-Vlaanderen,Van Hollebeke,147
1437,30000,BE25,Provincie West-Vlaanderen,Van den Abeele,147
1437,30000,BE25,Provincie West-Vlaanderen,Vienne,147
1451,30000,BE25,Provincie West-Vlaanderen,Desomer,146
1451,30000,BE25,Provincie West-Vlaanderen,Devlaminck,146
1451,30000,BE25,Provincie West-Vlaanderen,Devogelaere,146
1451,30000,BE25,Provincie West-Vlaanderen,Ducatteeuw,146
1451,30000,BE25,Provincie West-Vlaanderen,Duprez,146
1451,30000,BE25,Provincie West-Vlaanderen,Gruwez,146
1451,30000,BE25,Provincie West-Vlaanderen,Lobbens,146
1451,30000,BE25,Provincie West-Vlaanderen,Peel,146
1451,30000,BE25,Provincie West-Vlaanderen,Slembrouck,146
1451,30000,BE25,Provincie West-Vlaanderen,Tamsin,146
1461,30000,BE25,Provincie West-Vlaanderen,Bouckenooghe,145
1461,30000,BE25,Provincie West-Vlaanderen,Bral,145
1461,30000,BE25,Provincie West-Vlaanderen,Clevers,145
1461,30000,BE25,Provincie West-Vlaanderen,Cortvriendt,145
1461,30000,BE25,Provincie West-Vlaanderen,Esprit,145
1461,30000,BE25,Provincie West-Vlaanderen,Geirnaert,145
1461,30000,BE25,Provincie West-Vlaanderen,Hassan,145
1461,30000,BE25,Provincie West-Vlaanderen,Lagaisse,145
1461,30000,BE25,Provincie West-Vlaanderen,Parrein,145
1461,30000,BE25,Provincie West-Vlaanderen,Ryde,145
1461,30000,BE25,Provincie West-Vlaanderen,Van Haecke,145
1461,30000,BE25,Provincie West-Vlaanderen,Van Houcke,145
1461,30000,BE25,Provincie West-Vlaanderen,Verkeyn,145
1474,30000,BE25,Provincie West-Vlaanderen,Becu,144
1474,30000,BE25,Provincie West-Vlaanderen,Blommaert,144
1474,30000,BE25,Provincie West-Vlaanderen,Burggraeve,144
1474,30000,BE25,Provincie West-Vlaanderen,Coudron,144
1474,30000,BE25,Provincie West-Vlaanderen,Debaenst,144
1474,30000,BE25,Provincie West-Vlaanderen,Defevere,144
1474,30000,BE25,Provincie West-Vlaanderen,Deserranno,144
1474,30000,BE25,Provincie West-Vlaanderen,Gardin,144
1474,30000,BE25,Provincie West-Vlaanderen,Hinderyckx,144
1474,30000,BE25,Provincie West-Vlaanderen,Lams,144
1474,30000,BE25,Provincie West-Vlaanderen,Mohammadi,144
1474,30000,BE25,Provincie West-Vlaanderen,Pauwaert,144
1474,30000,BE25,Provincie West-Vlaanderen,Vande Ginste,144
1474,30000,BE25,Provincie West-Vlaanderen,Verschatse,144
1488,30000,BE25,Provincie West-Vlaanderen,Azou,143
1488,30000,BE25,Provincie West-Vlaanderen,De Klerck,143
1488,30000,BE25,Provincie West-Vlaanderen,Debaets,143
1488,30000,BE25,Provincie West-Vlaanderen,Delabie,143
1488,30000,BE25,Provincie West-Vlaanderen,Depover,143
1488,30000,BE25,Provincie West-Vlaanderen,Lowie,143
1488,30000,BE25,Provincie West-Vlaanderen,Maddelein,143
1488,30000,BE25,Provincie West-Vlaanderen,Van Lierde,143
1488,30000,BE25,Provincie West-Vlaanderen,Vandeburie,143
1488,30000,BE25,Provincie West-Vlaanderen,Vangampelaere,143
1488,30000,BE25,Provincie West-Vlaanderen,Victoor,143
1499,30000,BE25,Provincie West-Vlaanderen,Dermaut,142
1499,30000,BE25,Provincie West-Vlaanderen,Rahimi,142
1499,30000,BE25,Provincie West-Vlaanderen,Rau,142
1499,30000,BE25,Provincie West-Vlaanderen,Senesael,142
1499,30000,BE25,Provincie West-Vlaanderen,Tommelein,142
1499,30000,BE25,Provincie West-Vlaanderen,Van Den Berghe,142
1499,30000,BE25,Provincie West-Vlaanderen,Vanoost,142
1506,30000,BE25,Provincie West-Vlaanderen,Deknudt,141
1506,30000,BE25,Provincie West-Vlaanderen,Ghyselinck,141
1506,30000,BE25,Provincie West-Vlaanderen,Gryp,141
1506,30000,BE25,Provincie West-Vlaanderen,Haemers,141
1506,30000,BE25,Provincie West-Vlaanderen,Helsmoortel,141
1506,30000,BE25,Provincie West-Vlaanderen,Lahaye,141
1506,30000,BE25,Provincie West-Vlaanderen,Lebbe,141
1506,30000,BE25,Provincie West-Vlaanderen,Petit,141
1506,30000,BE25,Provincie West-Vlaanderen,Samoy,141
1506,30000,BE25,Provincie West-Vlaanderen,Schoonvaere,141
1506,30000,BE25,Provincie West-Vlaanderen,Smagghe,141
1506,30000,BE25,Provincie West-Vlaanderen,Vaernewyck,141
1506,30000,BE25,Provincie West-Vlaanderen,Verheyen,141
1506,30000,BE25,Provincie West-Vlaanderen,Vervaeck,141
1520,30000,BE25,Provincie West-Vlaanderen,Deberdt,140
1520,30000,BE25,Provincie West-Vlaanderen,Delhaye,140
1520,30000,BE25,Provincie West-Vlaanderen,Dendoncker,140
1520,30000,BE25,Provincie West-Vlaanderen,Eeckeloo,140
1520,30000,BE25,Provincie West-Vlaanderen,Glorie,140
1520,30000,BE25,Provincie West-Vlaanderen,Herpoel,140
1520,30000,BE25,Provincie West-Vlaanderen,Jansseune,140
1520,30000,BE25,Provincie West-Vlaanderen,Paret,140
1520,30000,BE25,Provincie West-Vlaanderen,Rebry,140
1520,30000,BE25,Provincie West-Vlaanderen,Roos,140
1520,30000,BE25,Provincie West-Vlaanderen,Roussel,140
1520,30000,BE25,Provincie West-Vlaanderen,Vanhuysse,140
1520,30000,BE25,Provincie West-Vlaanderen,Vertriest,140
1533,30000,BE25,Provincie West-Vlaanderen,Bulckaert,139
1533,30000,BE25,Provincie West-Vlaanderen,De Kimpe,139
1533,30000,BE25,Provincie West-Vlaanderen,Dhoore,139
1533,30000,BE25,Provincie West-Vlaanderen,Faes,139
1533,30000,BE25,Provincie West-Vlaanderen,Lepoutre,139
1533,30000,BE25,Provincie West-Vlaanderen,Minjauw,139
1533,30000,BE25,Provincie West-Vlaanderen,Paepe,139
1533,30000,BE25,Provincie West-Vlaanderen,Roelstraete,139
1533,30000,BE25,Provincie West-Vlaanderen,Vandermarliere,139
1542,30000,BE25,Provincie West-Vlaanderen,Chielens,138
1542,30000,BE25,Provincie West-Vlaanderen,De Blauwe,138
1542,30000,BE25,Provincie West-Vlaanderen,De Brauwer,138
1542,30000,BE25,Provincie West-Vlaanderen,Deschuytter,138
1542,30000,BE25,Provincie West-Vlaanderen,Devrome,138
1542,30000,BE25,Provincie West-Vlaanderen,Dombrecht,138
1542,30000,BE25,Provincie West-Vlaanderen,Gantois,138
1542,30000,BE25,Provincie West-Vlaanderen,Germonprez,138
1542,30000,BE25,Provincie West-Vlaanderen,Leyn,138
1542,30000,BE25,Provincie West-Vlaanderen,Libeer,138
1542,30000,BE25,Provincie West-Vlaanderen,Plaetevoet,138
1542,30000,BE25,Provincie West-Vlaanderen,Quaegebeur,138
1542,30000,BE25,Provincie West-Vlaanderen,Steelant,138
1542,30000,BE25,Provincie West-Vlaanderen,Vanelslander,138
1542,30000,BE25,Provincie West-Vlaanderen,Vanpraet,138
1542,30000,BE25,Provincie West-Vlaanderen,Verkindere,138
1558,30000,BE25,Provincie West-Vlaanderen,Coppejans,137
1558,30000,BE25,Provincie West-Vlaanderen,De Prest,137
1558,30000,BE25,Provincie West-Vlaanderen,Franco,137
1558,30000,BE25,Provincie West-Vlaanderen,Jaecques,137
1558,30000,BE25,Provincie West-Vlaanderen,Opstaele,137
1558,30000,BE25,Provincie West-Vlaanderen,Tijtgat,137
1558,30000,BE25,Provincie West-Vlaanderen,Van Vooren,137
1558,30000,BE25,Provincie West-Vlaanderen,Vandenameele,137
1558,30000,BE25,Provincie West-Vlaanderen,Vanhevel,137
1567,30000,BE25,Provincie West-Vlaanderen,Boeve,136
1567,30000,BE25,Provincie West-Vlaanderen,Borny,136
1567,30000,BE25,Provincie West-Vlaanderen,Daels,136
1567,30000,BE25,Provincie West-Vlaanderen,De Ruyter,136
1567,30000,BE25,Provincie West-Vlaanderen,Decramer,136
1567,30000,BE25,Provincie West-Vlaanderen,Delobelle,136
1567,30000,BE25,Provincie West-Vlaanderen,Demeersseman,136
1567,30000,BE25,Provincie West-Vlaanderen,Dever,136
1567,30000,BE25,Provincie West-Vlaanderen,Lapauw,136
1567,30000,BE25,Provincie West-Vlaanderen,Van Lancker,136
1567,30000,BE25,Provincie West-Vlaanderen,Vanbeselaere,136
1567,30000,BE25,Provincie West-Vlaanderen,Vandenweghe,136
1567,30000,BE25,Provincie West-Vlaanderen,Vlamynck,136
1580,30000,BE25,Provincie West-Vlaanderen,Accou,135
1580,30000,BE25,Provincie West-Vlaanderen,Albrecht,135
1580,30000,BE25,Provincie West-Vlaanderen,Beel,135
1580,30000,BE25,Provincie West-Vlaanderen,Bulcaen,135
1580,30000,BE25,Provincie West-Vlaanderen,Covemaeker,135
1580,30000,BE25,Provincie West-Vlaanderen,Crabbe,135
1580,30000,BE25,Provincie West-Vlaanderen,De Bruyn,135
1580,30000,BE25,Provincie West-Vlaanderen,Deroose,135
1580,30000,BE25,Provincie West-Vlaanderen,Deseyn,135
1580,30000,BE25,Provincie West-Vlaanderen,Huyse,135
1580,30000,BE25,Provincie West-Vlaanderen,Loones,135
1580,30000,BE25,Provincie West-Vlaanderen,Luypaert,135
1580,30000,BE25,Provincie West-Vlaanderen,Marreel,135
1580,30000,BE25,Provincie West-Vlaanderen,Vandeplassche,135
1580,30000,BE25,Provincie West-Vlaanderen,Vanderplancke,135
1580,30000,BE25,Provincie West-Vlaanderen,Verbiest,135
1596,30000,BE25,Provincie West-Vlaanderen,Acx,134
1596,30000,BE25,Provincie West-Vlaanderen,Batsleer,134
1596,30000,BE25,Provincie West-Vlaanderen,Breemersch,134
1596,30000,BE25,Provincie West-Vlaanderen,De Schuyter,134
1596,30000,BE25,Provincie West-Vlaanderen,Deneckere,134
1596,30000,BE25,Provincie West-Vlaanderen,Deplancke,134
1596,30000,BE25,Provincie West-Vlaanderen,Gailliaert,134
1596,30000,BE25,Provincie West-Vlaanderen,Morlion,134
1596,30000,BE25,Provincie West-Vlaanderen,Teirlinck,134
1596,30000,BE25,Provincie West-Vlaanderen,Van Goethem,134
1596,30000,BE25,Provincie West-Vlaanderen,Vande Vyvere,134
1596,30000,BE25,Provincie West-Vlaanderen,Vermeylen,134
1596,30000,BE25,Provincie West-Vlaanderen,Vlietinck,134
1609,30000,BE25,Provincie West-Vlaanderen,Bouckhuyt,133
1609,30000,BE25,Provincie West-Vlaanderen,Cuylle,133
1609,30000,BE25,Provincie West-Vlaanderen,Labarque,133
1609,30000,BE25,Provincie West-Vlaanderen,Laporte,133
1609,30000,BE25,Provincie West-Vlaanderen,Pecceu,133
1609,30000,BE25,Provincie West-Vlaanderen,Phlypo,133
1609,30000,BE25,Provincie West-Vlaanderen,Pyfferoen,133
1609,30000,BE25,Provincie West-Vlaanderen,Schacht,133
1609,30000,BE25,Provincie West-Vlaanderen,Syx,133
1609,30000,BE25,Provincie West-Vlaanderen,Tilleman,133
1609,30000,BE25,Provincie West-Vlaanderen,Van Mullem,133
1609,30000,BE25,Provincie West-Vlaanderen,Verhaest,133
1609,30000,BE25,Provincie West-Vlaanderen,Vermont,133
1622,30000,BE25,Provincie West-Vlaanderen,Baetens,132
1622,30000,BE25,Provincie West-Vlaanderen,Ballieu,132
1622,30000,BE25,Provincie West-Vlaanderen,Brusselle,132
1622,30000,BE25,Provincie West-Vlaanderen,Debosschere,132
1622,30000,BE25,Provincie West-Vlaanderen,Dequeker,132
1622,30000,BE25,Provincie West-Vlaanderen,Ibrahim,132
1622,30000,BE25,Provincie West-Vlaanderen,Peirs,132
1622,30000,BE25,Provincie West-Vlaanderen,Roelandt,132
1622,30000,BE25,Provincie West-Vlaanderen,Truyaert,132
1622,30000,BE25,Provincie West-Vlaanderen,Vandenbrande,132
1632,30000,BE25,Provincie West-Vlaanderen,Avet,131
1632,30000,BE25,Provincie West-Vlaanderen,Breemeersch,131
1632,30000,BE25,Provincie West-Vlaanderen,Derammelaere,131
1632,30000,BE25,Provincie West-Vlaanderen,Detailleur,131
1632,30000,BE25,Provincie West-Vlaanderen,Detremmerie,131
1632,30000,BE25,Provincie West-Vlaanderen,Dewispelaere,131
1632,30000,BE25,Provincie West-Vlaanderen,Duquesne,131
1632,30000,BE25,Provincie West-Vlaanderen,Fieuw,131
1632,30000,BE25,Provincie West-Vlaanderen,Gaytant,131
1632,30000,BE25,Provincie West-Vlaanderen,Lagrange,131
1632,30000,BE25,Provincie West-Vlaanderen,Lapierre,131
1632,30000,BE25,Provincie West-Vlaanderen,Lecoutere,131
1632,30000,BE25,Provincie West-Vlaanderen,Lemey,131
1632,30000,BE25,Provincie West-Vlaanderen,Leterme,131
1632,30000,BE25,Provincie West-Vlaanderen,Manhaeve,131
1632,30000,BE25,Provincie West-Vlaanderen,Mullie,131
1632,30000,BE25,Provincie West-Vlaanderen,Ooghe,131
1632,30000,BE25,Provincie West-Vlaanderen,Pattijn,131
1632,30000,BE25,Provincie West-Vlaanderen,Rigolle,131
1632,30000,BE25,Provincie West-Vlaanderen,Vanbeveren,131
1632,30000,BE25,Provincie West-Vlaanderen,Vanseveren,131
1632,30000,BE25,Provincie West-Vlaanderen,Verbruggen,131
1654,30000,BE25,Provincie West-Vlaanderen,Bert,130
1654,30000,BE25,Provincie West-Vlaanderen,Buyle,130
1654,30000,BE25,Provincie West-Vlaanderen,Caes,130
1654,30000,BE25,Provincie West-Vlaanderen,Cauwels,130
1654,30000,BE25,Provincie West-Vlaanderen,De Roeck,130
1654,30000,BE25,Provincie West-Vlaanderen,Latruwe,130
1654,30000,BE25,Provincie West-Vlaanderen,Schaubroeck,130
1654,30000,BE25,Provincie West-Vlaanderen,Vanderwee,130
1662,30000,BE25,Provincie West-Vlaanderen,Bouton,129
1662,30000,BE25,Provincie West-Vlaanderen,De Vlaminck,129
1662,30000,BE25,Provincie West-Vlaanderen,De Vriendt,129
1662,30000,BE25,Provincie West-Vlaanderen,Debeer,129
1662,30000,BE25,Provincie West-Vlaanderen,Desmit,129
1662,30000,BE25,Provincie West-Vlaanderen,Heughebaert,129
1662,30000,BE25,Provincie West-Vlaanderen,Lapiere,129
1662,30000,BE25,Provincie West-Vlaanderen,Lowagie,129
1662,30000,BE25,Provincie West-Vlaanderen,Lybeer,129
1662,30000,BE25,Provincie West-Vlaanderen,Neuville,129
1662,30000,BE25,Provincie West-Vlaanderen,Plysier,129
1662,30000,BE25,Provincie West-Vlaanderen,Poelvoorde,129
1662,30000,BE25,Provincie West-Vlaanderen,Van Ackere,129
1662,30000,BE25,Provincie West-Vlaanderen,Van Den Broucke,129
1662,30000,BE25,Provincie West-Vlaanderen,Vandevenne,129
1677,30000,BE25,Provincie West-Vlaanderen,Brys,128
1677,30000,BE25,Provincie West-Vlaanderen,Sandra,128
1677,30000,BE25,Provincie West-Vlaanderen,Talpe,128
1677,30000,BE25,Provincie West-Vlaanderen,Yde,128
1681,30000,BE25,Provincie West-Vlaanderen,Cherlet,127
1681,30000,BE25,Provincie West-Vlaanderen,Cottenie,127
1681,30000,BE25,Provincie West-Vlaanderen,De Marez,127
1681,30000,BE25,Provincie West-Vlaanderen,Dejaeger,127
1681,30000,BE25,Provincie West-Vlaanderen,Deneire,127
1681,30000,BE25,Provincie West-Vlaanderen,Desmadryl,127
1681,30000,BE25,Provincie West-Vlaanderen,Desot,127
1681,30000,BE25,Provincie West-Vlaanderen,Despiegelaere,127
1681,30000,BE25,Provincie West-Vlaanderen,Devlieghere,127
1681,30000,BE25,Provincie West-Vlaanderen,Ghys,127
1681,30000,BE25,Provincie West-Vlaanderen,Masselus,127
1681,30000,BE25,Provincie West-Vlaanderen,Muylaert,127
1681,30000,BE25,Provincie West-Vlaanderen,Noori,127
1681,30000,BE25,Provincie West-Vlaanderen,Nowé,127
1681,30000,BE25,Provincie West-Vlaanderen,Pardo,127
1681,30000,BE25,Provincie West-Vlaanderen,Vanden Bulcke,127
1681,30000,BE25,Provincie West-Vlaanderen,Vanspeybrouck,127
1698,30000,BE25,Provincie West-Vlaanderen,Beddeleem,126
1698,30000,BE25,Provincie West-Vlaanderen,Bertier,126
1698,30000,BE25,Provincie West-Vlaanderen,Camara,126
1698,30000,BE25,Provincie West-Vlaanderen,Creyf,126
1698,30000,BE25,Provincie West-Vlaanderen,De Leersnyder,126
1698,30000,BE25,Provincie West-Vlaanderen,De Vrieze,126
1698,30000,BE25,Provincie West-Vlaanderen,Deswarte,126
1698,30000,BE25,Provincie West-Vlaanderen,Dumalin,126
1698,30000,BE25,Provincie West-Vlaanderen,Follens,126
1698,30000,BE25,Provincie West-Vlaanderen,Galloo,126
1698,30000,BE25,Provincie West-Vlaanderen,Harinck,126
1698,30000,BE25,Provincie West-Vlaanderen,Hussein,126
1698,30000,BE25,Provincie West-Vlaanderen,Lanneau,126
1698,30000,BE25,Provincie West-Vlaanderen,Mergaert,126
1698,30000,BE25,Provincie West-Vlaanderen,Roobrouck,126
1698,30000,BE25,Provincie West-Vlaanderen,Van Hamme,126
1698,30000,BE25,Provincie West-Vlaanderen,Van Parijs,126
1698,30000,BE25,Provincie West-Vlaanderen,Vandersyppe,126
1698,30000,BE25,Provincie West-Vlaanderen,Vanoutryve,126
1698,30000,BE25,Provincie West-Vlaanderen,Vansteenbrugge,126
1698,30000,BE25,Provincie West-Vlaanderen,Verstaen,126
1698,30000,BE25,Provincie West-Vlaanderen,Wallyn,126
1720,30000,BE25,Provincie West-Vlaanderen,Amez,125
1720,30000,BE25,Provincie West-Vlaanderen,Beirlaen,125
1720,30000,BE25,Provincie West-Vlaanderen,Clabau,125
1720,30000,BE25,Provincie West-Vlaanderen,Debie,125
1720,30000,BE25,Provincie West-Vlaanderen,Furniere,125
1720,30000,BE25,Provincie West-Vlaanderen,Houtekier,125
1720,30000,BE25,Provincie West-Vlaanderen,Maebe,125
1720,30000,BE25,Provincie West-Vlaanderen,Merckx,125
1720,30000,BE25,Provincie West-Vlaanderen,Thienpont,125
1720,30000,BE25,Provincie West-Vlaanderen,Verschaete,125
1730,30000,BE25,Provincie West-Vlaanderen,Behaeghe,124
1730,30000,BE25,Provincie West-Vlaanderen,Cardinael,124
1730,30000,BE25,Provincie West-Vlaanderen,Corne,124
1730,30000,BE25,Provincie West-Vlaanderen,Decostere,124
1730,30000,BE25,Provincie West-Vlaanderen,Demoen,124
1730,30000,BE25,Provincie West-Vlaanderen,Haerynck,124
1730,30000,BE25,Provincie West-Vlaanderen,Haesaert,124
1730,30000,BE25,Provincie West-Vlaanderen,Haest,124
1730,30000,BE25,Provincie West-Vlaanderen,Lewyllie,124
1730,30000,BE25,Provincie West-Vlaanderen,Moenaert,124
1730,30000,BE25,Provincie West-Vlaanderen,Monserez,124
1730,30000,BE25,Provincie West-Vlaanderen,Ramaut,124
1730,30000,BE25,Provincie West-Vlaanderen,Rambour,124
1730,30000,BE25,Provincie West-Vlaanderen,Schelpe,124
1730,30000,BE25,Provincie West-Vlaanderen,Smessaert,124
1730,30000,BE25,Provincie West-Vlaanderen,Van Landuyt,124
1730,30000,BE25,Provincie West-Vlaanderen,Vanaudenaerde,124
1730,30000,BE25,Provincie West-Vlaanderen,Vanhercke,124
1730,30000,BE25,Provincie West-Vlaanderen,Vanthomme,124
1730,30000,BE25,Provincie West-Vlaanderen,Verbeeck,124
1730,30000,BE25,Provincie West-Vlaanderen,Wielfaert,124
1730,30000,BE25,Provincie West-Vlaanderen,Zoete,124
1752,30000,BE25,Provincie West-Vlaanderen,Decat,123
1752,30000,BE25,Provincie West-Vlaanderen,Fiems,123
1752,30000,BE25,Provincie West-Vlaanderen,Haerens,123
1752,30000,BE25,Provincie West-Vlaanderen,Krasniqi,123
1752,30000,BE25,Provincie West-Vlaanderen,Maeckelberghe,123
1752,30000,BE25,Provincie West-Vlaanderen,Merlier,123
1752,30000,BE25,Provincie West-Vlaanderen,Reyntjens,123
1752,30000,BE25,Provincie West-Vlaanderen,Schamp,123
1752,30000,BE25,Provincie West-Vlaanderen,Stock,123
1752,30000,BE25,Provincie West-Vlaanderen,Van Hoof,123
1752,30000,BE25,Provincie West-Vlaanderen,Van Ooteghem,123
1752,30000,BE25,Provincie West-Vlaanderen,Vervaet,123
1752,30000,BE25,Provincie West-Vlaanderen,Vieren,123
1765,30000,BE25,Provincie West-Vlaanderen,Debyser,122
1765,30000,BE25,Provincie West-Vlaanderen,Decabooter,122
1765,30000,BE25,Provincie West-Vlaanderen,Denduyver,122
1765,30000,BE25,Provincie West-Vlaanderen,Fierens,122
1765,30000,BE25,Provincie West-Vlaanderen,Gurdebeke,122
1765,30000,BE25,Provincie West-Vlaanderen,Heindryckx,122
1765,30000,BE25,Provincie West-Vlaanderen,Hellin,122
1765,30000,BE25,Provincie West-Vlaanderen,Leuridan,122
1765,30000,BE25,Provincie West-Vlaanderen,Mortelé,122
1765,30000,BE25,Provincie West-Vlaanderen,Muys,122
1765,30000,BE25,Provincie West-Vlaanderen,Tremerie,122
1765,30000,BE25,Provincie West-Vlaanderen,Van Canneyt,122
1765,30000,BE25,Provincie West-Vlaanderen,Van Isacker,122
1765,30000,BE25,Provincie West-Vlaanderen,Van de Casteele,122
1765,30000,BE25,Provincie West-Vlaanderen,Vancanneyt,122
1765,30000,BE25,Provincie West-Vlaanderen,Vaneeckhout,122
1765,30000,BE25,Provincie West-Vlaanderen,Vangaever,122
1765,30000,BE25,Provincie West-Vlaanderen,Vitse,122
1783,30000,BE25,Provincie West-Vlaanderen,Clarebout,121
1783,30000,BE25,Provincie West-Vlaanderen,Colman,121
1783,30000,BE25,Provincie West-Vlaanderen,De Rous,121
1783,30000,BE25,Provincie West-Vlaanderen,De Vooght,121
1783,30000,BE25,Provincie West-Vlaanderen,Debbaut,121
1783,30000,BE25,Provincie West-Vlaanderen,Derez,121
1783,30000,BE25,Provincie West-Vlaanderen,Ingelaere,121
1783,30000,BE25,Provincie West-Vlaanderen,Laga,121
1783,30000,BE25,Provincie West-Vlaanderen,Lauwereins,121
1783,30000,BE25,Provincie West-Vlaanderen,Van de Sompele,121
1783,30000,BE25,Provincie West-Vlaanderen,Vandezande,121
1783,30000,BE25,Provincie West-Vlaanderen,Vannecke,121
1783,30000,BE25,Provincie West-Vlaanderen,Verbeerst,121
1783,30000,BE25,Provincie West-Vlaanderen,Vercaempst,121
1797,30000,BE25,Provincie West-Vlaanderen,Ahmad,120
1797,30000,BE25,Provincie West-Vlaanderen,Blauwblomme,120
1797,30000,BE25,Provincie West-Vlaanderen,Boury,120
1797,30000,BE25,Provincie West-Vlaanderen,Degrendel,120
1797,30000,BE25,Provincie West-Vlaanderen,Depestel,120
1797,30000,BE25,Provincie West-Vlaanderen,Desnouck,120
1797,30000,BE25,Provincie West-Vlaanderen,Dheedene,120
1797,30000,BE25,Provincie West-Vlaanderen,Dinneweth,120
1797,30000,BE25,Provincie West-Vlaanderen,Doolaeghe,120
1797,30000,BE25,Provincie West-Vlaanderen,Dossche,120
1797,30000,BE25,Provincie West-Vlaanderen,Duchi,120
1797,30000,BE25,Provincie West-Vlaanderen,Huvaere,120
1797,30000,BE25,Provincie West-Vlaanderen,Moreel,120
1797,30000,BE25,Provincie West-Vlaanderen,Van Hee,120
1797,30000,BE25,Provincie West-Vlaanderen,Vanmeerhaeghe,120
1797,30000,BE25,Provincie West-Vlaanderen,Vanwildemeersch,120
1813,30000,BE25,Provincie West-Vlaanderen,Corveleyn,119
1813,30000,BE25,Provincie West-Vlaanderen,De Craene,119
1813,30000,BE25,Provincie West-Vlaanderen,Dewinter,119
1813,30000,BE25,Provincie West-Vlaanderen,Lepla,119
1813,30000,BE25,Provincie West-Vlaanderen,Lescrauwaet,119
1813,30000,BE25,Provincie West-Vlaanderen,Monstrey,119
1813,30000,BE25,Provincie West-Vlaanderen,Parret,119
1813,30000,BE25,Provincie West-Vlaanderen,Snick,119
1813,30000,BE25,Provincie West-Vlaanderen,Van Dyck,119
1813,30000,BE25,Provincie West-Vlaanderen,Vandewoude,119
1813,30000,BE25,Provincie West-Vlaanderen,Vanhie,119
1813,30000,BE25,Provincie West-Vlaanderen,Vergucht,119
1813,30000,BE25,Provincie West-Vlaanderen,Vermoote,119
1826,30000,BE25,Provincie West-Vlaanderen,Casteele,118
1826,30000,BE25,Provincie West-Vlaanderen,Claessens,118
1826,30000,BE25,Provincie West-Vlaanderen,Comyn,118
1826,30000,BE25,Provincie West-Vlaanderen,De Weerdt,118
1826,30000,BE25,Provincie West-Vlaanderen,Deckers,118
1826,30000,BE25,Provincie West-Vlaanderen,Decoo,118
1826,30000,BE25,Provincie West-Vlaanderen,Lameire,118
1826,30000,BE25,Provincie West-Vlaanderen,Menu,118
1826,30000,BE25,Provincie West-Vlaanderen,Meseure,118
1826,30000,BE25,Provincie West-Vlaanderen,Praet,118
1826,30000,BE25,Provincie West-Vlaanderen,Room,118
1826,30000,BE25,Provincie West-Vlaanderen,Van Cleven,118
1826,30000,BE25,Provincie West-Vlaanderen,Van Craeynest,118
1826,30000,BE25,Provincie West-Vlaanderen,Vanhaeren,118
1826,30000,BE25,Provincie West-Vlaanderen,Wuyts,118
1841,30000,BE25,Provincie West-Vlaanderen,Arteel,117
1841,30000,BE25,Provincie West-Vlaanderen,Calis,117
1841,30000,BE25,Provincie West-Vlaanderen,Coussée,117
1841,30000,BE25,Provincie West-Vlaanderen,De Wever,117
1841,30000,BE25,Provincie West-Vlaanderen,Decaluwé,117
1841,30000,BE25,Provincie West-Vlaanderen,Defruyt,117
1841,30000,BE25,Provincie West-Vlaanderen,Dehullu,117
1841,30000,BE25,Provincie West-Vlaanderen,Delputte,117
1841,30000,BE25,Provincie West-Vlaanderen,Derieuw,117
1841,30000,BE25,Provincie West-Vlaanderen,Libeert,117
1841,30000,BE25,Provincie West-Vlaanderen,Longueville,117
1841,30000,BE25,Provincie West-Vlaanderen,Mareel,117
1841,30000,BE25,Provincie West-Vlaanderen,Maréchal,117
1841,30000,BE25,Provincie West-Vlaanderen,Rassalle,117
1841,30000,BE25,Provincie West-Vlaanderen,Vallaeys,117
1841,30000,BE25,Provincie West-Vlaanderen,Verheyden,117
1841,30000,BE25,Provincie West-Vlaanderen,Wambeke,117
1841,30000,BE25,Provincie West-Vlaanderen,Zeebroek,117
1859,30000,BE25,Provincie West-Vlaanderen,Clauwaert,116
1859,30000,BE25,Provincie West-Vlaanderen,Cleenewerck,116
1859,30000,BE25,Provincie West-Vlaanderen,De Leeuw,116
1859,30000,BE25,Provincie West-Vlaanderen,Debaveye,116
1859,30000,BE25,Provincie West-Vlaanderen,Defoer,116
1859,30000,BE25,Provincie West-Vlaanderen,Delahaye,116
1859,30000,BE25,Provincie West-Vlaanderen,Delcroix,116
1859,30000,BE25,Provincie West-Vlaanderen,Deseyne,116
1859,30000,BE25,Provincie West-Vlaanderen,Keereman,116
1859,30000,BE25,Provincie West-Vlaanderen,Mille,116
1859,30000,BE25,Provincie West-Vlaanderen,Perquy,116
1859,30000,BE25,Provincie West-Vlaanderen,Renard,116
1859,30000,BE25,Provincie West-Vlaanderen,Schillewaert,116
1859,30000,BE25,Provincie West-Vlaanderen,Van Elslander,116
1873,30000,BE25,Provincie West-Vlaanderen,Anne,115
1873,30000,BE25,Provincie West-Vlaanderen,Bamelis,115
1873,30000,BE25,Provincie West-Vlaanderen,Forrez,115
1873,30000,BE25,Provincie West-Vlaanderen,Govaere,115
1873,30000,BE25,Provincie West-Vlaanderen,Honoré,115
1873,30000,BE25,Provincie West-Vlaanderen,Jabarkhel,115
1873,30000,BE25,Provincie West-Vlaanderen,Lesaffre,115
1873,30000,BE25,Provincie West-Vlaanderen,Pareyn,115
1873,30000,BE25,Provincie West-Vlaanderen,Pillen,115
1873,30000,BE25,Provincie West-Vlaanderen,Samain,115
1873,30000,BE25,Provincie West-Vlaanderen,Serpieters,115
1873,30000,BE25,Provincie West-Vlaanderen,Swinnen,115
1873,30000,BE25,Provincie West-Vlaanderen,Theuninck,115
1873,30000,BE25,Provincie West-Vlaanderen,Vanhessche,115
1873,30000,BE25,Provincie West-Vlaanderen,Warmoes,115
1888,30000,BE25,Provincie West-Vlaanderen,Boucquez,114
1888,30000,BE25,Provincie West-Vlaanderen,Cornille,114
1888,30000,BE25,Provincie West-Vlaanderen,Couwet,114
1888,30000,BE25,Provincie West-Vlaanderen,De Temmerman,114
1888,30000,BE25,Provincie West-Vlaanderen,Demarest,114
1888,30000,BE25,Provincie West-Vlaanderen,Lakiere,114
1888,30000,BE25,Provincie West-Vlaanderen,Lezy,114
1888,30000,BE25,Provincie West-Vlaanderen,Loosveld,114
1888,30000,BE25,Provincie West-Vlaanderen,Prinzie,114
1888,30000,BE25,Provincie West-Vlaanderen,Remaut,114
1888,30000,BE25,Provincie West-Vlaanderen,Ronse,114
1888,30000,BE25,Provincie West-Vlaanderen,Rubrecht,114
1888,30000,BE25,Provincie West-Vlaanderen,Ryckebosch,114
1888,30000,BE25,Provincie West-Vlaanderen,Sonneville,114
1888,30000,BE25,Provincie West-Vlaanderen,Vancayseele,114
1888,30000,BE25,Provincie West-Vlaanderen,Vaneeckhoutte,114
1888,30000,BE25,Provincie West-Vlaanderen,Yserbyt,114
1905,30000,BE25,Provincie West-Vlaanderen,Candaele,113
1905,30000,BE25,Provincie West-Vlaanderen,De Buyser,113
1905,30000,BE25,Provincie West-Vlaanderen,Deblock,113
1905,30000,BE25,Provincie West-Vlaanderen,Debouver,113
1905,30000,BE25,Provincie West-Vlaanderen,Derck,113
1905,30000,BE25,Provincie West-Vlaanderen,Dieryckx,113
1905,30000,BE25,Provincie West-Vlaanderen,Duhamel,113
1905,30000,BE25,Provincie West-Vlaanderen,Flament,113
1905,30000,BE25,Provincie West-Vlaanderen,Ligneel,113
1905,30000,BE25,Provincie West-Vlaanderen,Milleville,113
1905,30000,BE25,Provincie West-Vlaanderen,Mollet,113
1905,30000,BE25,Provincie West-Vlaanderen,Mostaert,113
1905,30000,BE25,Provincie West-Vlaanderen,Reubens,113
1905,30000,BE25,Provincie West-Vlaanderen,Van Pamel,113
1905,30000,BE25,Provincie West-Vlaanderen,Van Speybroeck,113
1905,30000,BE25,Provincie West-Vlaanderen,Veranneman,113
1921,30000,BE25,Provincie West-Vlaanderen,Amiri,112
1921,30000,BE25,Provincie West-Vlaanderen,Beyen,112
1921,30000,BE25,Provincie West-Vlaanderen,Clinckemaillie,112
1921,30000,BE25,Provincie West-Vlaanderen,De Cabooter,112
1921,30000,BE25,Provincie West-Vlaanderen,De Mulder,112
1921,30000,BE25,Provincie West-Vlaanderen,De Nolf,112
1921,30000,BE25,Provincie West-Vlaanderen,Gesquière,112
1921,30000,BE25,Provincie West-Vlaanderen,Mathys,112
1921,30000,BE25,Provincie West-Vlaanderen,Van Exem,112
1921,30000,BE25,Provincie West-Vlaanderen,Vandesompele,112
1931,30000,BE25,Provincie West-Vlaanderen,Caerels,111
1931,30000,BE25,Provincie West-Vlaanderen,Coppenolle,111
1931,30000,BE25,Provincie West-Vlaanderen,Dehaemers,111
1931,30000,BE25,Provincie West-Vlaanderen,Delafontaine,111
1931,30000,BE25,Provincie West-Vlaanderen,Desloover,111
1931,30000,BE25,Provincie West-Vlaanderen,Dewaegenaere,111
1931,30000,BE25,Provincie West-Vlaanderen,Donck,111
1931,30000,BE25,Provincie West-Vlaanderen,Haesebrouck,111
1931,30000,BE25,Provincie West-Vlaanderen,Thery,111
1931,30000,BE25,Provincie West-Vlaanderen,Trio,111
1931,30000,BE25,Provincie West-Vlaanderen,Vanderlinden,111
1931,30000,BE25,Provincie West-Vlaanderen,Verthé,111
1943,30000,BE25,Provincie West-Vlaanderen,Bal,110
1943,30000,BE25,Provincie West-Vlaanderen,Bril,110
1943,30000,BE25,Provincie West-Vlaanderen,Creus,110
1943,30000,BE25,Provincie West-Vlaanderen,De Pourcq,110
1943,30000,BE25,Provincie West-Vlaanderen,Degandt,110
1943,30000,BE25,Provincie West-Vlaanderen,Demarez,110
1943,30000,BE25,Provincie West-Vlaanderen,Desnyder,110
1943,30000,BE25,Provincie West-Vlaanderen,Dierckx,110
1943,30000,BE25,Provincie West-Vlaanderen,Grammens,110
1943,30000,BE25,Provincie West-Vlaanderen,Jansen,110
1943,30000,BE25,Provincie West-Vlaanderen,Lambrechts,110
1943,30000,BE25,Provincie West-Vlaanderen,Vandelannoote,110
1943,30000,BE25,Provincie West-Vlaanderen,Vannieuwkerke,110
1943,30000,BE25,Provincie West-Vlaanderen,Vermeeren,110
1943,30000,BE25,Provincie West-Vlaanderen,Verslyppe,110
1943,30000,BE25,Provincie West-Vlaanderen,Waeghe,110
1959,30000,BE25,Provincie West-Vlaanderen,Allewaert,109
1959,30000,BE25,Provincie West-Vlaanderen,Behaeghel,109
1959,30000,BE25,Provincie West-Vlaanderen,Berisha,109
1959,30000,BE25,Provincie West-Vlaanderen,Bruwier,109
1959,30000,BE25,Provincie West-Vlaanderen,De Rudder,109
1959,30000,BE25,Provincie West-Vlaanderen,Demaegdt,109
1959,30000,BE25,Provincie West-Vlaanderen,Meeus,109
1959,30000,BE25,Provincie West-Vlaanderen,Sobry,109
1959,30000,BE25,Provincie West-Vlaanderen,T'Jonck,109
1959,30000,BE25,Provincie West-Vlaanderen,Tomme,109
1959,30000,BE25,Provincie West-Vlaanderen,Van Thuyne,109
1959,30000,BE25,Provincie West-Vlaanderen,Vande Casteele,109
1959,30000,BE25,Provincie West-Vlaanderen,Verkruysse,109
1959,30000,BE25,Provincie West-Vlaanderen,Wackenier,109
1973,30000,BE25,Provincie West-Vlaanderen,Bondue,108
1973,30000,BE25,Provincie West-Vlaanderen,Denis,108
1973,30000,BE25,Provincie West-Vlaanderen,Laseure,108
1973,30000,BE25,Provincie West-Vlaanderen,Masschelin,108
1973,30000,BE25,Provincie West-Vlaanderen,Matten,108
1973,30000,BE25,Provincie West-Vlaanderen,Meersschaert,108
1973,30000,BE25,Provincie West-Vlaanderen,Nazari,108
1973,30000,BE25,Provincie West-Vlaanderen,Rosseeuw,108
1973,30000,BE25,Provincie West-Vlaanderen,Saey,108
1973,30000,BE25,Provincie West-Vlaanderen,Schoolaert,108
1973,30000,BE25,Provincie West-Vlaanderen,Seurynck,108
1973,30000,BE25,Provincie West-Vlaanderen,Swimberghe,108
1973,30000,BE25,Provincie West-Vlaanderen,Tallieu,108
1973,30000,BE25,Provincie West-Vlaanderen,Tyteca,108
1973,30000,BE25,Provincie West-Vlaanderen,Vermoortele,108
1988,30000,BE25,Provincie West-Vlaanderen,Backers,107
1988,30000,BE25,Provincie West-Vlaanderen,Boedt,107
1988,30000,BE25,Provincie West-Vlaanderen,Cooreman,107
1988,30000,BE25,Provincie West-Vlaanderen,De Boeck,107
1988,30000,BE25,Provincie West-Vlaanderen,De Leersnijder,107
1988,30000,BE25,Provincie West-Vlaanderen,Debuysere,107
1988,30000,BE25,Provincie West-Vlaanderen,Decroubele,107
1988,30000,BE25,Provincie West-Vlaanderen,Dejager,107
1988,30000,BE25,Provincie West-Vlaanderen,Dierynck,107
1988,30000,BE25,Provincie West-Vlaanderen,Donckels,107
1988,30000,BE25,Provincie West-Vlaanderen,Heyerick,107
1988,30000,BE25,Provincie West-Vlaanderen,Lein,107
1988,30000,BE25,Provincie West-Vlaanderen,Lievrouw,107
1988,30000,BE25,Provincie West-Vlaanderen,Meeuw,107
1988,30000,BE25,Provincie West-Vlaanderen,Messelier,107
1988,30000,BE25,Provincie West-Vlaanderen,Mohammad,107
1988,30000,BE25,Provincie West-Vlaanderen,Opsommer,107
1988,30000,BE25,Provincie West-Vlaanderen,Soetens,107
1988,30000,BE25,Provincie West-Vlaanderen,Van Massenhove,107
1988,30000,BE25,Provincie West-Vlaanderen,Van Vlaenderen,107
1988,30000,BE25,Provincie West-Vlaanderen,Vanbavinckhove,107
1988,30000,BE25,Provincie West-Vlaanderen,Vanhamme,107
1988,30000,BE25,Provincie West-Vlaanderen,Vanlancker,107
1988,30000,BE25,Provincie West-Vlaanderen,Wastyn,107
2012,30000,BE25,Provincie West-Vlaanderen,Anthierens,106
2012,30000,BE25,Provincie West-Vlaanderen,Beerlandt,106
2012,30000,BE25,Provincie West-Vlaanderen,Bol,106
2012,30000,BE25,Provincie West-Vlaanderen,Bosmans,106
2012,30000,BE25,Provincie West-Vlaanderen,Compernol,106
2012,30000,BE25,Provincie West-Vlaanderen,De Visch,106
2012,30000,BE25,Provincie West-Vlaanderen,Dekien,106
2012,30000,BE25,Provincie West-Vlaanderen,Dereere,106
2012,30000,BE25,Provincie West-Vlaanderen,Descan,106
2012,30000,BE25,Provincie West-Vlaanderen,Deschodt,106
2012,30000,BE25,Provincie West-Vlaanderen,Meesseman,106
2012,30000,BE25,Provincie West-Vlaanderen,Mussche,106
2012,30000,BE25,Provincie West-Vlaanderen,Sergeant,106
2012,30000,BE25,Provincie West-Vlaanderen,Thapa,106
2012,30000,BE25,Provincie West-Vlaanderen,Theeten,106
2012,30000,BE25,Provincie West-Vlaanderen,Van Den Bossche,106
2012,30000,BE25,Provincie West-Vlaanderen,Vanlede,106
2012,30000,BE25,Provincie West-Vlaanderen,Vanneuville,106
2012,30000,BE25,Provincie West-Vlaanderen,Verougstraete,106
2012,30000,BE25,Provincie West-Vlaanderen,Wybouw,106
2032,30000,BE25,Provincie West-Vlaanderen,Blondelle,105
2032,30000,BE25,Provincie West-Vlaanderen,Caulier,105
2032,30000,BE25,Provincie West-Vlaanderen,Coryn,105
2032,30000,BE25,Provincie West-Vlaanderen,Deruwe,105
2032,30000,BE25,Provincie West-Vlaanderen,Devlies,105
2032,30000,BE25,Provincie West-Vlaanderen,Geerolf,105
2032,30000,BE25,Provincie West-Vlaanderen,Goddyn,105
2032,30000,BE25,Provincie West-Vlaanderen,Leupe,105
2032,30000,BE25,Provincie West-Vlaanderen,Maselis,105
2032,30000,BE25,Provincie West-Vlaanderen,Mees,105
2032,30000,BE25,Provincie West-Vlaanderen,Packet,105
2032,30000,BE25,Provincie West-Vlaanderen,Pysson,105
2032,30000,BE25,Provincie West-Vlaanderen,Ronsse,105
2032,30000,BE25,Provincie West-Vlaanderen,Servaege,105
2032,30000,BE25,Provincie West-Vlaanderen,Van de Cappelle,105
2032,30000,BE25,Provincie West-Vlaanderen,Vandendorpe,105
2032,30000,BE25,Provincie West-Vlaanderen,Vanderschelden,105
2032,30000,BE25,Provincie West-Vlaanderen,Vandoolaeghe,105
2032,30000,BE25,Provincie West-Vlaanderen,Vangeenberghe,105
2032,30000,BE25,Provincie West-Vlaanderen,Verheyde,105
2052,30000,BE25,Provincie West-Vlaanderen,Cafmeyer,104
2052,30000,BE25,Provincie West-Vlaanderen,Ceenaeme,104
2052,30000,BE25,Provincie West-Vlaanderen,De Jode,104
2052,30000,BE25,Provincie West-Vlaanderen,Debue,104
2052,30000,BE25,Provincie West-Vlaanderen,Delvoye,104
2052,30000,BE25,Provincie West-Vlaanderen,Devlamynck,104
2052,30000,BE25,Provincie West-Vlaanderen,Hasan,104
2052,30000,BE25,Provincie West-Vlaanderen,Hautekeete,104
2052,30000,BE25,Provincie West-Vlaanderen,Herssens,104
2052,30000,BE25,Provincie West-Vlaanderen,Jacxsens,104
2052,30000,BE25,Provincie West-Vlaanderen,Lantsoght,104
2052,30000,BE25,Provincie West-Vlaanderen,Nottebaert,104
2052,30000,BE25,Provincie West-Vlaanderen,Ornelis,104
2052,30000,BE25,Provincie West-Vlaanderen,Robbe,104
2052,30000,BE25,Provincie West-Vlaanderen,Van D'huynslager,104
2052,30000,BE25,Provincie West-Vlaanderen,Van Moeffaert,104
2052,30000,BE25,Provincie West-Vlaanderen,Van Wynsberghe,104
2052,30000,BE25,Provincie West-Vlaanderen,Van de Kerckhove,104
2052,30000,BE25,Provincie West-Vlaanderen,Van de Putte,104
2052,30000,BE25,Provincie West-Vlaanderen,Vandenbilcke,104
2052,30000,BE25,Provincie West-Vlaanderen,Vander Stichele,104
2052,30000,BE25,Provincie West-Vlaanderen,Vermet,104
2052,30000,BE25,Provincie West-Vlaanderen,Wolfcarius,104
2075,30000,BE25,Provincie West-Vlaanderen,Becuwe,103
2075,30000,BE25,Provincie West-Vlaanderen,De Blieck,103
2075,30000,BE25,Provincie West-Vlaanderen,De Jaegere,103
2075,30000,BE25,Provincie West-Vlaanderen,Decouttere,103
2075,30000,BE25,Provincie West-Vlaanderen,Deduytsche,103
2075,30000,BE25,Provincie West-Vlaanderen,Dezeure,103
2075,30000,BE25,Provincie West-Vlaanderen,Hofman,103
2075,30000,BE25,Provincie West-Vlaanderen,Houthoofdt,103
2075,30000,BE25,Provincie West-Vlaanderen,Ingelbeen,103
2075,30000,BE25,Provincie West-Vlaanderen,Logier,103
2075,30000,BE25,Provincie West-Vlaanderen,Speybrouck,103
2075,30000,BE25,Provincie West-Vlaanderen,Thijs,103
2075,30000,BE25,Provincie West-Vlaanderen,Van den Eynde,103
2075,30000,BE25,Provincie West-Vlaanderen,Vanderstichele,103
2075,30000,BE25,Provincie West-Vlaanderen,Verdru,103
2075,30000,BE25,Provincie West-Vlaanderen,Verhenne,103
2075,30000,BE25,Provincie West-Vlaanderen,Verweirder,103
2075,30000,BE25,Provincie West-Vlaanderen,Ysebaert,103
2093,30000,BE25,Provincie West-Vlaanderen,Coffyn,102
2093,30000,BE25,Provincie West-Vlaanderen,De Blaere,102
2093,30000,BE25,Provincie West-Vlaanderen,De Greef,102
2093,30000,BE25,Provincie West-Vlaanderen,Ghysel,102
2093,30000,BE25,Provincie West-Vlaanderen,Goens,102
2093,30000,BE25,Provincie West-Vlaanderen,Hermy,102
2093,30000,BE25,Provincie West-Vlaanderen,Houtteman,102
2093,30000,BE25,Provincie West-Vlaanderen,Recour,102
2093,30000,BE25,Provincie West-Vlaanderen,Ryckoort,102
2093,30000,BE25,Provincie West-Vlaanderen,Schreel,102
2093,30000,BE25,Provincie West-Vlaanderen,Sherzad,102
2093,30000,BE25,Provincie West-Vlaanderen,Soreyn,102
2093,30000,BE25,Provincie West-Vlaanderen,Van Glabeke,102
2093,30000,BE25,Provincie West-Vlaanderen,Vanquaethem,102
2093,30000,BE25,Provincie West-Vlaanderen,Vinck,102
2108,30000,BE25,Provincie West-Vlaanderen,Calebout,101
2108,30000,BE25,Provincie West-Vlaanderen,Cannaert,101
2108,30000,BE25,Provincie West-Vlaanderen,De Deygere,101
2108,30000,BE25,Provincie West-Vlaanderen,Dermaux,101
2108,30000,BE25,Provincie West-Vlaanderen,Desutter,101
2108,30000,BE25,Provincie West-Vlaanderen,Horré,101
2108,30000,BE25,Provincie West-Vlaanderen,Lisabeth,101
2108,30000,BE25,Provincie West-Vlaanderen,Lobbestael,101
2108,30000,BE25,Provincie West-Vlaanderen,Maeseele,101
2108,30000,BE25,Provincie West-Vlaanderen,Masure,101
2108,30000,BE25,Provincie West-Vlaanderen,Messelis,101
2108,30000,BE25,Provincie West-Vlaanderen,Metsu,101
2108,30000,BE25,Provincie West-Vlaanderen,Riviere,101
2108,30000,BE25,Provincie West-Vlaanderen,Schietgat,101
2108,30000,BE25,Provincie West-Vlaanderen,Tassaert,101
2108,30000,BE25,Provincie West-Vlaanderen,Van Marcke,101
2108,30000,BE25,Provincie West-Vlaanderen,Vancouillie,101
2108,30000,BE25,Provincie West-Vlaanderen,Vanysacker,101
2108,30000,BE25,Provincie West-Vlaanderen,Verhellen,101
2108,30000,BE25,Provincie West-Vlaanderen,Walcarius,101
2108,30000,BE25,Provincie West-Vlaanderen,Weyne,101
2129,30000,BE25,Provincie West-Vlaanderen,Adyns,100
2129,30000,BE25,Provincie West-Vlaanderen,Beele,100
2129,30000,BE25,Provincie West-Vlaanderen,Bernard,100
2129,30000,BE25,Provincie West-Vlaanderen,Bertrem,100
2129,30000,BE25,Provincie West-Vlaanderen,Bille,100
2129,30000,BE25,Provincie West-Vlaanderen,Debonne,100
2129,30000,BE25,Provincie West-Vlaanderen,Decapmaker,100
2129,30000,BE25,Provincie West-Vlaanderen,Decavel,100
2129,30000,BE25,Provincie West-Vlaanderen,Durant,100
2129,30000,BE25,Provincie West-Vlaanderen,Fontaine,100
2129,30000,BE25,Provincie West-Vlaanderen,Hennebel,100
2129,30000,BE25,Provincie West-Vlaanderen,Houttekier,100
2129,30000,BE25,Provincie West-Vlaanderen,Huwel,100
2129,30000,BE25,Provincie West-Vlaanderen,Kino,100
2129,30000,BE25,Provincie West-Vlaanderen,Lenaerts,100
2129,30000,BE25,Provincie West-Vlaanderen,Rombaut,100
2129,30000,BE25,Provincie West-Vlaanderen,Smekens,100
2129,30000,BE25,Provincie West-Vlaanderen,Taghon,100
2129,30000,BE25,Provincie West-Vlaanderen,Teetaert,100
2129,30000,BE25,Provincie West-Vlaanderen,Van Den Driessche,100
2129,30000,BE25,Provincie West-Vlaanderen,Van Landeghem,100
2129,30000,BE25,Provincie West-Vlaanderen,Van den Bussche,100
2129,30000,BE25,Provincie West-Vlaanderen,Vuylsteker,100
1,20002,BE31,Provincie Waals-Brabant,Dubois,"1,015"
2,20002,BE31,Provincie Waals-Brabant,Lambert,778
3,20002,BE31,Provincie Waals-Brabant,Janssens,610
4,20002,BE31,Provincie Waals-Brabant,Martin,591
5,20002,BE31,Provincie Waals-Brabant,Mertens,570
6,20002,BE31,Provincie Waals-Brabant,Peeters,568
7,20002,BE31,Provincie Waals-Brabant,Dupont,555
8,20002,BE31,Provincie Waals-Brabant,Laurent,550
9,20002,BE31,Provincie Waals-Brabant,Charlier,538
10,20002,BE31,Provincie Waals-Brabant,Denis,525
11,20002,BE31,Provincie Waals-Brabant,Gérard,500
12,20002,BE31,Provincie Waals-Brabant,Leclercq,498
13,20002,BE31,Provincie Waals-Brabant,Leroy,484
14,20002,BE31,Provincie Waals-Brabant,Dumont,482
15,20002,BE31,Provincie Waals-Brabant,Simon,463
16,20002,BE31,Provincie Waals-Brabant,François,458
17,20002,BE31,Provincie Waals-Brabant,Bertrand,443
18,20002,BE31,Provincie Waals-Brabant,Goossens,432
19,20002,BE31,Provincie Waals-Brabant,Lebrun,430
20,20002,BE31,Provincie Waals-Brabant,Renard,420
21,20002,BE31,Provincie Waals-Brabant,Michiels,416
22,20002,BE31,Provincie Waals-Brabant,Evrard,407
23,20002,BE31,Provincie Waals-Brabant,Michel,403
24,20002,BE31,Provincie Waals-Brabant,Thomas,399
25,20002,BE31,Provincie Waals-Brabant,Robert,397
26,20002,BE31,Provincie Waals-Brabant,Jacobs,389
26,20002,BE31,Provincie Waals-Brabant,Marchal,389
28,20002,BE31,Provincie Waals-Brabant,Bernard,382
29,20002,BE31,Provincie Waals-Brabant,Delvaux,378
30,20002,BE31,Provincie Waals-Brabant,Noël,371
31,20002,BE31,Provincie Waals-Brabant,Maes,368
32,20002,BE31,Provincie Waals-Brabant,Claes,360
33,20002,BE31,Provincie Waals-Brabant,Fontaine,352
33,20002,BE31,Provincie Waals-Brabant,Henry,352
35,20002,BE31,Provincie Waals-Brabant,Pierre,345
35,20002,BE31,Provincie Waals-Brabant,Willems,345
37,20002,BE31,Provincie Waals-Brabant,Lacroix,341
38,20002,BE31,Provincie Waals-Brabant,Rousseau,338
39,20002,BE31,Provincie Waals-Brabant,Petit,333
40,20002,BE31,Provincie Waals-Brabant,Debroux,327
41,20002,BE31,Provincie Waals-Brabant,Lefebvre,321
42,20002,BE31,Provincie Waals-Brabant,Jacques,320
43,20002,BE31,Provincie Waals-Brabant,Lejeune,319
44,20002,BE31,Provincie Waals-Brabant,Carlier,311
44,20002,BE31,Provincie Waals-Brabant,Lemaire,311
46,20002,BE31,Provincie Waals-Brabant,Legrand,305
47,20002,BE31,Provincie Waals-Brabant,André,304
48,20002,BE31,Provincie Waals-Brabant,Lefèvre,302
49,20002,BE31,Provincie Waals-Brabant,Mathieu,294
50,20002,BE31,Provincie Waals-Brabant,Moreau,285
51,20002,BE31,Provincie Waals-Brabant,Hubert,277
52,20002,BE31,Provincie Waals-Brabant,Léonard,273
53,20002,BE31,Provincie Waals-Brabant,Desmet,267
54,20002,BE31,Provincie Waals-Brabant,Devos,265
55,20002,BE31,Provincie Waals-Brabant,Guillaume,257
56,20002,BE31,Provincie Waals-Brabant,Toussaint,256
57,20002,BE31,Provincie Waals-Brabant,Hendrickx,252
58,20002,BE31,Provincie Waals-Brabant,Libert,247
58,20002,BE31,Provincie Waals-Brabant,Wauters,247
60,20002,BE31,Provincie Waals-Brabant,Louis,245
61,20002,BE31,Provincie Waals-Brabant,Gillet,244
61,20002,BE31,Provincie Waals-Brabant,Servais,244
63,20002,BE31,Provincie Waals-Brabant,Thiry,239
64,20002,BE31,Provincie Waals-Brabant,Goffin,238
65,20002,BE31,Provincie Waals-Brabant,Coppens,237
66,20002,BE31,Provincie Waals-Brabant,Wouters,236
67,20002,BE31,Provincie Waals-Brabant,Grégoire,235
68,20002,BE31,Provincie Waals-Brabant,Smets,233
69,20002,BE31,Provincie Waals-Brabant,Marchand,231
70,20002,BE31,Provincie Waals-Brabant,Collin,228
70,20002,BE31,Provincie Waals-Brabant,Poncelet,228
72,20002,BE31,Provincie Waals-Brabant,Massart,226
73,20002,BE31,Provincie Waals-Brabant,Cuvelier,225
74,20002,BE31,Provincie Waals-Brabant,Delfosse,222
75,20002,BE31,Provincie Waals-Brabant,Nguyen,220
75,20002,BE31,Provincie Waals-Brabant,Stevens,220
77,20002,BE31,Provincie Waals-Brabant,Vermeulen,219
78,20002,BE31,Provincie Waals-Brabant,Adam,218
78,20002,BE31,Provincie Waals-Brabant,Gilson,218
80,20002,BE31,Provincie Waals-Brabant,Detry,216
81,20002,BE31,Provincie Waals-Brabant,Antoine,215
81,20002,BE31,Provincie Waals-Brabant,Bodart,215
83,20002,BE31,Provincie Waals-Brabant,Minne,211
84,20002,BE31,Provincie Waals-Brabant,Remy,208
85,20002,BE31,Provincie Waals-Brabant,Berger,205
86,20002,BE31,Provincie Waals-Brabant,Deprez,203
87,20002,BE31,Provincie Waals-Brabant,Bastin,202
87,20002,BE31,Provincie Waals-Brabant,Descamps,202
89,20002,BE31,Provincie Waals-Brabant,Roland,200
90,20002,BE31,Provincie Waals-Brabant,Gilles,199
90,20002,BE31,Provincie Waals-Brabant,Theys,199
92,20002,BE31,Provincie Waals-Brabant,Brasseur,198
93,20002,BE31,Provincie Waals-Brabant,Pauwels,197
94,20002,BE31,Provincie Waals-Brabant,De Backer,196
94,20002,BE31,Provincie Waals-Brabant,Michaux,196
96,20002,BE31,Provincie Waals-Brabant,Colin,195
97,20002,BE31,Provincie Waals-Brabant,Mahieu,194
97,20002,BE31,Provincie Waals-Brabant,Meunier,194
99,20002,BE31,Provincie Waals-Brabant,Boulanger,193
99,20002,BE31,Provincie Waals-Brabant,Demaret,193
101,20002,BE31,Provincie Waals-Brabant,Collard,192
101,20002,BE31,Provincie Waals-Brabant,Hermans,192
101,20002,BE31,Provincie Waals-Brabant,Masson,192
104,20002,BE31,Provincie Waals-Brabant,Heymans,190
105,20002,BE31,Provincie Waals-Brabant,Piret,189
106,20002,BE31,Provincie Waals-Brabant,Collet,186
107,20002,BE31,Provincie Waals-Brabant,Doyen,185
107,20002,BE31,Provincie Waals-Brabant,Jacquet,185
107,20002,BE31,Provincie Waals-Brabant,Mayné,185
110,20002,BE31,Provincie Waals-Brabant,Gilbert,182
111,20002,BE31,Provincie Waals-Brabant,De Vos,181
112,20002,BE31,Provincie Waals-Brabant,Charles,179
113,20002,BE31,Provincie Waals-Brabant,Borremans,178
113,20002,BE31,Provincie Waals-Brabant,Delhaye,178
113,20002,BE31,Provincie Waals-Brabant,Piron,178
116,20002,BE31,Provincie Waals-Brabant,Dujardin,176
116,20002,BE31,Provincie Waals-Brabant,Van Damme,176
116,20002,BE31,Provincie Waals-Brabant,Vincent,176
119,20002,BE31,Provincie Waals-Brabant,Romain,175
120,20002,BE31,Provincie Waals-Brabant,Etienne,174
121,20002,BE31,Provincie Waals-Brabant,Mercier,173
122,20002,BE31,Provincie Waals-Brabant,Parmentier,171
123,20002,BE31,Provincie Waals-Brabant,Clément,170
123,20002,BE31,Provincie Waals-Brabant,Pierard,170
125,20002,BE31,Provincie Waals-Brabant,Meert,169
125,20002,BE31,Provincie Waals-Brabant,Paquet,169
127,20002,BE31,Provincie Waals-Brabant,De Smet,168
127,20002,BE31,Provincie Waals-Brabant,Denayer,168
127,20002,BE31,Provincie Waals-Brabant,Lecocq,168
127,20002,BE31,Provincie Waals-Brabant,Legros,168
131,20002,BE31,Provincie Waals-Brabant,Timmermans,167
132,20002,BE31,Provincie Waals-Brabant,Herman,165
132,20002,BE31,Provincie Waals-Brabant,Lemmens,165
132,20002,BE31,Provincie Waals-Brabant,Paul,165
135,20002,BE31,Provincie Waals-Brabant,Decoster,164
136,20002,BE31,Provincie Waals-Brabant,Vanderlinden,163
137,20002,BE31,Provincie Waals-Brabant,Desmedt,161
138,20002,BE31,Provincie Waals-Brabant,Dechamps,160
138,20002,BE31,Provincie Waals-Brabant,Janssen,160
140,20002,BE31,Provincie Waals-Brabant,Bauwens,159
140,20002,BE31,Provincie Waals-Brabant,Jadot,159
140,20002,BE31,Provincie Waals-Brabant,Lengelé,159
143,20002,BE31,Provincie Waals-Brabant,Godefroid,158
144,20002,BE31,Provincie Waals-Brabant,Aerts,157
144,20002,BE31,Provincie Waals-Brabant,Cornet,157
144,20002,BE31,Provincie Waals-Brabant,Demoulin,157
144,20002,BE31,Provincie Waals-Brabant,Vandevelde,157
148,20002,BE31,Provincie Waals-Brabant,Claeys,156
148,20002,BE31,Provincie Waals-Brabant,Dufour,156
148,20002,BE31,Provincie Waals-Brabant,Dupuis,156
148,20002,BE31,Provincie Waals-Brabant,Jacob,156
152,20002,BE31,Provincie Waals-Brabant,De Coster,153
152,20002,BE31,Provincie Waals-Brabant,Declercq,153
152,20002,BE31,Provincie Waals-Brabant,Gerard,153
152,20002,BE31,Provincie Waals-Brabant,Mortier,153
152,20002,BE31,Provincie Waals-Brabant,Pirotte,153
152,20002,BE31,Provincie Waals-Brabant,Renier,153
158,20002,BE31,Provincie Waals-Brabant,Delforge,152
159,20002,BE31,Provincie Waals-Brabant,Barbier,150
160,20002,BE31,Provincie Waals-Brabant,Anciaux,148
160,20002,BE31,Provincie Waals-Brabant,Bourguignon,148
160,20002,BE31,Provincie Waals-Brabant,David,148
160,20002,BE31,Provincie Waals-Brabant,Haulotte,148
164,20002,BE31,Provincie Waals-Brabant,Georges,147
164,20002,BE31,Provincie Waals-Brabant,Laloux,147
166,20002,BE31,Provincie Waals-Brabant,Arnould,146
166,20002,BE31,Provincie Waals-Brabant,Cambier,146
166,20002,BE31,Provincie Waals-Brabant,Lecomte,146
169,20002,BE31,Provincie Waals-Brabant,Jacquemin,145
170,20002,BE31,Provincie Waals-Brabant,Diallo,144
170,20002,BE31,Provincie Waals-Brabant,Gillard,144
170,20002,BE31,Provincie Waals-Brabant,Maréchal,144
173,20002,BE31,Provincie Waals-Brabant,Chevalier,143
173,20002,BE31,Provincie Waals-Brabant,Motte,143
173,20002,BE31,Provincie Waals-Brabant,Ruelle,143
173,20002,BE31,Provincie Waals-Brabant,Walravens,143
177,20002,BE31,Provincie Waals-Brabant,Thirion,142
178,20002,BE31,Provincie Waals-Brabant,Glibert,141
178,20002,BE31,Provincie Waals-Brabant,Plasman,141
178,20002,BE31,Provincie Waals-Brabant,Richard,141
181,20002,BE31,Provincie Waals-Brabant,Godeau,139
181,20002,BE31,Provincie Waals-Brabant,Pirson,139
183,20002,BE31,Provincie Waals-Brabant,De Greef,138
184,20002,BE31,Provincie Waals-Brabant,Collignon,137
184,20002,BE31,Provincie Waals-Brabant,Moureau,137
186,20002,BE31,Provincie Waals-Brabant,Piette,136
187,20002,BE31,Provincie Waals-Brabant,Hardy,135
188,20002,BE31,Provincie Waals-Brabant,Bourgeois,134
189,20002,BE31,Provincie Waals-Brabant,Alexandre,133
189,20002,BE31,Provincie Waals-Brabant,De Clercq,133
191,20002,BE31,Provincie Waals-Brabant,Courtois,132
192,20002,BE31,Provincie Waals-Brabant,Dardenne,130
192,20002,BE31,Provincie Waals-Brabant,Vanhamme,130
192,20002,BE31,Provincie Waals-Brabant,Wautier,130
195,20002,BE31,Provincie Waals-Brabant,Cordier,129
195,20002,BE31,Provincie Waals-Brabant,Moens,129
195,20002,BE31,Provincie Waals-Brabant,Thibaut,129
198,20002,BE31,Provincie Waals-Brabant,Gossiaux,128
198,20002,BE31,Provincie Waals-Brabant,Lemoine,128
200,20002,BE31,Provincie Waals-Brabant,Nicaise,127
200,20002,BE31,Provincie Waals-Brabant,Salmon,127
202,20002,BE31,Provincie Waals-Brabant,Lefevre,126
202,20002,BE31,Provincie Waals-Brabant,Mathy,126
202,20002,BE31,Provincie Waals-Brabant,Vermeiren,126
202,20002,BE31,Provincie Waals-Brabant,Verstraeten,126
202,20002,BE31,Provincie Waals-Brabant,Wéry,126
207,20002,BE31,Provincie Waals-Brabant,Joly,125
207,20002,BE31,Provincie Waals-Brabant,Philippe,125
209,20002,BE31,Provincie Waals-Brabant,De Ridder,124
209,20002,BE31,Provincie Waals-Brabant,Dekeyser,124
209,20002,BE31,Provincie Waals-Brabant,Delcourt,124
209,20002,BE31,Provincie Waals-Brabant,Delpierre,124
209,20002,BE31,Provincie Waals-Brabant,Dury,124
209,20002,BE31,Provincie Waals-Brabant,Jonckheere,124
209,20002,BE31,Provincie Waals-Brabant,Luyckx,124
209,20002,BE31,Provincie Waals-Brabant,Schmitz,124
217,20002,BE31,Provincie Waals-Brabant,Bosmans,122
217,20002,BE31,Provincie Waals-Brabant,Tournay,122
217,20002,BE31,Provincie Waals-Brabant,Vanderstraeten,122
220,20002,BE31,Provincie Waals-Brabant,Claessens,121
220,20002,BE31,Provincie Waals-Brabant,Francis,121
220,20002,BE31,Provincie Waals-Brabant,Stas,121
220,20002,BE31,Provincie Waals-Brabant,Vandenbosch,121
220,20002,BE31,Provincie Waals-Brabant,Wyns,121
225,20002,BE31,Provincie Waals-Brabant,Allard,120
225,20002,BE31,Provincie Waals-Brabant,Corbisier,120
225,20002,BE31,Provincie Waals-Brabant,Goethals,120
228,20002,BE31,Provincie Waals-Brabant,Devillers,119
228,20002,BE31,Provincie Waals-Brabant,Godfroid,119
230,20002,BE31,Provincie Waals-Brabant,Bogaerts,118
230,20002,BE31,Provincie Waals-Brabant,Jadoul,118
232,20002,BE31,Provincie Waals-Brabant,Baudoux,117
232,20002,BE31,Provincie Waals-Brabant,Claus,117
234,20002,BE31,Provincie Waals-Brabant,Goffaux,116
235,20002,BE31,Provincie Waals-Brabant,Segers,115
236,20002,BE31,Provincie Waals-Brabant,Foucart,114
236,20002,BE31,Provincie Waals-Brabant,Hanssens,114
238,20002,BE31,Provincie Waals-Brabant,Englebert,113
238,20002,BE31,Provincie Waals-Brabant,Flamand,113
238,20002,BE31,Provincie Waals-Brabant,Gauthier,113
238,20002,BE31,Provincie Waals-Brabant,Ghislain,113
238,20002,BE31,Provincie Waals-Brabant,Leloup,113
243,20002,BE31,Provincie Waals-Brabant,Bogaert,112
244,20002,BE31,Provincie Waals-Brabant,Delporte,111
244,20002,BE31,Provincie Waals-Brabant,Dumont de Chassart,111
244,20002,BE31,Provincie Waals-Brabant,Henrion,111
247,20002,BE31,Provincie Waals-Brabant,Martens,110
248,20002,BE31,Provincie Waals-Brabant,Christiaens,109
249,20002,BE31,Provincie Waals-Brabant,Gilot,108
249,20002,BE31,Provincie Waals-Brabant,Matthys,108
249,20002,BE31,Provincie Waals-Brabant,Vandenberghe,108
252,20002,BE31,Provincie Waals-Brabant,De Cock,107
252,20002,BE31,Provincie Waals-Brabant,Taymans,107
252,20002,BE31,Provincie Waals-Brabant,Thys,107
255,20002,BE31,Provincie Waals-Brabant,Albert,105
255,20002,BE31,Provincie Waals-Brabant,Bailly,105
255,20002,BE31,Provincie Waals-Brabant,Boon,105
255,20002,BE31,Provincie Waals-Brabant,Godart,105
255,20002,BE31,Provincie Waals-Brabant,Sterckx,105
255,20002,BE31,Provincie Waals-Brabant,Verhoeven,105
261,20002,BE31,Provincie Waals-Brabant,Devillé,104
261,20002,BE31,Provincie Waals-Brabant,Senterre,104
261,20002,BE31,Provincie Waals-Brabant,Wauthier,104
264,20002,BE31,Provincie Waals-Brabant,Castiaux,103
264,20002,BE31,Provincie Waals-Brabant,Couvreur,103
264,20002,BE31,Provincie Waals-Brabant,Gillain,103
267,20002,BE31,Provincie Waals-Brabant,Collart,102
267,20002,BE31,Provincie Waals-Brabant,Dierickx,102
267,20002,BE31,Provincie Waals-Brabant,Dumortier,102
267,20002,BE31,Provincie Waals-Brabant,Huart,102
267,20002,BE31,Provincie Waals-Brabant,Paulus,102
267,20002,BE31,Provincie Waals-Brabant,Tilman,102
273,20002,BE31,Provincie Waals-Brabant,Leemans,101
273,20002,BE31,Provincie Waals-Brabant,Mahy,101
273,20002,BE31,Provincie Waals-Brabant,Pirard,101
273,20002,BE31,Provincie Waals-Brabant,Vander Elst,101
277,20002,BE31,Provincie Waals-Brabant,Gustin,100
277,20002,BE31,Provincie Waals-Brabant,Lambrechts,100
277,20002,BE31,Provincie Waals-Brabant,Lenoir,100
277,20002,BE31,Provincie Waals-Brabant,Verhulst,100
1,50000,BE32,Provincie Henegouwen,Dubois,"4,262"
2,50000,BE32,Provincie Henegouwen,Leclercq,"2,883"
3,50000,BE32,Provincie Henegouwen,Dupont,"2,834"
4,50000,BE32,Provincie Henegouwen,Leroy,"2,382"
5,50000,BE32,Provincie Henegouwen,Dumont,"2,381"
6,50000,BE32,Provincie Henegouwen,Laurent,"2,336"
7,50000,BE32,Provincie Henegouwen,Lefebvre,"2,178"
8,50000,BE32,Provincie Henegouwen,Carlier,"2,124"
9,50000,BE32,Provincie Henegouwen,Fontaine,"1,823"
10,50000,BE32,Provincie Henegouwen,François,"1,779"
11,50000,BE32,Provincie Henegouwen,Denis,"1,772"
12,50000,BE32,Provincie Henegouwen,Petit,"1,675"
13,50000,BE32,Provincie Henegouwen,Descamps,"1,660"
14,50000,BE32,Provincie Henegouwen,Mahieu,"1,637"
15,50000,BE32,Provincie Henegouwen,Renard,"1,625"
16,50000,BE32,Provincie Henegouwen,Simon,"1,596"
17,50000,BE32,Provincie Henegouwen,Lambert,"1,581"
18,50000,BE32,Provincie Henegouwen,Michel,"1,563"
19,50000,BE32,Provincie Henegouwen,Urbain,"1,474"
20,50000,BE32,Provincie Henegouwen,Martin,"1,460"
21,50000,BE32,Provincie Henegouwen,Legrand,"1,444"
22,50000,BE32,Provincie Henegouwen,Delhaye,"1,394"
23,50000,BE32,Provincie Henegouwen,Rousseau,"1,386"
24,50000,BE32,Provincie Henegouwen,Moreau,"1,380"
25,50000,BE32,Provincie Henegouwen,Lecomte,"1,367"
26,50000,BE32,Provincie Henegouwen,Lemaire,"1,328"
27,50000,BE32,Provincie Henegouwen,Maes,"1,280"
28,50000,BE32,Provincie Henegouwen,Lebrun,"1,274"
29,50000,BE32,Provincie Henegouwen,Druart,"1,231"
30,50000,BE32,Provincie Henegouwen,Bernard,"1,207"
31,50000,BE32,Provincie Henegouwen,Mathieu,"1,202"
32,50000,BE32,Provincie Henegouwen,Cuvelier,"1,197"
33,50000,BE32,Provincie Henegouwen,André,"1,185"
34,50000,BE32,Provincie Henegouwen,Cambier,"1,173"
35,50000,BE32,Provincie Henegouwen,Devos,"1,172"
36,50000,BE32,Provincie Henegouwen,Noël,"1,153"
37,50000,BE32,Provincie Henegouwen,Durieux,"1,138"
37,50000,BE32,Provincie Henegouwen,Henry,"1,138"
39,50000,BE32,Provincie Henegouwen,Roland,"1,137"
40,50000,BE32,Provincie Henegouwen,Robert,"1,130"
41,50000,BE32,Provincie Henegouwen,Dufour,"1,113"
42,50000,BE32,Provincie Henegouwen,Lejeune,"1,087"
43,50000,BE32,Provincie Henegouwen,Chevalier,"1,074"
44,50000,BE32,Provincie Henegouwen,Lecocq,"1,072"
45,50000,BE32,Provincie Henegouwen,Godart,"1,068"
46,50000,BE32,Provincie Henegouwen,Adam,"1,049"
47,50000,BE32,Provincie Henegouwen,Janssens,991
48,50000,BE32,Provincie Henegouwen,Gérard,989
48,50000,BE32,Provincie Henegouwen,Michaux,989
50,50000,BE32,Provincie Henegouwen,Delcourt,966
51,50000,BE32,Provincie Henegouwen,Meunier,960
52,50000,BE32,Provincie Henegouwen,Mercier,952
53,50000,BE32,Provincie Henegouwen,Cordier,950
54,50000,BE32,Provincie Henegouwen,Gobert,943
55,50000,BE32,Provincie Henegouwen,Evrard,937
56,50000,BE32,Provincie Henegouwen,Desmet,933
57,50000,BE32,Provincie Henegouwen,Allard,927
58,50000,BE32,Provincie Henegouwen,Flament,916
59,50000,BE32,Provincie Henegouwen,Lefèvre,893
60,50000,BE32,Provincie Henegouwen,Delmotte,891
61,50000,BE32,Provincie Henegouwen,Thomas,890
62,50000,BE32,Provincie Henegouwen,Foucart,875
63,50000,BE32,Provincie Henegouwen,Delfosse,873
64,50000,BE32,Provincie Henegouwen,Mertens,834
65,50000,BE32,Provincie Henegouwen,Declercq,831
66,50000,BE32,Provincie Henegouwen,Liénard,830
67,50000,BE32,Provincie Henegouwen,Deprez,827
68,50000,BE32,Provincie Henegouwen,Charlier,785
68,50000,BE32,Provincie Henegouwen,Hubert,785
70,50000,BE32,Provincie Henegouwen,Huart,773
71,50000,BE32,Provincie Henegouwen,Ghislain,768
72,50000,BE32,Provincie Henegouwen,Vilain,760
73,50000,BE32,Provincie Henegouwen,Dieu,756
74,50000,BE32,Provincie Henegouwen,Dupuis,747
75,50000,BE32,Provincie Henegouwen,Delattre,728
75,50000,BE32,Provincie Henegouwen,Gallez,728
77,50000,BE32,Provincie Henegouwen,Delcroix,727
78,50000,BE32,Provincie Henegouwen,Remy,726
79,50000,BE32,Provincie Henegouwen,Dujardin,720
80,50000,BE32,Provincie Henegouwen,Bertrand,717
80,50000,BE32,Provincie Henegouwen,Peeters,717
82,50000,BE32,Provincie Henegouwen,Moulin,709
83,50000,BE32,Provincie Henegouwen,Dubuisson,704
84,50000,BE32,Provincie Henegouwen,Bastin,692
85,50000,BE32,Provincie Henegouwen,Dehon,688
86,50000,BE32,Provincie Henegouwen,Bourgeois,683
87,50000,BE32,Provincie Henegouwen,Charles,673
88,50000,BE32,Provincie Henegouwen,Libert,664
89,50000,BE32,Provincie Henegouwen,Cornez,659
89,50000,BE32,Provincie Henegouwen,Olivier,659
91,50000,BE32,Provincie Henegouwen,Thiry,657
92,50000,BE32,Provincie Henegouwen,Joly,654
93,50000,BE32,Provincie Henegouwen,Carpentier,651
94,50000,BE32,Provincie Henegouwen,Duquesne,649
95,50000,BE32,Provincie Henegouwen,Parent,647
96,50000,BE32,Provincie Henegouwen,Lenoir,645
97,50000,BE32,Provincie Henegouwen,Thibaut,642
98,50000,BE32,Provincie Henegouwen,Bouchez,636
99,50000,BE32,Provincie Henegouwen,Delvaux,632
100,50000,BE32,Provincie Henegouwen,Maton,631
101,50000,BE32,Provincie Henegouwen,Lacroix,627
101,50000,BE32,Provincie Henegouwen,Massart,627
103,50000,BE32,Provincie Henegouwen,Navez,626
104,50000,BE32,Provincie Henegouwen,Dufrasne,616
105,50000,BE32,Provincie Henegouwen,Jacques,615
106,50000,BE32,Provincie Henegouwen,Guillaume,614
107,50000,BE32,Provincie Henegouwen,Bury,613
108,50000,BE32,Provincie Henegouwen,Diallo,611
109,50000,BE32,Provincie Henegouwen,Piette,610
110,50000,BE32,Provincie Henegouwen,Lhoir,604
111,50000,BE32,Provincie Henegouwen,Vermeulen,601
112,50000,BE32,Provincie Henegouwen,Ruelle,600
113,50000,BE32,Provincie Henegouwen,Boulanger,596
113,50000,BE32,Provincie Henegouwen,Colin,596
113,50000,BE32,Provincie Henegouwen,Mary,596
116,50000,BE32,Provincie Henegouwen,Leleux,595
116,50000,BE32,Provincie Henegouwen,Russo,595
118,50000,BE32,Provincie Henegouwen,Wattiez,593
119,50000,BE32,Provincie Henegouwen,Abrassart,592
119,50000,BE32,Provincie Henegouwen,Yilmaz,592
121,50000,BE32,Provincie Henegouwen,Clément,590
122,50000,BE32,Provincie Henegouwen,Goossens,588
123,50000,BE32,Provincie Henegouwen,Dumortier,587
124,50000,BE32,Provincie Henegouwen,Baudoux,585
125,50000,BE32,Provincie Henegouwen,Duvivier,581
126,50000,BE32,Provincie Henegouwen,Antoine,580
127,50000,BE32,Provincie Henegouwen,Boudart,568
128,50000,BE32,Provincie Henegouwen,Jacobs,563
128,50000,BE32,Provincie Henegouwen,Pauwels,563
130,50000,BE32,Provincie Henegouwen,Claus,561
131,50000,BE32,Provincie Henegouwen,Demaret,560
132,50000,BE32,Provincie Henegouwen,Cornet,559
133,50000,BE32,Provincie Henegouwen,Caudron,558
134,50000,BE32,Provincie Henegouwen,Honoré,556
135,50000,BE32,Provincie Henegouwen,Dufrane,554
136,50000,BE32,Provincie Henegouwen,Blondiau,553
136,50000,BE32,Provincie Henegouwen,Delporte,553
138,50000,BE32,Provincie Henegouwen,Bauduin,551
139,50000,BE32,Provincie Henegouwen,Marlier,549
140,50000,BE32,Provincie Henegouwen,Bruno,546
141,50000,BE32,Provincie Henegouwen,Durant,542
141,50000,BE32,Provincie Henegouwen,Godefroid,542
143,50000,BE32,Provincie Henegouwen,Lemoine,541
144,50000,BE32,Provincie Henegouwen,Glineur,540
145,50000,BE32,Provincie Henegouwen,Parmentier,539
146,50000,BE32,Provincie Henegouwen,Goffin,535
147,50000,BE32,Provincie Henegouwen,Delforge,534
148,50000,BE32,Provincie Henegouwen,Paquet,533
149,50000,BE32,Provincie Henegouwen,Bauwens,532
150,50000,BE32,Provincie Henegouwen,Louis,528
151,50000,BE32,Provincie Henegouwen,Coppens,527
151,50000,BE32,Provincie Henegouwen,Toubeau,527
153,50000,BE32,Provincie Henegouwen,Brasseur,526
153,50000,BE32,Provincie Henegouwen,Vincent,526
155,50000,BE32,Provincie Henegouwen,Gilles,525
155,50000,BE32,Provincie Henegouwen,Staquet,525
157,50000,BE32,Provincie Henegouwen,Lefèbvre,524
158,50000,BE32,Provincie Henegouwen,Servais,523
159,50000,BE32,Provincie Henegouwen,Collet,522
159,50000,BE32,Provincie Henegouwen,Nicolas,522
161,50000,BE32,Provincie Henegouwen,Marchand,519
162,50000,BE32,Provincie Henegouwen,Vandenberghe,514
163,50000,BE32,Provincie Henegouwen,Marchal,510
164,50000,BE32,Provincie Henegouwen,Coulon,509
165,50000,BE32,Provincie Henegouwen,Nicaise,508
166,50000,BE32,Provincie Henegouwen,Michiels,506
167,50000,BE32,Provincie Henegouwen,Rizzo,499
168,50000,BE32,Provincie Henegouwen,De Smet,496
168,50000,BE32,Provincie Henegouwen,Willems,496
170,50000,BE32,Provincie Henegouwen,Claes,495
170,50000,BE32,Provincie Henegouwen,Motte,495
172,50000,BE32,Provincie Henegouwen,Fragapane,493
173,50000,BE32,Provincie Henegouwen,Decamps,491
174,50000,BE32,Provincie Henegouwen,Lefevre,490
175,50000,BE32,Provincie Henegouwen,Barbier,489
176,50000,BE32,Provincie Henegouwen,Duez,485
176,50000,BE32,Provincie Henegouwen,Toussaint,485
178,50000,BE32,Provincie Henegouwen,Bodart,484
179,50000,BE32,Provincie Henegouwen,Delbecq,482
179,50000,BE32,Provincie Henegouwen,Hannecart,482
179,50000,BE32,Provincie Henegouwen,Leblanc,482
182,50000,BE32,Provincie Henegouwen,Barbieux,477
183,50000,BE32,Provincie Henegouwen,Callens,474
184,50000,BE32,Provincie Henegouwen,Dutrieux,472
184,50000,BE32,Provincie Henegouwen,Saussez,472
186,50000,BE32,Provincie Henegouwen,Delannoy,468
187,50000,BE32,Provincie Henegouwen,Vandamme,466
188,50000,BE32,Provincie Henegouwen,Cardon,464
188,50000,BE32,Provincie Henegouwen,Grégoire,464
188,50000,BE32,Provincie Henegouwen,Jacquet,464
191,50000,BE32,Provincie Henegouwen,Caufriez,463
191,50000,BE32,Provincie Henegouwen,Quenon,463
193,50000,BE32,Provincie Henegouwen,Lardinois,459
194,50000,BE32,Provincie Henegouwen,Meurant,452
195,50000,BE32,Provincie Henegouwen,Arnould,451
195,50000,BE32,Provincie Henegouwen,Sauvage,451
197,50000,BE32,Provincie Henegouwen,Blondeau,450
198,50000,BE32,Provincie Henegouwen,Herman,449
198,50000,BE32,Provincie Henegouwen,Honorez,449
200,50000,BE32,Provincie Henegouwen,Bouillon,443
201,50000,BE32,Provincie Henegouwen,Demoulin,441
201,50000,BE32,Provincie Henegouwen,Dumoulin,441
203,50000,BE32,Provincie Henegouwen,Limbourg,437
204,50000,BE32,Provincie Henegouwen,Payen,436
205,50000,BE32,Provincie Henegouwen,Pollet,433
206,50000,BE32,Provincie Henegouwen,Romain,431
207,50000,BE32,Provincie Henegouwen,Lucas,428
208,50000,BE32,Provincie Henegouwen,Bailly,425
208,50000,BE32,Provincie Henegouwen,De Vos,425
208,50000,BE32,Provincie Henegouwen,Piret,425
211,50000,BE32,Provincie Henegouwen,Cornu,424
212,50000,BE32,Provincie Henegouwen,Becker,423
212,50000,BE32,Provincie Henegouwen,Messina,423
212,50000,BE32,Provincie Henegouwen,Richard,423
215,50000,BE32,Provincie Henegouwen,Masson,422
216,50000,BE32,Provincie Henegouwen,Berger,420
216,50000,BE32,Provincie Henegouwen,Carton,420
218,50000,BE32,Provincie Henegouwen,Dardenne,418
219,50000,BE32,Provincie Henegouwen,Christiaens,416
219,50000,BE32,Provincie Henegouwen,Greco,416
221,50000,BE32,Provincie Henegouwen,Bonnet,413
221,50000,BE32,Provincie Henegouwen,Maréchal,413
223,50000,BE32,Provincie Henegouwen,Deltenre,412
223,50000,BE32,Provincie Henegouwen,Vanneste,412
225,50000,BE32,Provincie Henegouwen,Cornil,410
226,50000,BE32,Provincie Henegouwen,Brogniez,409
226,50000,BE32,Provincie Henegouwen,Van Damme,409
228,50000,BE32,Provincie Henegouwen,Bastien,408
228,50000,BE32,Provincie Henegouwen,David,408
230,50000,BE32,Provincie Henegouwen,Detournay,407
230,50000,BE32,Provincie Henegouwen,Philippe,407
232,50000,BE32,Provincie Henegouwen,De Clercq,403
233,50000,BE32,Provincie Henegouwen,Couvreur,400
234,50000,BE32,Provincie Henegouwen,Blairon,398
234,50000,BE32,Provincie Henegouwen,Nys,398
236,50000,BE32,Provincie Henegouwen,Gilson,397
236,50000,BE32,Provincie Henegouwen,Lorent,397
236,50000,BE32,Provincie Henegouwen,Verhaeghe,397
239,50000,BE32,Provincie Henegouwen,Collard,392
240,50000,BE32,Provincie Henegouwen,Salamone,390
240,50000,BE32,Provincie Henegouwen,Willame,390
242,50000,BE32,Provincie Henegouwen,Wauters,389
243,50000,BE32,Provincie Henegouwen,Hainaut,388
243,50000,BE32,Provincie Henegouwen,Vercruysse,388
245,50000,BE32,Provincie Henegouwen,Segers,387
246,50000,BE32,Provincie Henegouwen,Bogaert,385
247,50000,BE32,Provincie Henegouwen,Gillet,384
248,50000,BE32,Provincie Henegouwen,Francq,383
249,50000,BE32,Provincie Henegouwen,Léonard,382
249,50000,BE32,Provincie Henegouwen,Pierard,382
249,50000,BE32,Provincie Henegouwen,Willocq,382
252,50000,BE32,Provincie Henegouwen,Lombardo,380
253,50000,BE32,Provincie Henegouwen,Delaunois,377
253,50000,BE32,Provincie Henegouwen,Hardy,377
255,50000,BE32,Provincie Henegouwen,Demoustier,376
256,50000,BE32,Provincie Henegouwen,Alexandre,375
256,50000,BE32,Provincie Henegouwen,Vandevelde,375
258,50000,BE32,Provincie Henegouwen,Frère,371
259,50000,BE32,Provincie Henegouwen,Delaunoy,370
260,50000,BE32,Provincie Henegouwen,Bonte,368
260,50000,BE32,Provincie Henegouwen,Chapelle,368
260,50000,BE32,Provincie Henegouwen,Quertinmont,368
263,50000,BE32,Provincie Henegouwen,Debaisieux,366
263,50000,BE32,Provincie Henegouwen,Dechamps,366
263,50000,BE32,Provincie Henegouwen,Finet,366
266,50000,BE32,Provincie Henegouwen,Claeys,365
267,50000,BE32,Provincie Henegouwen,Derycke,364
268,50000,BE32,Provincie Henegouwen,Collin,362
268,50000,BE32,Provincie Henegouwen,Lison,362
270,50000,BE32,Provincie Henegouwen,Brunin,357
270,50000,BE32,Provincie Henegouwen,Carette,357
270,50000,BE32,Provincie Henegouwen,Destrebecq,357
270,50000,BE32,Provincie Henegouwen,Harvengt,357
274,50000,BE32,Provincie Henegouwen,Colmant,356
275,50000,BE32,Provincie Henegouwen,Doyen,355
275,50000,BE32,Provincie Henegouwen,Timmermans,355
277,50000,BE32,Provincie Henegouwen,Bougard,354
277,50000,BE32,Provincie Henegouwen,Dewaele,354
279,50000,BE32,Provincie Henegouwen,Etienne,353
280,50000,BE32,Provincie Henegouwen,Mortier,352
281,50000,BE32,Provincie Henegouwen,Lechien,351
281,50000,BE32,Provincie Henegouwen,Lerat,351
281,50000,BE32,Provincie Henegouwen,Wattier,351
284,50000,BE32,Provincie Henegouwen,Minet,350
285,50000,BE32,Provincie Henegouwen,Ledoux,349
285,50000,BE32,Provincie Henegouwen,Legros,349
285,50000,BE32,Provincie Henegouwen,Lété,349
288,50000,BE32,Provincie Henegouwen,Glorieux,348
288,50000,BE32,Provincie Henegouwen,Godeau,348
290,50000,BE32,Provincie Henegouwen,Fauconnier,347
291,50000,BE32,Provincie Henegouwen,Stevens,346
292,50000,BE32,Provincie Henegouwen,Carion,345
292,50000,BE32,Provincie Henegouwen,Tournay,345
294,50000,BE32,Provincie Henegouwen,Georges,344
294,50000,BE32,Provincie Henegouwen,Hecq,344
294,50000,BE32,Provincie Henegouwen,Lheureux,344
294,50000,BE32,Provincie Henegouwen,Rossi,344
294,50000,BE32,Provincie Henegouwen,Thys,344
299,50000,BE32,Provincie Henegouwen,De Backer,343
299,50000,BE32,Provincie Henegouwen,Decock,343
301,50000,BE32,Provincie Henegouwen,Duray,341
301,50000,BE32,Provincie Henegouwen,Roger,341
303,50000,BE32,Provincie Henegouwen,Auquier,340
303,50000,BE32,Provincie Henegouwen,Bataille,340
303,50000,BE32,Provincie Henegouwen,Gilbert,340
303,50000,BE32,Provincie Henegouwen,Meurisse,340
307,50000,BE32,Provincie Henegouwen,Hermans,339
307,50000,BE32,Provincie Henegouwen,Pottiez,339
309,50000,BE32,Provincie Henegouwen,Deschamps,338
310,50000,BE32,Provincie Henegouwen,Bruyère,336
310,50000,BE32,Provincie Henegouwen,Masure,336
310,50000,BE32,Provincie Henegouwen,Wouters,336
313,50000,BE32,Provincie Henegouwen,Mahy,333
313,50000,BE32,Provincie Henegouwen,Minne,333
315,50000,BE32,Provincie Henegouwen,Beugnies,332
315,50000,BE32,Provincie Henegouwen,Stiévenart,332
317,50000,BE32,Provincie Henegouwen,Kaya,330
318,50000,BE32,Provincie Henegouwen,Liégeois,327
318,50000,BE32,Provincie Henegouwen,Martens,327
320,50000,BE32,Provincie Henegouwen,Delrue,326
320,50000,BE32,Provincie Henegouwen,Fournier,326
320,50000,BE32,Provincie Henegouwen,Lebon,326
323,50000,BE32,Provincie Henegouwen,Bourguignon,324
323,50000,BE32,Provincie Henegouwen,Mairesse,324
323,50000,BE32,Provincie Henegouwen,Molle,324
323,50000,BE32,Provincie Henegouwen,Vancoppenolle,324
327,50000,BE32,Provincie Henegouwen,Buisseret,323
327,50000,BE32,Provincie Henegouwen,Deconinck,323
327,50000,BE32,Provincie Henegouwen,Flamme,323
330,50000,BE32,Provincie Henegouwen,Fayt,321
331,50000,BE32,Provincie Henegouwen,Duval,320
331,50000,BE32,Provincie Henegouwen,Rivière,320
333,50000,BE32,Provincie Henegouwen,Bourlard,319
334,50000,BE32,Provincie Henegouwen,Dramaix,318
334,50000,BE32,Provincie Henegouwen,Leleu,318
334,50000,BE32,Provincie Henegouwen,Roman,318
337,50000,BE32,Provincie Henegouwen,Vanhoutte,317
338,50000,BE32,Provincie Henegouwen,Dandois,316
338,50000,BE32,Provincie Henegouwen,Delvigne,316
338,50000,BE32,Provincie Henegouwen,Tilmant,316
341,50000,BE32,Provincie Henegouwen,Baert,315
341,50000,BE32,Provincie Henegouwen,Depasse,315
341,50000,BE32,Provincie Henegouwen,Harmegnies,315
344,50000,BE32,Provincie Henegouwen,Cauchie,314
344,50000,BE32,Provincie Henegouwen,Dewulf,314
344,50000,BE32,Provincie Henegouwen,Mainil,314
344,50000,BE32,Provincie Henegouwen,Paul,314
348,50000,BE32,Provincie Henegouwen,Brouillard,313
348,50000,BE32,Provincie Henegouwen,Marotta,313
350,50000,BE32,Provincie Henegouwen,Bureau,312
350,50000,BE32,Provincie Henegouwen,Culot,312
350,50000,BE32,Provincie Henegouwen,Gosset,312
350,50000,BE32,Provincie Henegouwen,Spitaels,312
354,50000,BE32,Provincie Henegouwen,Hendrickx,310
355,50000,BE32,Provincie Henegouwen,Wauthier,308
356,50000,BE32,Provincie Henegouwen,Alaimo,307
356,50000,BE32,Provincie Henegouwen,Wéry,307
358,50000,BE32,Provincie Henegouwen,Hennebert,306
358,50000,BE32,Provincie Henegouwen,Stassin,306
360,50000,BE32,Provincie Henegouwen,Blondiaux,304
361,50000,BE32,Provincie Henegouwen,Fromont,303
361,50000,BE32,Provincie Henegouwen,Poulain,303
363,50000,BE32,Provincie Henegouwen,Falzone,300
363,50000,BE32,Provincie Henegouwen,Legrain,300
365,50000,BE32,Provincie Henegouwen,Collart,299
366,50000,BE32,Provincie Henegouwen,D'Angelo,298
366,50000,BE32,Provincie Henegouwen,Devaux,298
366,50000,BE32,Provincie Henegouwen,Hellin,298
366,50000,BE32,Provincie Henegouwen,Hoyas,298
366,50000,BE32,Provincie Henegouwen,Pierre,298
371,50000,BE32,Provincie Henegouwen,Sahin,296
372,50000,BE32,Provincie Henegouwen,Cardinal,293
373,50000,BE32,Provincie Henegouwen,Coppin,292
373,50000,BE32,Provincie Henegouwen,Delbart,292
373,50000,BE32,Provincie Henegouwen,Gillain,292
376,50000,BE32,Provincie Henegouwen,Degrève,290
376,50000,BE32,Provincie Henegouwen,Depret,290
378,50000,BE32,Provincie Henegouwen,Drugmand,289
378,50000,BE32,Provincie Henegouwen,Dubart,289
380,50000,BE32,Provincie Henegouwen,Piérard,287
381,50000,BE32,Provincie Henegouwen,Delval,286
382,50000,BE32,Provincie Henegouwen,De Ridder,285
382,50000,BE32,Provincie Henegouwen,Estiévenart,285
382,50000,BE32,Provincie Henegouwen,Masquelier,285
385,50000,BE32,Provincie Henegouwen,Plumat,284
386,50000,BE32,Provincie Henegouwen,Degand,283
386,50000,BE32,Provincie Henegouwen,Ladrière,283
386,50000,BE32,Provincie Henegouwen,Piron,283
386,50000,BE32,Provincie Henegouwen,Samain,283
390,50000,BE32,Provincie Henegouwen,Soyez,282
390,50000,BE32,Provincie Henegouwen,Vandewalle,282
392,50000,BE32,Provincie Henegouwen,Bultot,281
392,50000,BE32,Provincie Henegouwen,Colinet,281
392,50000,BE32,Provincie Henegouwen,Picron,281
395,50000,BE32,Provincie Henegouwen,Romano,280
395,50000,BE32,Provincie Henegouwen,Vandeputte,280
397,50000,BE32,Provincie Henegouwen,Bourdon,279
397,50000,BE32,Provincie Henegouwen,Dussart,279
397,50000,BE32,Provincie Henegouwen,Renaux,279
400,50000,BE32,Provincie Henegouwen,Bodson,278
400,50000,BE32,Provincie Henegouwen,De Coster,278
400,50000,BE32,Provincie Henegouwen,Verbeke,278
403,50000,BE32,Provincie Henegouwen,Houdart,277
404,50000,BE32,Provincie Henegouwen,Adant,276
404,50000,BE32,Provincie Henegouwen,Fourez,276
404,50000,BE32,Provincie Henegouwen,Hoyaux,276
404,50000,BE32,Provincie Henegouwen,Thirion,276
408,50000,BE32,Provincie Henegouwen,Benoit,275
408,50000,BE32,Provincie Henegouwen,Gosselin,275
410,50000,BE32,Provincie Henegouwen,Amand,274
410,50000,BE32,Provincie Henegouwen,Brichard,274
410,50000,BE32,Provincie Henegouwen,Dath,274
410,50000,BE32,Provincie Henegouwen,Goffaux,274
410,50000,BE32,Provincie Henegouwen,Marin,274
410,50000,BE32,Provincie Henegouwen,Smets,274
416,50000,BE32,Provincie Henegouwen,Lambot,273
417,50000,BE32,Provincie Henegouwen,Deroubaix,272
417,50000,BE32,Provincie Henegouwen,Naessens,272
419,50000,BE32,Provincie Henegouwen,Amico,271
419,50000,BE32,Provincie Henegouwen,Brison,271
419,50000,BE32,Provincie Henegouwen,Godfroid,271
422,50000,BE32,Provincie Henegouwen,Quintin,270
423,50000,BE32,Provincie Henegouwen,Knockaert,269
423,50000,BE32,Provincie Henegouwen,Leduc,269
423,50000,BE32,Provincie Henegouwen,Moury,269
426,50000,BE32,Provincie Henegouwen,Collignon,268
426,50000,BE32,Provincie Henegouwen,Debroux,268
426,50000,BE32,Provincie Henegouwen,Yildirim,268
429,50000,BE32,Provincie Henegouwen,Feron,267
429,50000,BE32,Provincie Henegouwen,Matthys,267
431,50000,BE32,Provincie Henegouwen,Morel,266
431,50000,BE32,Provincie Henegouwen,Prévost,266
433,50000,BE32,Provincie Henegouwen,Aydin,265
433,50000,BE32,Provincie Henegouwen,Corbisier,265
433,50000,BE32,Provincie Henegouwen,Josse,265
433,50000,BE32,Provincie Henegouwen,Vienne,265
437,50000,BE32,Provincie Henegouwen,Jacob,264
437,50000,BE32,Provincie Henegouwen,Naveau,264
437,50000,BE32,Provincie Henegouwen,Vanhove,264
440,50000,BE32,Provincie Henegouwen,Loiseau,263
440,50000,BE32,Provincie Henegouwen,Mabille,263
442,50000,BE32,Provincie Henegouwen,Capron,262
442,50000,BE32,Provincie Henegouwen,Hoebeke,262
442,50000,BE32,Provincie Henegouwen,Samyn,262
442,50000,BE32,Provincie Henegouwen,Vandenbroucke,262
446,50000,BE32,Provincie Henegouwen,Hermant,261
447,50000,BE32,Provincie Henegouwen,Anciaux,260
447,50000,BE32,Provincie Henegouwen,Delplanque,260
447,50000,BE32,Provincie Henegouwen,Pourbaix,260
450,50000,BE32,Provincie Henegouwen,Caulier,259
450,50000,BE32,Provincie Henegouwen,Gillard,259
450,50000,BE32,Provincie Henegouwen,Maertens,259
453,50000,BE32,Provincie Henegouwen,Jouret,258
454,50000,BE32,Provincie Henegouwen,Marlière,257
455,50000,BE32,Provincie Henegouwen,Boucher,256
456,50000,BE32,Provincie Henegouwen,Deleu,255
456,50000,BE32,Provincie Henegouwen,Jadot,255
456,50000,BE32,Provincie Henegouwen,Moreels,255
456,50000,BE32,Provincie Henegouwen,Soupart,255
456,50000,BE32,Provincie Henegouwen,Theys,255
456,50000,BE32,Provincie Henegouwen,Valentin,255
462,50000,BE32,Provincie Henegouwen,Parisi,254
462,50000,BE32,Provincie Henegouwen,Quinet,254
462,50000,BE32,Provincie Henegouwen,Rousseaux,254
462,50000,BE32,Provincie Henegouwen,Vandenbulcke,254
466,50000,BE32,Provincie Henegouwen,Barry,253
466,50000,BE32,Provincie Henegouwen,Gustin,253
466,50000,BE32,Provincie Henegouwen,Moucheron,253
469,50000,BE32,Provincie Henegouwen,Caron,252
469,50000,BE32,Provincie Henegouwen,Hoyois,252
469,50000,BE32,Provincie Henegouwen,Poncelet,252
472,50000,BE32,Provincie Henegouwen,Duret,251
472,50000,BE32,Provincie Henegouwen,Eloy,251
474,50000,BE32,Provincie Henegouwen,Castelain,250
474,50000,BE32,Provincie Henegouwen,Levêque,250
474,50000,BE32,Provincie Henegouwen,Vandaele,250
477,50000,BE32,Provincie Henegouwen,Brabant,249
477,50000,BE32,Provincie Henegouwen,Hassaini,249
479,50000,BE32,Provincie Henegouwen,Devillers,248
479,50000,BE32,Provincie Henegouwen,Lallemand,248
479,50000,BE32,Provincie Henegouwen,Piraux,248
482,50000,BE32,Provincie Henegouwen,Jenart,247
483,50000,BE32,Provincie Henegouwen,Demeulemeester,246
483,50000,BE32,Provincie Henegouwen,Salmon,246
485,50000,BE32,Provincie Henegouwen,Callewaert,245
485,50000,BE32,Provincie Henegouwen,Castiaux,245
485,50000,BE32,Provincie Henegouwen,Lion,245
485,50000,BE32,Provincie Henegouwen,Marcq,245
485,50000,BE32,Provincie Henegouwen,Monnier,245
485,50000,BE32,Provincie Henegouwen,Rasseneur,245
485,50000,BE32,Provincie Henegouwen,Vanderstraeten,245
492,50000,BE32,Provincie Henegouwen,Courtois,244
493,50000,BE32,Provincie Henegouwen,Berte,243
493,50000,BE32,Provincie Henegouwen,Colson,243
493,50000,BE32,Provincie Henegouwen,Tahon,243
493,50000,BE32,Provincie Henegouwen,Tricot,243
497,50000,BE32,Provincie Henegouwen,Bienfait,242
497,50000,BE32,Provincie Henegouwen,Bourgois,242
497,50000,BE32,Provincie Henegouwen,Dupret,242
497,50000,BE32,Provincie Henegouwen,Vivier,242
497,50000,BE32,Provincie Henegouwen,Wilmart,242
502,50000,BE32,Provincie Henegouwen,Demanet,241
502,50000,BE32,Provincie Henegouwen,Fourneau,241
502,50000,BE32,Provincie Henegouwen,Pourtois,241
502,50000,BE32,Provincie Henegouwen,Vandecasteele,241
506,50000,BE32,Provincie Henegouwen,Chartier,240
506,50000,BE32,Provincie Henegouwen,Dumonceau,240
506,50000,BE32,Provincie Henegouwen,Potvin,240
509,50000,BE32,Provincie Henegouwen,Lelong,238
510,50000,BE32,Provincie Henegouwen,Dupriez,237
510,50000,BE32,Provincie Henegouwen,Faucon,237
510,50000,BE32,Provincie Henegouwen,Fiévet,237
513,50000,BE32,Provincie Henegouwen,Gondry,236
513,50000,BE32,Provincie Henegouwen,Lebeau,236
513,50000,BE32,Provincie Henegouwen,Philippart,236
516,50000,BE32,Provincie Henegouwen,Francois,235
516,50000,BE32,Provincie Henegouwen,Letellier,235
518,50000,BE32,Provincie Henegouwen,Labie,234
519,50000,BE32,Provincie Henegouwen,Arslan,233
519,50000,BE32,Provincie Henegouwen,De Groote,233
519,50000,BE32,Provincie Henegouwen,De Wilde,233
522,50000,BE32,Provincie Henegouwen,Cousin,232
522,50000,BE32,Provincie Henegouwen,Debruyne,232
522,50000,BE32,Provincie Henegouwen,Gallo,232
525,50000,BE32,Provincie Henegouwen,Bruneel,231
525,50000,BE32,Provincie Henegouwen,Lequeux,231
525,50000,BE32,Provincie Henegouwen,Thiébaut,231
528,50000,BE32,Provincie Henegouwen,Crombez,230
528,50000,BE32,Provincie Henegouwen,Damien,230
528,50000,BE32,Provincie Henegouwen,Delaby,230
528,50000,BE32,Provincie Henegouwen,Foulon,230
528,50000,BE32,Provincie Henegouwen,Vandenbussche,230
528,50000,BE32,Provincie Henegouwen,Verset,230
534,50000,BE32,Provincie Henegouwen,Gossiaux,229
534,50000,BE32,Provincie Henegouwen,Yildiz,229
536,50000,BE32,Provincie Henegouwen,Berton,228
536,50000,BE32,Provincie Henegouwen,Coquelet,228
536,50000,BE32,Provincie Henegouwen,Devergnies,228
536,50000,BE32,Provincie Henegouwen,Duprez,228
536,50000,BE32,Provincie Henegouwen,Dury,228
541,50000,BE32,Provincie Henegouwen,Brion,227
541,50000,BE32,Provincie Henegouwen,Heymans,227
541,50000,BE32,Provincie Henegouwen,Menu,227
541,50000,BE32,Provincie Henegouwen,Verstraete,227
545,50000,BE32,Provincie Henegouwen,Cammarata,226
546,50000,BE32,Provincie Henegouwen,Bara,225
546,50000,BE32,Provincie Henegouwen,Coppée,225
546,50000,BE32,Provincie Henegouwen,Leemans,225
546,50000,BE32,Provincie Henegouwen,Vanderlinden,225
546,50000,BE32,Provincie Henegouwen,Vigneron,225
551,50000,BE32,Provincie Henegouwen,Decoster,224
551,50000,BE32,Provincie Henegouwen,Hanot,224
553,50000,BE32,Provincie Henegouwen,Boitte,223
553,50000,BE32,Provincie Henegouwen,De Bock,223
553,50000,BE32,Provincie Henegouwen,Fievet,223
553,50000,BE32,Provincie Henegouwen,Gerard,223
557,50000,BE32,Provincie Henegouwen,Demir,222
557,50000,BE32,Provincie Henegouwen,Goret,222
557,50000,BE32,Provincie Henegouwen,Lienard,222
557,50000,BE32,Provincie Henegouwen,Vandendriessche,222
561,50000,BE32,Provincie Henegouwen,Debiève,221
561,50000,BE32,Provincie Henegouwen,Rombaux,221
563,50000,BE32,Provincie Henegouwen,Lepage,220
564,50000,BE32,Provincie Henegouwen,Meert,219
565,50000,BE32,Provincie Henegouwen,Denayer,218
565,50000,BE32,Provincie Henegouwen,Michez,218
565,50000,BE32,Provincie Henegouwen,Procureur,218
568,50000,BE32,Provincie Henegouwen,Demets,217
568,50000,BE32,Provincie Henegouwen,Rossignol,217
568,50000,BE32,Provincie Henegouwen,Somville,217
571,50000,BE32,Provincie Henegouwen,De Cock,216
571,50000,BE32,Provincie Henegouwen,De Pauw,216
571,50000,BE32,Provincie Henegouwen,Denys,216
571,50000,BE32,Provincie Henegouwen,Jacquemin,216
571,50000,BE32,Provincie Henegouwen,Lahaye,216
576,50000,BE32,Provincie Henegouwen,Cailleaux,215
576,50000,BE32,Provincie Henegouwen,Mouton,215
576,50000,BE32,Provincie Henegouwen,Nguyen,215
576,50000,BE32,Provincie Henegouwen,Roussel,215
576,50000,BE32,Provincie Henegouwen,Sculier,215
576,50000,BE32,Provincie Henegouwen,Soudant,215
582,50000,BE32,Provincie Henegouwen,Dassonville,214
582,50000,BE32,Provincie Henegouwen,Fiévez,214
584,50000,BE32,Provincie Henegouwen,Boutry,213
584,50000,BE32,Provincie Henegouwen,Dejonghe,213
584,50000,BE32,Provincie Henegouwen,Deneubourg,213
584,50000,BE32,Provincie Henegouwen,Ducarme,213
584,50000,BE32,Provincie Henegouwen,Gentile,213
584,50000,BE32,Provincie Henegouwen,Graux,213
590,50000,BE32,Provincie Henegouwen,Di Vincenzo,212
590,50000,BE32,Provincie Henegouwen,Duquenne,212
590,50000,BE32,Provincie Henegouwen,Pirson,212
593,50000,BE32,Provincie Henegouwen,Albert,211
593,50000,BE32,Provincie Henegouwen,Daumerie,211
593,50000,BE32,Provincie Henegouwen,Delneste,211
593,50000,BE32,Provincie Henegouwen,Deltour,211
593,50000,BE32,Provincie Henegouwen,Légat,211
593,50000,BE32,Provincie Henegouwen,Paternoster,211
593,50000,BE32,Provincie Henegouwen,Pilette,211
600,50000,BE32,Provincie Henegouwen,Balcaen,210
600,50000,BE32,Provincie Henegouwen,Chantry,210
600,50000,BE32,Provincie Henegouwen,Conte,210
600,50000,BE32,Provincie Henegouwen,Contino,210
604,50000,BE32,Provincie Henegouwen,Baudour,209
604,50000,BE32,Provincie Henegouwen,Canon,209
604,50000,BE32,Provincie Henegouwen,Verschueren,209
604,50000,BE32,Provincie Henegouwen,Wargnies,209
604,50000,BE32,Provincie Henegouwen,Waroquier,209
604,50000,BE32,Provincie Henegouwen,Yernaux,209
610,50000,BE32,Provincie Henegouwen,Cornelis,208
610,50000,BE32,Provincie Henegouwen,Demol,208
610,50000,BE32,Provincie Henegouwen,Durand,208
610,50000,BE32,Provincie Henegouwen,George,208
610,50000,BE32,Provincie Henegouwen,Moerman,208
610,50000,BE32,Provincie Henegouwen,Wallemacq,208
616,50000,BE32,Provincie Henegouwen,Bah,207
616,50000,BE32,Provincie Henegouwen,D'Amico,207
618,50000,BE32,Provincie Henegouwen,Bette,206
618,50000,BE32,Provincie Henegouwen,Borremans,206
618,50000,BE32,Provincie Henegouwen,Dubray,206
618,50000,BE32,Provincie Henegouwen,Renier,206
618,50000,BE32,Provincie Henegouwen,Robin,206
623,50000,BE32,Provincie Henegouwen,Holvoet,205
623,50000,BE32,Provincie Henegouwen,Renaut,205
625,50000,BE32,Provincie Henegouwen,Delcampe,204
625,50000,BE32,Provincie Henegouwen,Genot,204
625,50000,BE32,Provincie Henegouwen,Mathy,204
625,50000,BE32,Provincie Henegouwen,Rasson,204
625,50000,BE32,Provincie Henegouwen,Seghers,204
625,50000,BE32,Provincie Henegouwen,Vullo,204
631,50000,BE32,Provincie Henegouwen,Cotton,203
631,50000,BE32,Provincie Henegouwen,Orban,203
631,50000,BE32,Provincie Henegouwen,Potier,203
634,50000,BE32,Provincie Henegouwen,Godin,202
634,50000,BE32,Provincie Henegouwen,Liétard,202
636,50000,BE32,Provincie Henegouwen,Catteau,201
636,50000,BE32,Provincie Henegouwen,D'Hondt,201
636,50000,BE32,Provincie Henegouwen,Danhier,201
636,50000,BE32,Provincie Henegouwen,Decot,201
640,50000,BE32,Provincie Henegouwen,Aubry,200
640,50000,BE32,Provincie Henegouwen,Ferrara,200
640,50000,BE32,Provincie Henegouwen,Vandenabeele,200
643,50000,BE32,Provincie Henegouwen,Constant,199
643,50000,BE32,Provincie Henegouwen,De Wolf,199
643,50000,BE32,Provincie Henegouwen,Demierbe,199
643,50000,BE32,Provincie Henegouwen,Wallez,199
647,50000,BE32,Provincie Henegouwen,Bekaert,198
647,50000,BE32,Provincie Henegouwen,Hennaut,198
647,50000,BE32,Provincie Henegouwen,Mauroy,198
647,50000,BE32,Provincie Henegouwen,Miroir,198
647,50000,BE32,Provincie Henegouwen,Mokhtari,198
647,50000,BE32,Provincie Henegouwen,Pierson,198
653,50000,BE32,Provincie Henegouwen,Dugauquier,197
653,50000,BE32,Provincie Henegouwen,Gauthier,197
653,50000,BE32,Provincie Henegouwen,Grenier,197
653,50000,BE32,Provincie Henegouwen,Saucez,197
657,50000,BE32,Provincie Henegouwen,Beghin,196
657,50000,BE32,Provincie Henegouwen,Choquet,196
657,50000,BE32,Provincie Henegouwen,Rigaux,196
657,50000,BE32,Provincie Henegouwen,Thauvoye,196
657,50000,BE32,Provincie Henegouwen,Van Wymeersch,196
662,50000,BE32,Provincie Henegouwen,Baudson,195
662,50000,BE32,Provincie Henegouwen,Braem,195
662,50000,BE32,Provincie Henegouwen,Chen,195
662,50000,BE32,Provincie Henegouwen,Gaspard,195
662,50000,BE32,Provincie Henegouwen,Wery,195
667,50000,BE32,Provincie Henegouwen,Boucq,194
667,50000,BE32,Provincie Henegouwen,Ceulemans,194
667,50000,BE32,Provincie Henegouwen,Desterbecq,194
667,50000,BE32,Provincie Henegouwen,Dewez,194
667,50000,BE32,Provincie Henegouwen,Dogan,194
667,50000,BE32,Provincie Henegouwen,Fievez,194
667,50000,BE32,Provincie Henegouwen,Gorez,194
667,50000,BE32,Provincie Henegouwen,Hocquet,194
667,50000,BE32,Provincie Henegouwen,Musin,194
676,50000,BE32,Provincie Henegouwen,Altruy,193
676,50000,BE32,Provincie Henegouwen,Basile,193
676,50000,BE32,Provincie Henegouwen,Bayot,193
676,50000,BE32,Provincie Henegouwen,Buscemi,193
676,50000,BE32,Provincie Henegouwen,Derudder,193
676,50000,BE32,Provincie Henegouwen,Leurquin,193
676,50000,BE32,Provincie Henegouwen,Piérart,193
676,50000,BE32,Provincie Henegouwen,Prévot,193
684,50000,BE32,Provincie Henegouwen,Audin,192
684,50000,BE32,Provincie Henegouwen,Botte,192
684,50000,BE32,Provincie Henegouwen,Duchateau,192
684,50000,BE32,Provincie Henegouwen,Lenaerts,192
684,50000,BE32,Provincie Henegouwen,Marino,192
684,50000,BE32,Provincie Henegouwen,Roulet,192
684,50000,BE32,Provincie Henegouwen,Sturbois,192
684,50000,BE32,Provincie Henegouwen,Van Belle,192
692,50000,BE32,Provincie Henegouwen,Caruso,191
692,50000,BE32,Provincie Henegouwen,Decruyenaere,191
692,50000,BE32,Provincie Henegouwen,Michot,191
692,50000,BE32,Provincie Henegouwen,Moussaoui,191
692,50000,BE32,Provincie Henegouwen,Tassin,191
692,50000,BE32,Provincie Henegouwen,Tonneau,191
698,50000,BE32,Provincie Henegouwen,Aerts,190
698,50000,BE32,Provincie Henegouwen,Degueldre,190
698,50000,BE32,Provincie Henegouwen,Draguet,190
698,50000,BE32,Provincie Henegouwen,Schollaert,190
702,50000,BE32,Provincie Henegouwen,Canivet,189
702,50000,BE32,Provincie Henegouwen,Dascotte,189
702,50000,BE32,Provincie Henegouwen,De Roeck,189
702,50000,BE32,Provincie Henegouwen,Dewilde,189
702,50000,BE32,Provincie Henegouwen,Gaillet,189
702,50000,BE32,Provincie Henegouwen,Lemmens,189
702,50000,BE32,Provincie Henegouwen,Maquet,189
702,50000,BE32,Provincie Henegouwen,Rosier,189
702,50000,BE32,Provincie Henegouwen,Santoro,189
702,50000,BE32,Provincie Henegouwen,Scohy,189
712,50000,BE32,Provincie Henegouwen,Casier,188
712,50000,BE32,Provincie Henegouwen,Cheron,188
712,50000,BE32,Provincie Henegouwen,Deman,188
712,50000,BE32,Provincie Henegouwen,Fostier,188
712,50000,BE32,Provincie Henegouwen,Gerin,188
712,50000,BE32,Provincie Henegouwen,Haumont,188
712,50000,BE32,Provincie Henegouwen,Lassoie,188
712,50000,BE32,Provincie Henegouwen,Pichon,188
712,50000,BE32,Provincie Henegouwen,Wautier,188
721,50000,BE32,Provincie Henegouwen,Lagneau,187
721,50000,BE32,Provincie Henegouwen,Lesage,187
721,50000,BE32,Provincie Henegouwen,Masset,187
721,50000,BE32,Provincie Henegouwen,Seynaeve,187
721,50000,BE32,Provincie Henegouwen,Stilmant,187
721,50000,BE32,Provincie Henegouwen,Velghe,187
727,50000,BE32,Provincie Henegouwen,Charlet,186
727,50000,BE32,Provincie Henegouwen,Dethier,186
727,50000,BE32,Provincie Henegouwen,Eeckhout,186
727,50000,BE32,Provincie Henegouwen,Gailly,186
727,50000,BE32,Provincie Henegouwen,Plume,186
727,50000,BE32,Provincie Henegouwen,Verhoeven,186
733,50000,BE32,Provincie Henegouwen,Cocu,185
733,50000,BE32,Provincie Henegouwen,Delplace,185
733,50000,BE32,Provincie Henegouwen,Goethals,185
733,50000,BE32,Provincie Henegouwen,Marbaix,185
737,50000,BE32,Provincie Henegouwen,Bardiaux,184
737,50000,BE32,Provincie Henegouwen,Deligne,184
737,50000,BE32,Provincie Henegouwen,Franc,184
737,50000,BE32,Provincie Henegouwen,Noppe,184
737,50000,BE32,Provincie Henegouwen,Robette,184
737,50000,BE32,Provincie Henegouwen,Sarot,184
737,50000,BE32,Provincie Henegouwen,Severino,184
737,50000,BE32,Provincie Henegouwen,Tack,184
737,50000,BE32,Provincie Henegouwen,Tanghe,184
746,50000,BE32,Provincie Henegouwen,Bernier,183
746,50000,BE32,Provincie Henegouwen,Blampain,183
746,50000,BE32,Provincie Henegouwen,Bongiovanni,183
746,50000,BE32,Provincie Henegouwen,Dubus,183
746,50000,BE32,Provincie Henegouwen,Galand,183
746,50000,BE32,Provincie Henegouwen,Henin,183
746,50000,BE32,Provincie Henegouwen,Licata,183
746,50000,BE32,Provincie Henegouwen,Lievens,183
746,50000,BE32,Provincie Henegouwen,Mestdagh,183
746,50000,BE32,Provincie Henegouwen,Normand,183
746,50000,BE32,Provincie Henegouwen,Patte,183
746,50000,BE32,Provincie Henegouwen,Rassart,183
758,50000,BE32,Provincie Henegouwen,Andries,182
758,50000,BE32,Provincie Henegouwen,Dauchot,182
758,50000,BE32,Provincie Henegouwen,Detry,182
758,50000,BE32,Provincie Henegouwen,Dhainaut,182
758,50000,BE32,Provincie Henegouwen,Glinne,182
758,50000,BE32,Provincie Henegouwen,Lauwers,182
758,50000,BE32,Provincie Henegouwen,Staelens,182
758,50000,BE32,Provincie Henegouwen,Verdonck,182
758,50000,BE32,Provincie Henegouwen,Verhelst,182
758,50000,BE32,Provincie Henegouwen,Vermeersch,182
758,50000,BE32,Provincie Henegouwen,Wantiez,182
769,50000,BE32,Provincie Henegouwen,Bellens,181
769,50000,BE32,Provincie Henegouwen,Daniel,181
769,50000,BE32,Provincie Henegouwen,Degallaix,181
769,50000,BE32,Provincie Henegouwen,Lannoy,181
769,50000,BE32,Provincie Henegouwen,Poliart,181
769,50000,BE32,Provincie Henegouwen,Walravens,181
775,50000,BE32,Provincie Henegouwen,De Witte,180
775,50000,BE32,Provincie Henegouwen,Dekeyser,180
775,50000,BE32,Provincie Henegouwen,Empain,180
775,50000,BE32,Provincie Henegouwen,Huys,180
775,50000,BE32,Provincie Henegouwen,Provenzano,180
775,50000,BE32,Provincie Henegouwen,Six,180
775,50000,BE32,Provincie Henegouwen,Stoquart,180
775,50000,BE32,Provincie Henegouwen,Vitale,180
783,50000,BE32,Provincie Henegouwen,Duquesnoy,179
783,50000,BE32,Provincie Henegouwen,Pace,179
783,50000,BE32,Provincie Henegouwen,Pire,179
786,50000,BE32,Provincie Henegouwen,Degroote,178
786,50000,BE32,Provincie Henegouwen,Dubrulle,178
786,50000,BE32,Provincie Henegouwen,Lemaitre,178
786,50000,BE32,Provincie Henegouwen,Leriche,178
786,50000,BE32,Provincie Henegouwen,Malengreaux,178
786,50000,BE32,Provincie Henegouwen,Sanna,178
792,50000,BE32,Provincie Henegouwen,Bruneau,177
792,50000,BE32,Provincie Henegouwen,Hulin,177
792,50000,BE32,Provincie Henegouwen,Leone,177
792,50000,BE32,Provincie Henegouwen,Masy,177
792,50000,BE32,Provincie Henegouwen,Messiaen,177
792,50000,BE32,Provincie Henegouwen,Raes,177
792,50000,BE32,Provincie Henegouwen,Rolland,177
799,50000,BE32,Provincie Henegouwen,Bocquet,176
799,50000,BE32,Provincie Henegouwen,Hiernaux,176
799,50000,BE32,Provincie Henegouwen,Nicodème,176
799,50000,BE32,Provincie Henegouwen,Vanbellinghen,176
803,50000,BE32,Provincie Henegouwen,Lemal,175
803,50000,BE32,Provincie Henegouwen,Leveau,175
803,50000,BE32,Provincie Henegouwen,Levecq,175
803,50000,BE32,Provincie Henegouwen,Smet,175
803,50000,BE32,Provincie Henegouwen,Verlinden,175
808,50000,BE32,Provincie Henegouwen,Blanchart,174
808,50000,BE32,Provincie Henegouwen,De Meyer,174
808,50000,BE32,Provincie Henegouwen,Doumont,174
808,50000,BE32,Provincie Henegouwen,Hecquet,174
808,50000,BE32,Provincie Henegouwen,Legat,174
808,50000,BE32,Provincie Henegouwen,Masse,174
808,50000,BE32,Provincie Henegouwen,Pieters,174
808,50000,BE32,Provincie Henegouwen,Remacle,174
808,50000,BE32,Provincie Henegouwen,Tordeur,174
817,50000,BE32,Provincie Henegouwen,Capelle,173
817,50000,BE32,Provincie Henegouwen,Conti,173
817,50000,BE32,Provincie Henegouwen,Hupez,173
817,50000,BE32,Provincie Henegouwen,Lempereur,173
817,50000,BE32,Provincie Henegouwen,Merckx,173
822,50000,BE32,Provincie Henegouwen,De Vuyst,172
822,50000,BE32,Provincie Henegouwen,Dessart,172
822,50000,BE32,Provincie Henegouwen,Henrard,172
822,50000,BE32,Provincie Henegouwen,Lescot,172
822,50000,BE32,Provincie Henegouwen,Mignon,172
822,50000,BE32,Provincie Henegouwen,Opsomer,172
822,50000,BE32,Provincie Henegouwen,Place,172
822,50000,BE32,Provincie Henegouwen,Tenret,172
830,50000,BE32,Provincie Henegouwen,Benkahla,171
830,50000,BE32,Provincie Henegouwen,Bertiaux,171
830,50000,BE32,Provincie Henegouwen,Demuynck,171
830,50000,BE32,Provincie Henegouwen,Desmedt,171
830,50000,BE32,Provincie Henegouwen,Dubreucq,171
830,50000,BE32,Provincie Henegouwen,Duchesne,171
830,50000,BE32,Provincie Henegouwen,Dutilleul,171
830,50000,BE32,Provincie Henegouwen,Ghilain,171
830,50000,BE32,Provincie Henegouwen,Vandevoorde,171
830,50000,BE32,Provincie Henegouwen,Veys,171
830,50000,BE32,Provincie Henegouwen,Willem,171
841,50000,BE32,Provincie Henegouwen,Ali,170
841,50000,BE32,Provincie Henegouwen,Bayet,170
841,50000,BE32,Provincie Henegouwen,De Leeuw,170
841,50000,BE32,Provincie Henegouwen,Deladrière,170
841,50000,BE32,Provincie Henegouwen,Deleuze,170
841,50000,BE32,Provincie Henegouwen,Desmecht,170
841,50000,BE32,Provincie Henegouwen,Dewitte,170
841,50000,BE32,Provincie Henegouwen,Lejuste,170
841,50000,BE32,Provincie Henegouwen,Malaise,170
841,50000,BE32,Provincie Henegouwen,Mayeur,170
841,50000,BE32,Provincie Henegouwen,Paris,170
841,50000,BE32,Provincie Henegouwen,Pietquin,170
841,50000,BE32,Provincie Henegouwen,Vanhamme,170
854,50000,BE32,Provincie Henegouwen,Bossut,169
854,50000,BE32,Provincie Henegouwen,Duthoit,169
854,50000,BE32,Provincie Henegouwen,Giordano,169
854,50000,BE32,Provincie Henegouwen,Henriet,169
854,50000,BE32,Provincie Henegouwen,Plasman,169
859,50000,BE32,Provincie Henegouwen,Flamand,168
859,50000,BE32,Provincie Henegouwen,Hosselet,168
859,50000,BE32,Provincie Henegouwen,Mol,168
859,50000,BE32,Provincie Henegouwen,Noel,168
859,50000,BE32,Provincie Henegouwen,Piras,168
859,50000,BE32,Provincie Henegouwen,Pottier,168
865,50000,BE32,Provincie Henegouwen,Catherine,167
865,50000,BE32,Provincie Henegouwen,Debacker,167
865,50000,BE32,Provincie Henegouwen,Guérin,167
865,50000,BE32,Provincie Henegouwen,Hayez,167
865,50000,BE32,Provincie Henegouwen,Lefrancq,167
865,50000,BE32,Provincie Henegouwen,Rochez,167
865,50000,BE32,Provincie Henegouwen,Schillaci,167
872,50000,BE32,Provincie Henegouwen,Berlemont,166
872,50000,BE32,Provincie Henegouwen,Binon,166
872,50000,BE32,Provincie Henegouwen,Brancart,166
872,50000,BE32,Provincie Henegouwen,Jourdain,166
872,50000,BE32,Provincie Henegouwen,Mariage,166
872,50000,BE32,Provincie Henegouwen,Meurée,166
872,50000,BE32,Provincie Henegouwen,Platteau,166
872,50000,BE32,Provincie Henegouwen,Wauquier,166
880,50000,BE32,Provincie Henegouwen,De Waele,165
880,50000,BE32,Provincie Henegouwen,Delsaut,165
880,50000,BE32,Provincie Henegouwen,Dufranne,165
880,50000,BE32,Provincie Henegouwen,Guiot,165
880,50000,BE32,Provincie Henegouwen,Haegeman,165
880,50000,BE32,Provincie Henegouwen,Jaupart,165
880,50000,BE32,Provincie Henegouwen,Van Daele,165
880,50000,BE32,Provincie Henegouwen,Wilfart,165
888,50000,BE32,Provincie Henegouwen,Baise,164
888,50000,BE32,Provincie Henegouwen,De Decker,164
888,50000,BE32,Provincie Henegouwen,Dierick,164
888,50000,BE32,Provincie Henegouwen,Fondu,164
888,50000,BE32,Provincie Henegouwen,Grulois,164
888,50000,BE32,Provincie Henegouwen,Jorion,164
888,50000,BE32,Provincie Henegouwen,Lambotte,164
888,50000,BE32,Provincie Henegouwen,Polizzi,164
888,50000,BE32,Provincie Henegouwen,Regnier,164
888,50000,BE32,Provincie Henegouwen,Van Driessche,164
898,50000,BE32,Provincie Henegouwen,Bughin,163
898,50000,BE32,Provincie Henegouwen,Cauchies,163
898,50000,BE32,Provincie Henegouwen,De Bruyne,163
898,50000,BE32,Provincie Henegouwen,Delvallée,163
898,50000,BE32,Provincie Henegouwen,Douillez,163
898,50000,BE32,Provincie Henegouwen,Dupire,163
898,50000,BE32,Provincie Henegouwen,Lombart,163
898,50000,BE32,Provincie Henegouwen,Moens,163
898,50000,BE32,Provincie Henegouwen,Populaire,163
898,50000,BE32,Provincie Henegouwen,Richez,163
908,50000,BE32,Provincie Henegouwen,Baton,162
908,50000,BE32,Provincie Henegouwen,Bellemans,162
908,50000,BE32,Provincie Henegouwen,Bosmans,162
908,50000,BE32,Provincie Henegouwen,Mansy,162
908,50000,BE32,Provincie Henegouwen,Nottebaert,162
908,50000,BE32,Provincie Henegouwen,Roosens,162
908,50000,BE32,Provincie Henegouwen,Selvais,162
908,50000,BE32,Provincie Henegouwen,Van Lierde,162
908,50000,BE32,Provincie Henegouwen,Van de Velde,162
908,50000,BE32,Provincie Henegouwen,Verhaegen,162
918,50000,BE32,Provincie Henegouwen,Bequet,161
918,50000,BE32,Provincie Henegouwen,Brohée,161
918,50000,BE32,Provincie Henegouwen,Buchet,161
918,50000,BE32,Provincie Henegouwen,Caty,161
918,50000,BE32,Provincie Henegouwen,Debauche,161
918,50000,BE32,Provincie Henegouwen,Dehoux,161
918,50000,BE32,Provincie Henegouwen,Guilmot,161
918,50000,BE32,Provincie Henegouwen,Haubourdin,161
918,50000,BE32,Provincie Henegouwen,Lambrechts,161
918,50000,BE32,Provincie Henegouwen,Lepoivre,161
918,50000,BE32,Provincie Henegouwen,Roos,161
918,50000,BE32,Provincie Henegouwen,Vanderhaegen,161
918,50000,BE32,Provincie Henegouwen,Vandermeulen,161
931,50000,BE32,Provincie Henegouwen,Clara,160
931,50000,BE32,Provincie Henegouwen,Morreale,160
931,50000,BE32,Provincie Henegouwen,Van Hecke,160
934,50000,BE32,Provincie Henegouwen,Bertieaux,159
934,50000,BE32,Provincie Henegouwen,Decroix,159
934,50000,BE32,Provincie Henegouwen,Manouvrier,159
934,50000,BE32,Provincie Henegouwen,Vassart,159
938,50000,BE32,Provincie Henegouwen,Catalano,158
938,50000,BE32,Provincie Henegouwen,Cools,158
938,50000,BE32,Provincie Henegouwen,Delbecque,158
938,50000,BE32,Provincie Henegouwen,Delgrange,158
938,50000,BE32,Provincie Henegouwen,Deplus,158
938,50000,BE32,Provincie Henegouwen,Hassaïni,158
938,50000,BE32,Provincie Henegouwen,Taquet,158
938,50000,BE32,Provincie Henegouwen,Vachaudez,158
938,50000,BE32,Provincie Henegouwen,Visée,158
947,50000,BE32,Provincie Henegouwen,Butera,157
947,50000,BE32,Provincie Henegouwen,Costa,157
947,50000,BE32,Provincie Henegouwen,Hublet,157
947,50000,BE32,Provincie Henegouwen,Jouniaux,157
947,50000,BE32,Provincie Henegouwen,Lebailly,157
947,50000,BE32,Provincie Henegouwen,Paulus,157
947,50000,BE32,Provincie Henegouwen,Peters,157
947,50000,BE32,Provincie Henegouwen,Pirotte,157
947,50000,BE32,Provincie Henegouwen,Quévy,157
947,50000,BE32,Provincie Henegouwen,Vanesse,157
957,50000,BE32,Provincie Henegouwen,Bachy,156
957,50000,BE32,Provincie Henegouwen,Belot,156
957,50000,BE32,Provincie Henegouwen,Bouffioux,156
957,50000,BE32,Provincie Henegouwen,De Greef,156
957,50000,BE32,Provincie Henegouwen,Depuydt,156
957,50000,BE32,Provincie Henegouwen,Garin,156
957,50000,BE32,Provincie Henegouwen,Gérin,156
957,50000,BE32,Provincie Henegouwen,Massin,156
957,50000,BE32,Provincie Henegouwen,Stievenart,156
957,50000,BE32,Provincie Henegouwen,Usta,156
967,50000,BE32,Provincie Henegouwen,Baele,155
967,50000,BE32,Provincie Henegouwen,Depoorter,155
967,50000,BE32,Provincie Henegouwen,Di Paolo,155
967,50000,BE32,Provincie Henegouwen,Di Stefano,155
967,50000,BE32,Provincie Henegouwen,Druez,155
967,50000,BE32,Provincie Henegouwen,Manderlier,155
967,50000,BE32,Provincie Henegouwen,Sacré,155
967,50000,BE32,Provincie Henegouwen,Vasseur,155
967,50000,BE32,Provincie Henegouwen,Vercammen,155
976,50000,BE32,Provincie Henegouwen,Arena,154
976,50000,BE32,Provincie Henegouwen,Belin,154
976,50000,BE32,Provincie Henegouwen,Bouvry,154
976,50000,BE32,Provincie Henegouwen,Duvinage,154
976,50000,BE32,Provincie Henegouwen,Fleurquin,154
976,50000,BE32,Provincie Henegouwen,Gillot,154
976,50000,BE32,Provincie Henegouwen,Matton,154
976,50000,BE32,Provincie Henegouwen,Saporito,154
976,50000,BE32,Provincie Henegouwen,Vanderhaeghen,154
976,50000,BE32,Provincie Henegouwen,Verfaillie,154
986,50000,BE32,Provincie Henegouwen,Aubert,153
986,50000,BE32,Provincie Henegouwen,Gabriel,153
986,50000,BE32,Provincie Henegouwen,Hespel,153
986,50000,BE32,Provincie Henegouwen,Huyghe,153
986,50000,BE32,Provincie Henegouwen,Macaluso,153
986,50000,BE32,Provincie Henegouwen,Marquette,153
986,50000,BE32,Provincie Henegouwen,Peltier,153
986,50000,BE32,Provincie Henegouwen,Randour,153
986,50000,BE32,Provincie Henegouwen,Soudan,153
986,50000,BE32,Provincie Henegouwen,Verhulst,153
986,50000,BE32,Provincie Henegouwen,Willot,153
997,50000,BE32,Provincie Henegouwen,Bridoux,152
997,50000,BE32,Provincie Henegouwen,De Luca,152
997,50000,BE32,Provincie Henegouwen,Duhaut,152
997,50000,BE32,Provincie Henegouwen,Gallet,152
997,50000,BE32,Provincie Henegouwen,Hirsoux,152
997,50000,BE32,Provincie Henegouwen,Jean,152
997,50000,BE32,Provincie Henegouwen,Lahousse,152
997,50000,BE32,Provincie Henegouwen,Leloup,152
997,50000,BE32,Provincie Henegouwen,Marcoux,152
997,50000,BE32,Provincie Henegouwen,Varlet,152
1007,50000,BE32,Provincie Henegouwen,Campanella,151
1007,50000,BE32,Provincie Henegouwen,Castel,151
1007,50000,BE32,Provincie Henegouwen,Di Marco,151
1007,50000,BE32,Provincie Henegouwen,Everaert,151
1007,50000,BE32,Provincie Henegouwen,Geraci,151
1007,50000,BE32,Provincie Henegouwen,Lattuca,151
1007,50000,BE32,Provincie Henegouwen,Maillard,151
1007,50000,BE32,Provincie Henegouwen,Pochet,151
1007,50000,BE32,Provincie Henegouwen,Renuart,151
1007,50000,BE32,Provincie Henegouwen,Roelandt,151
1007,50000,BE32,Provincie Henegouwen,Rogge,151
1007,50000,BE32,Provincie Henegouwen,Rorive,151
1007,50000,BE32,Provincie Henegouwen,Van Renterghem,151
1020,50000,BE32,Provincie Henegouwen,Bal,150
1020,50000,BE32,Provincie Henegouwen,Cowez,150
1020,50000,BE32,Provincie Henegouwen,Cuignet,150
1020,50000,BE32,Provincie Henegouwen,Degauquier,150
1020,50000,BE32,Provincie Henegouwen,Dejardin,150
1020,50000,BE32,Provincie Henegouwen,Demeyer,150
1020,50000,BE32,Provincie Henegouwen,Devolder,150
1020,50000,BE32,Provincie Henegouwen,Faidherbe,150
1020,50000,BE32,Provincie Henegouwen,Gille,150
1020,50000,BE32,Provincie Henegouwen,Jadoul,150
1020,50000,BE32,Provincie Henegouwen,Juste,150
1020,50000,BE32,Provincie Henegouwen,Lefranc,150
1020,50000,BE32,Provincie Henegouwen,Malice,150
1020,50000,BE32,Provincie Henegouwen,Moreaux,150
1020,50000,BE32,Provincie Henegouwen,Page,150
1020,50000,BE32,Provincie Henegouwen,Palermo,150
1020,50000,BE32,Provincie Henegouwen,Pattyn,150
1020,50000,BE32,Provincie Henegouwen,Provost,150
1020,50000,BE32,Provincie Henegouwen,Vandenbosch,150
1039,50000,BE32,Provincie Henegouwen,Becquet,149
1039,50000,BE32,Provincie Henegouwen,Colle,149
1039,50000,BE32,Provincie Henegouwen,Doclot,149
1039,50000,BE32,Provincie Henegouwen,Guelton,149
1039,50000,BE32,Provincie Henegouwen,Hubaut,149
1039,50000,BE32,Provincie Henegouwen,Lamarque,149
1039,50000,BE32,Provincie Henegouwen,Tilman,149
1039,50000,BE32,Provincie Henegouwen,Wathelet,149
1047,50000,BE32,Provincie Henegouwen,Cacciatore,148
1047,50000,BE32,Provincie Henegouwen,Decorte,148
1047,50000,BE32,Provincie Henegouwen,Deridder,148
1047,50000,BE32,Provincie Henegouwen,Karaca,148
1047,50000,BE32,Provincie Henegouwen,Lemaître,148
1047,50000,BE32,Provincie Henegouwen,Spriet,148
1053,50000,BE32,Provincie Henegouwen,Burton,147
1053,50000,BE32,Provincie Henegouwen,Decraene,147
1053,50000,BE32,Provincie Henegouwen,Durez,147
1053,50000,BE32,Provincie Henegouwen,Horlait,147
1053,50000,BE32,Provincie Henegouwen,Infantino,147
1053,50000,BE32,Provincie Henegouwen,Leblon,147
1053,50000,BE32,Provincie Henegouwen,Merlin,147
1053,50000,BE32,Provincie Henegouwen,Polet,147
1053,50000,BE32,Provincie Henegouwen,Poucet,147
1053,50000,BE32,Provincie Henegouwen,Siciliano,147
1053,50000,BE32,Provincie Henegouwen,Tricart,147
1053,50000,BE32,Provincie Henegouwen,Vander Elst,147
1065,50000,BE32,Provincie Henegouwen,Albanese,146
1065,50000,BE32,Provincie Henegouwen,Camara,146
1065,50000,BE32,Provincie Henegouwen,Clerbois,146
1065,50000,BE32,Provincie Henegouwen,Depauw,146
1065,50000,BE32,Provincie Henegouwen,Deronne,146
1065,50000,BE32,Provincie Henegouwen,Deschuyteneer,146
1065,50000,BE32,Provincie Henegouwen,Geenens,146
1065,50000,BE32,Provincie Henegouwen,Huin,146
1065,50000,BE32,Provincie Henegouwen,Lux,146
1065,50000,BE32,Provincie Henegouwen,Mayence,146
1065,50000,BE32,Provincie Henegouwen,Rochet,146
1065,50000,BE32,Provincie Henegouwen,Viola,146
1077,50000,BE32,Provincie Henegouwen,Allart,145
1077,50000,BE32,Provincie Henegouwen,Bellomo,145
1077,50000,BE32,Provincie Henegouwen,Boisdenghien,145
1077,50000,BE32,Provincie Henegouwen,Bouvier,145
1077,50000,BE32,Provincie Henegouwen,Catoire,145
1077,50000,BE32,Provincie Henegouwen,Dervaux,145
1077,50000,BE32,Provincie Henegouwen,Draux,145
1077,50000,BE32,Provincie Henegouwen,Duroisin,145
1077,50000,BE32,Provincie Henegouwen,Francotte,145
1077,50000,BE32,Provincie Henegouwen,Guyaux,145
1077,50000,BE32,Provincie Henegouwen,Mauro,145
1077,50000,BE32,Provincie Henegouwen,Orlando,145
1077,50000,BE32,Provincie Henegouwen,Ricci,145
1077,50000,BE32,Provincie Henegouwen,Vandekerckhove,145
1091,50000,BE32,Provincie Henegouwen,Comblez,144
1091,50000,BE32,Provincie Henegouwen,Daix,144
1091,50000,BE32,Provincie Henegouwen,Dhondt,144
1091,50000,BE32,Provincie Henegouwen,Dierickx,144
1091,50000,BE32,Provincie Henegouwen,Duriau,144
1091,50000,BE32,Provincie Henegouwen,Genin,144
1091,50000,BE32,Provincie Henegouwen,Guilbert,144
1091,50000,BE32,Provincie Henegouwen,Huet,144
1091,50000,BE32,Provincie Henegouwen,Mathot,144
1091,50000,BE32,Provincie Henegouwen,Nitelet,144
1091,50000,BE32,Provincie Henegouwen,Paci,144
1091,50000,BE32,Provincie Henegouwen,Ventura,144
1091,50000,BE32,Provincie Henegouwen,Waterlot,144
1104,50000,BE32,Provincie Henegouwen,Cara,143
1104,50000,BE32,Provincie Henegouwen,Coton,143
1104,50000,BE32,Provincie Henegouwen,Debay,143
1104,50000,BE32,Provincie Henegouwen,Delpierre,143
1104,50000,BE32,Provincie Henegouwen,Drapier,143
1104,50000,BE32,Provincie Henegouwen,Englebert,143
1104,50000,BE32,Provincie Henegouwen,Ferro,143
1104,50000,BE32,Provincie Henegouwen,Goemaere,143
1104,50000,BE32,Provincie Henegouwen,Joris,143
1104,50000,BE32,Provincie Henegouwen,Jourquin,143
1104,50000,BE32,Provincie Henegouwen,Mancini,143
1104,50000,BE32,Provincie Henegouwen,Mangione,143
1104,50000,BE32,Provincie Henegouwen,Pirmez,143
1104,50000,BE32,Provincie Henegouwen,Windels,143
1118,50000,BE32,Provincie Henegouwen,Clement,142
1118,50000,BE32,Provincie Henegouwen,Delplancq,142
1118,50000,BE32,Provincie Henegouwen,Demarez,142
1118,50000,BE32,Provincie Henegouwen,Dewever,142
1118,50000,BE32,Provincie Henegouwen,Ducobu,142
1118,50000,BE32,Provincie Henegouwen,Gilot,142
1118,50000,BE32,Provincie Henegouwen,Huon,142
1118,50000,BE32,Provincie Henegouwen,Lepers,142
1118,50000,BE32,Provincie Henegouwen,Muller,142
1118,50000,BE32,Provincie Henegouwen,Putman,142
1118,50000,BE32,Provincie Henegouwen,Timmerman,142
1129,50000,BE32,Provincie Henegouwen,Battaglia,141
1129,50000,BE32,Provincie Henegouwen,Baudelet,141
1129,50000,BE32,Provincie Henegouwen,Cornélis,141
1129,50000,BE32,Provincie Henegouwen,Dandoy,141
1129,50000,BE32,Provincie Henegouwen,Delatte,141
1129,50000,BE32,Provincie Henegouwen,Durieu,141
1129,50000,BE32,Provincie Henegouwen,Hanssens,141
1129,50000,BE32,Provincie Henegouwen,Libbrecht,141
1129,50000,BE32,Provincie Henegouwen,Massy,141
1129,50000,BE32,Provincie Henegouwen,Renaud,141
1129,50000,BE32,Provincie Henegouwen,Rose,141
1129,50000,BE32,Provincie Henegouwen,Sferrazza,141
1129,50000,BE32,Provincie Henegouwen,Vandenhende,141
1142,50000,BE32,Provincie Henegouwen,Bolle,140
1142,50000,BE32,Provincie Henegouwen,Brassart,140
1142,50000,BE32,Provincie Henegouwen,Casterman,140
1142,50000,BE32,Provincie Henegouwen,Colignon,140
1142,50000,BE32,Provincie Henegouwen,Croquet,140
1142,50000,BE32,Provincie Henegouwen,Cuypers,140
1142,50000,BE32,Provincie Henegouwen,Dame,140
1142,50000,BE32,Provincie Henegouwen,Delaere,140
1142,50000,BE32,Provincie Henegouwen,Demeuldre,140
1142,50000,BE32,Provincie Henegouwen,Dieudonné,140
1142,50000,BE32,Provincie Henegouwen,Donfut,140
1142,50000,BE32,Provincie Henegouwen,Giuliani,140
1142,50000,BE32,Provincie Henegouwen,Harvent,140
1142,50000,BE32,Provincie Henegouwen,Khan,140
1142,50000,BE32,Provincie Henegouwen,Luc,140
1142,50000,BE32,Provincie Henegouwen,Neirynck,140
1142,50000,BE32,Provincie Henegouwen,Splingard,140
1142,50000,BE32,Provincie Henegouwen,Wattiaux,140
1160,50000,BE32,Provincie Henegouwen,Barone,139
1160,50000,BE32,Provincie Henegouwen,Ciavarella,139
1160,50000,BE32,Provincie Henegouwen,Deleau,139
1160,50000,BE32,Provincie Henegouwen,Gailliez,139
1160,50000,BE32,Provincie Henegouwen,Lagneaux,139
1160,50000,BE32,Provincie Henegouwen,Lesire,139
1160,50000,BE32,Provincie Henegouwen,Prevost,139
1160,50000,BE32,Provincie Henegouwen,Rucquoy,139
1160,50000,BE32,Provincie Henegouwen,Vande Velde,139
1160,50000,BE32,Provincie Henegouwen,Vandenborre,139
1160,50000,BE32,Provincie Henegouwen,Wang,139
1171,50000,BE32,Provincie Henegouwen,Conreur,138
1171,50000,BE32,Provincie Henegouwen,Deneyer,138
1171,50000,BE32,Provincie Henegouwen,Engels,138
1171,50000,BE32,Provincie Henegouwen,Félix,138
1171,50000,BE32,Provincie Henegouwen,Goffinet,138
1171,50000,BE32,Provincie Henegouwen,Hamaide,138
1171,50000,BE32,Provincie Henegouwen,Palumbo,138
1171,50000,BE32,Provincie Henegouwen,Pluquet,138
1171,50000,BE32,Provincie Henegouwen,Rinaldi,138
1171,50000,BE32,Provincie Henegouwen,Rousselet,138
1171,50000,BE32,Provincie Henegouwen,Santangelo,138
1171,50000,BE32,Provincie Henegouwen,Tondeur,138
1171,50000,BE32,Provincie Henegouwen,Vandeput,138
1171,50000,BE32,Provincie Henegouwen,Varsalona,138
1185,50000,BE32,Provincie Henegouwen,Amara,137
1185,50000,BE32,Provincie Henegouwen,Delecluse,137
1185,50000,BE32,Provincie Henegouwen,Droulez,137
1185,50000,BE32,Provincie Henegouwen,Poulet,137
1185,50000,BE32,Provincie Henegouwen,Verstraeten,137
1185,50000,BE32,Provincie Henegouwen,Wilmotte,137
1191,50000,BE32,Provincie Henegouwen,Boite,136
1191,50000,BE32,Provincie Henegouwen,Bouquiaux,136
1191,50000,BE32,Provincie Henegouwen,Delangre,136
1191,50000,BE32,Provincie Henegouwen,Duwelz,136
1191,50000,BE32,Provincie Henegouwen,Genard,136
1191,50000,BE32,Provincie Henegouwen,Hugé,136
1191,50000,BE32,Provincie Henegouwen,Kurt,136
1191,50000,BE32,Provincie Henegouwen,Laloux,136
1191,50000,BE32,Provincie Henegouwen,Loriaux,136
1191,50000,BE32,Provincie Henegouwen,Lévêque,136
1191,50000,BE32,Provincie Henegouwen,Picard,136
1191,50000,BE32,Provincie Henegouwen,Pilate,136
1191,50000,BE32,Provincie Henegouwen,Tambour,136
1191,50000,BE32,Provincie Henegouwen,Vanderbeck,136
1205,50000,BE32,Provincie Henegouwen,Alongi,135
1205,50000,BE32,Provincie Henegouwen,Anzalone,135
1205,50000,BE32,Provincie Henegouwen,Bellet,135
1205,50000,BE32,Provincie Henegouwen,Blomme,135
1205,50000,BE32,Provincie Henegouwen,De Winter,135
1205,50000,BE32,Provincie Henegouwen,Debruyn,135
1205,50000,BE32,Provincie Henegouwen,Delchambre,135
1205,50000,BE32,Provincie Henegouwen,Delzenne,135
1205,50000,BE32,Provincie Henegouwen,Flasse,135
1205,50000,BE32,Provincie Henegouwen,Goblet,135
1205,50000,BE32,Provincie Henegouwen,Leconte,135
1205,50000,BE32,Provincie Henegouwen,Leman,135
1205,50000,BE32,Provincie Henegouwen,Lhost,135
1205,50000,BE32,Provincie Henegouwen,Pletinckx,135
1205,50000,BE32,Provincie Henegouwen,Serra,135
1220,50000,BE32,Provincie Henegouwen,Bohy,134
1220,50000,BE32,Provincie Henegouwen,Bottemanne,134
1220,50000,BE32,Provincie Henegouwen,Devroede,134
1220,50000,BE32,Provincie Henegouwen,Hayette,134
1220,50000,BE32,Provincie Henegouwen,Lamy,134
1220,50000,BE32,Provincie Henegouwen,Lanoy,134
1220,50000,BE32,Provincie Henegouwen,Lechat,134
1220,50000,BE32,Provincie Henegouwen,Lust,134
1220,50000,BE32,Provincie Henegouwen,Roels,134
1220,50000,BE32,Provincie Henegouwen,Schifano,134
1220,50000,BE32,Provincie Henegouwen,Vallée,134
1220,50000,BE32,Provincie Henegouwen,Volpe,134
1232,50000,BE32,Provincie Henegouwen,Bergeret,133
1232,50000,BE32,Provincie Henegouwen,Blavier,133
1232,50000,BE32,Provincie Henegouwen,Boucart,133
1232,50000,BE32,Provincie Henegouwen,Brohez,133
1232,50000,BE32,Provincie Henegouwen,Capiau,133
1232,50000,BE32,Provincie Henegouwen,Cassart,133
1232,50000,BE32,Provincie Henegouwen,Cochez,133
1232,50000,BE32,Provincie Henegouwen,Demirci,133
1232,50000,BE32,Provincie Henegouwen,Fanara,133
1232,50000,BE32,Provincie Henegouwen,Jauniaux,133
1232,50000,BE32,Provincie Henegouwen,Kilic,133
1232,50000,BE32,Provincie Henegouwen,Nisolle,133
1232,50000,BE32,Provincie Henegouwen,Taelman,133
1232,50000,BE32,Provincie Henegouwen,Vanden Bossche,133
1232,50000,BE32,Provincie Henegouwen,Vercauteren,133
1232,50000,BE32,Provincie Henegouwen,Vercleven,133
1232,50000,BE32,Provincie Henegouwen,Vervaeke,133
1249,50000,BE32,Provincie Henegouwen,Algrain,132
1249,50000,BE32,Provincie Henegouwen,Andre,132
1249,50000,BE32,Provincie Henegouwen,Deflandre,132
1249,50000,BE32,Provincie Henegouwen,Demeyere,132
1249,50000,BE32,Provincie Henegouwen,Dewolf,132
1249,50000,BE32,Provincie Henegouwen,Diricq,132
1249,50000,BE32,Provincie Henegouwen,Ferrari,132
1249,50000,BE32,Provincie Henegouwen,Lebacq,132
1249,50000,BE32,Provincie Henegouwen,Moriau,132
1249,50000,BE32,Provincie Henegouwen,Van Assche,132
1249,50000,BE32,Provincie Henegouwen,Van Dyck,132
1249,50000,BE32,Provincie Henegouwen,Verly,132
1249,50000,BE32,Provincie Henegouwen,Vinck,132
1262,50000,BE32,Provincie Henegouwen,Andry,131
1262,50000,BE32,Provincie Henegouwen,Covaci,131
1262,50000,BE32,Provincie Henegouwen,Daubie,131
1262,50000,BE32,Provincie Henegouwen,Decottignies,131
1262,50000,BE32,Provincie Henegouwen,Detemmerman,131
1262,50000,BE32,Provincie Henegouwen,Duchenne,131
1262,50000,BE32,Provincie Henegouwen,Geerts,131
1262,50000,BE32,Provincie Henegouwen,Houzé,131
1262,50000,BE32,Provincie Henegouwen,Kesteloot,131
1262,50000,BE32,Provincie Henegouwen,Penninck,131
1262,50000,BE32,Provincie Henegouwen,Risselin,131
1262,50000,BE32,Provincie Henegouwen,Sacco,131
1262,50000,BE32,Provincie Henegouwen,Stradiot,131
1262,50000,BE32,Provincie Henegouwen,Stroobants,131
1262,50000,BE32,Provincie Henegouwen,Vos,131
1262,50000,BE32,Provincie Henegouwen,Wilmet,131
1278,50000,BE32,Provincie Henegouwen,Alessi,130
1278,50000,BE32,Provincie Henegouwen,Baudart,130
1278,50000,BE32,Provincie Henegouwen,Colpaert,130
1278,50000,BE32,Provincie Henegouwen,Delguste,130
1278,50000,BE32,Provincie Henegouwen,Demarbaix,130
1278,50000,BE32,Provincie Henegouwen,Duterne,130
1278,50000,BE32,Provincie Henegouwen,Geeraerts,130
1278,50000,BE32,Provincie Henegouwen,Greuse,130
1278,50000,BE32,Provincie Henegouwen,Jonniaux,130
1278,50000,BE32,Provincie Henegouwen,Mihai,130
1278,50000,BE32,Provincie Henegouwen,Namur,130
1278,50000,BE32,Provincie Henegouwen,Sterckx,130
1290,50000,BE32,Provincie Henegouwen,Attardo,129
1290,50000,BE32,Provincie Henegouwen,Boland,129
1290,50000,BE32,Provincie Henegouwen,Calcus,129
1290,50000,BE32,Provincie Henegouwen,Delmée,129
1290,50000,BE32,Provincie Henegouwen,Frébutte,129
1290,50000,BE32,Provincie Henegouwen,Govaerts,129
1290,50000,BE32,Provincie Henegouwen,Hanneuse,129
1290,50000,BE32,Provincie Henegouwen,Latteur,129
1290,50000,BE32,Provincie Henegouwen,Nisol,129
1290,50000,BE32,Provincie Henegouwen,Paternostre,129
1290,50000,BE32,Provincie Henegouwen,Pestiaux,129
1290,50000,BE32,Provincie Henegouwen,Scauflaire,129
1290,50000,BE32,Provincie Henegouwen,Vandendaele,129
1290,50000,BE32,Provincie Henegouwen,Wins,129
1304,50000,BE32,Provincie Henegouwen,Bavay,128
1304,50000,BE32,Provincie Henegouwen,Bossuyt,128
1304,50000,BE32,Provincie Henegouwen,Bourlet,128
1304,50000,BE32,Provincie Henegouwen,Durenne,128
1304,50000,BE32,Provincie Henegouwen,Ficheroulle,128
1304,50000,BE32,Provincie Henegouwen,Hennixdal,128
1304,50000,BE32,Provincie Henegouwen,Leloux,128
1304,50000,BE32,Provincie Henegouwen,Matagne,128
1304,50000,BE32,Provincie Henegouwen,Mollet,128
1304,50000,BE32,Provincie Henegouwen,Poncin,128
1304,50000,BE32,Provincie Henegouwen,Schotte,128
1304,50000,BE32,Provincie Henegouwen,Verriest,128
1316,50000,BE32,Provincie Henegouwen,Baguet,127
1316,50000,BE32,Provincie Henegouwen,Bianchi,127
1316,50000,BE32,Provincie Henegouwen,Calonne,127
1316,50000,BE32,Provincie Henegouwen,Lepape,127
1316,50000,BE32,Provincie Henegouwen,Maniet,127
1316,50000,BE32,Provincie Henegouwen,Menet,127
1316,50000,BE32,Provincie Henegouwen,Patris,127
1316,50000,BE32,Provincie Henegouwen,Wallemme,127
1324,50000,BE32,Provincie Henegouwen,Bouton,126
1324,50000,BE32,Provincie Henegouwen,Can,126
1324,50000,BE32,Provincie Henegouwen,Claessens,126
1324,50000,BE32,Provincie Henegouwen,Desprez,126
1324,50000,BE32,Provincie Henegouwen,Di Franco,126
1324,50000,BE32,Provincie Henegouwen,Foriez,126
1324,50000,BE32,Provincie Henegouwen,Geens,126
1324,50000,BE32,Provincie Henegouwen,Henno,126
1324,50000,BE32,Provincie Henegouwen,Letot,126
1324,50000,BE32,Provincie Henegouwen,Marique,126
1324,50000,BE32,Provincie Henegouwen,Mincke,126
1324,50000,BE32,Provincie Henegouwen,Pierrard,126
1324,50000,BE32,Provincie Henegouwen,Sibille,126
1324,50000,BE32,Provincie Henegouwen,Sow,126
1324,50000,BE32,Provincie Henegouwen,Sylla,126
1324,50000,BE32,Provincie Henegouwen,Tellier,126
1324,50000,BE32,Provincie Henegouwen,Terryn,126
1324,50000,BE32,Provincie Henegouwen,Viaene,126
1324,50000,BE32,Provincie Henegouwen,Wattecamps,126
1324,50000,BE32,Provincie Henegouwen,Willemart,126
1344,50000,BE32,Provincie Henegouwen,Baudet,125
1344,50000,BE32,Provincie Henegouwen,Chif,125
1344,50000,BE32,Provincie Henegouwen,De Paepe,125
1344,50000,BE32,Provincie Henegouwen,Deshayes,125
1344,50000,BE32,Provincie Henegouwen,Doye,125
1344,50000,BE32,Provincie Henegouwen,Mancuso,125
1344,50000,BE32,Provincie Henegouwen,Muratore,125
1344,50000,BE32,Provincie Henegouwen,Pierart,125
1344,50000,BE32,Provincie Henegouwen,Poivre,125
1344,50000,BE32,Provincie Henegouwen,Terrana,125
1344,50000,BE32,Provincie Henegouwen,Vandenbossche,125
1344,50000,BE32,Provincie Henegouwen,Vermeire,125
1344,50000,BE32,Provincie Henegouwen,Vreux,125
1357,50000,BE32,Provincie Henegouwen,Biefnot,124
1357,50000,BE32,Provincie Henegouwen,Boon,124
1357,50000,BE32,Provincie Henegouwen,Bouckaert,124
1357,50000,BE32,Provincie Henegouwen,Carré,124
1357,50000,BE32,Provincie Henegouwen,Denamur,124
1357,50000,BE32,Provincie Henegouwen,Dendievel,124
1357,50000,BE32,Provincie Henegouwen,Dequenne,124
1357,50000,BE32,Provincie Henegouwen,Donnez,124
1357,50000,BE32,Provincie Henegouwen,Duhamel,124
1357,50000,BE32,Provincie Henegouwen,Franquet,124
1357,50000,BE32,Provincie Henegouwen,Gossart,124
1357,50000,BE32,Provincie Henegouwen,Grard,124
1357,50000,BE32,Provincie Henegouwen,Iacono,124
1357,50000,BE32,Provincie Henegouwen,Marquant,124
1357,50000,BE32,Provincie Henegouwen,Moyart,124
1357,50000,BE32,Provincie Henegouwen,Ost,124
1357,50000,BE32,Provincie Henegouwen,Ricotta,124
1357,50000,BE32,Provincie Henegouwen,Solbreux,124
1357,50000,BE32,Provincie Henegouwen,Taminiau,124
1357,50000,BE32,Provincie Henegouwen,Van Laethem,124
1357,50000,BE32,Provincie Henegouwen,Vandersmissen,124
1357,50000,BE32,Provincie Henegouwen,Verbruggen,124
1357,50000,BE32,Provincie Henegouwen,Vignoble,124
1380,50000,BE32,Provincie Henegouwen,Ahmed,123
1380,50000,BE32,Provincie Henegouwen,Alfano,123
1380,50000,BE32,Provincie Henegouwen,De Coninck,123
1380,50000,BE32,Provincie Henegouwen,Depraetere,123
1380,50000,BE32,Provincie Henegouwen,Gilmont,123
1380,50000,BE32,Provincie Henegouwen,Huchon,123
1380,50000,BE32,Provincie Henegouwen,Larcin,123
1380,50000,BE32,Provincie Henegouwen,Lorette,123
1380,50000,BE32,Provincie Henegouwen,Marichal,123
1380,50000,BE32,Provincie Henegouwen,Mention,123
1380,50000,BE32,Provincie Henegouwen,Souris,123
1380,50000,BE32,Provincie Henegouwen,Van Hove,123
1380,50000,BE32,Provincie Henegouwen,Villani,123
1393,50000,BE32,Provincie Henegouwen,Binard,122
1393,50000,BE32,Provincie Henegouwen,Carbonnelle,122
1393,50000,BE32,Provincie Henegouwen,Castiau,122
1393,50000,BE32,Provincie Henegouwen,Collie,122
1393,50000,BE32,Provincie Henegouwen,Coppenolle,122
1393,50000,BE32,Provincie Henegouwen,Demeure,122
1393,50000,BE32,Provincie Henegouwen,Docquier,122
1393,50000,BE32,Provincie Henegouwen,Dusart,122
1393,50000,BE32,Provincie Henegouwen,Fauville,122
1393,50000,BE32,Provincie Henegouwen,Jonckheere,122
1393,50000,BE32,Provincie Henegouwen,La Paglia,122
1393,50000,BE32,Provincie Henegouwen,Lambillotte,122
1393,50000,BE32,Provincie Henegouwen,Liegeois,122
1393,50000,BE32,Provincie Henegouwen,Lombardi,122
1393,50000,BE32,Provincie Henegouwen,Maghe,122
1393,50000,BE32,Provincie Henegouwen,Miot,122
1393,50000,BE32,Provincie Henegouwen,Nuttin,122
1393,50000,BE32,Provincie Henegouwen,Radu,122
1393,50000,BE32,Provincie Henegouwen,Romeo,122
1393,50000,BE32,Provincie Henegouwen,Steinier,122
1413,50000,BE32,Provincie Henegouwen,Achour,121
1413,50000,BE32,Provincie Henegouwen,Caucheteux,121
1413,50000,BE32,Provincie Henegouwen,Coenen,121
1413,50000,BE32,Provincie Henegouwen,Dendal,121
1413,50000,BE32,Provincie Henegouwen,Deneufbourg,121
1413,50000,BE32,Provincie Henegouwen,Deroissart,121
1413,50000,BE32,Provincie Henegouwen,Detrain,121
1413,50000,BE32,Provincie Henegouwen,Giannone,121
1413,50000,BE32,Provincie Henegouwen,Gregoire,121
1413,50000,BE32,Provincie Henegouwen,Lorge,121
1413,50000,BE32,Provincie Henegouwen,Miceli,121
1413,50000,BE32,Provincie Henegouwen,Mulnard,121
1413,50000,BE32,Provincie Henegouwen,Plisnier,121
1413,50000,BE32,Provincie Henegouwen,Schiettecatte,121
1413,50000,BE32,Provincie Henegouwen,Vanden Berghe,121
1413,50000,BE32,Provincie Henegouwen,Verheyden,121
1429,50000,BE32,Provincie Henegouwen,Cauderlier,120
1429,50000,BE32,Provincie Henegouwen,Clippe,120
1429,50000,BE32,Provincie Henegouwen,Delsaux,120
1429,50000,BE32,Provincie Henegouwen,Duhoux,120
1429,50000,BE32,Provincie Henegouwen,Fiore,120
1429,50000,BE32,Provincie Henegouwen,Fourdin,120
1429,50000,BE32,Provincie Henegouwen,Gherdaoui,120
1429,50000,BE32,Provincie Henegouwen,Haine,120
1429,50000,BE32,Provincie Henegouwen,L'Hoir,120
1429,50000,BE32,Provincie Henegouwen,Latour,120
1429,50000,BE32,Provincie Henegouwen,Luyckx,120
1429,50000,BE32,Provincie Henegouwen,Meo,120
1429,50000,BE32,Provincie Henegouwen,Viseur,120
1442,50000,BE32,Provincie Henegouwen,Baudry,119
1442,50000,BE32,Provincie Henegouwen,Bonfitto,119
1442,50000,BE32,Provincie Henegouwen,Carta,119
1442,50000,BE32,Provincie Henegouwen,Cnudde,119
1442,50000,BE32,Provincie Henegouwen,Delmarche,119
1442,50000,BE32,Provincie Henegouwen,Foubert,119
1442,50000,BE32,Provincie Henegouwen,Gevenois,119
1442,50000,BE32,Provincie Henegouwen,Lentini,119
1442,50000,BE32,Provincie Henegouwen,Paulet,119
1442,50000,BE32,Provincie Henegouwen,Sablon,119
1442,50000,BE32,Provincie Henegouwen,Vaes,119
1453,50000,BE32,Provincie Henegouwen,Baeyens,118
1453,50000,BE32,Provincie Henegouwen,Bausier,118
1453,50000,BE32,Provincie Henegouwen,Botquin,118
1453,50000,BE32,Provincie Henegouwen,Champagne,118
1453,50000,BE32,Provincie Henegouwen,Coupez,118
1453,50000,BE32,Provincie Henegouwen,Dewit,118
1453,50000,BE32,Provincie Henegouwen,Di Giacomo,118
1453,50000,BE32,Provincie Henegouwen,Dropsy,118
1453,50000,BE32,Provincie Henegouwen,Lenain,118
1453,50000,BE32,Provincie Henegouwen,Leveugle,118
1453,50000,BE32,Provincie Henegouwen,Vandemaele,118
1453,50000,BE32,Provincie Henegouwen,Vandepeute,118
1453,50000,BE32,Provincie Henegouwen,Verhelle,118
1453,50000,BE32,Provincie Henegouwen,Wiard,118
1467,50000,BE32,Provincie Henegouwen,Bargibant,117
1467,50000,BE32,Provincie Henegouwen,Boone,117
1467,50000,BE32,Provincie Henegouwen,Brotcorne,117
1467,50000,BE32,Provincie Henegouwen,Caci,117
1467,50000,BE32,Provincie Henegouwen,Decuyper,117
1467,50000,BE32,Provincie Henegouwen,Defrise,117
1467,50000,BE32,Provincie Henegouwen,Dejonckheere,117
1467,50000,BE32,Provincie Henegouwen,Foncoux,117
1467,50000,BE32,Provincie Henegouwen,Guyot,117
1467,50000,BE32,Provincie Henegouwen,Hoornaert,117
1467,50000,BE32,Provincie Henegouwen,Marechal,117
1467,50000,BE32,Provincie Henegouwen,Plateau,117
1467,50000,BE32,Provincie Henegouwen,Rouge,117
1467,50000,BE32,Provincie Henegouwen,Semal,117
1467,50000,BE32,Provincie Henegouwen,Vander Beken,117
1467,50000,BE32,Provincie Henegouwen,Vandoorne,117
1467,50000,BE32,Provincie Henegouwen,Vion,117
1467,50000,BE32,Provincie Henegouwen,Watteau,117
1485,50000,BE32,Provincie Henegouwen,Declerck,116
1485,50000,BE32,Provincie Henegouwen,Declève,116
1485,50000,BE32,Provincie Henegouwen,Dedobbeleer,116
1485,50000,BE32,Provincie Henegouwen,Delbar,116
1485,50000,BE32,Provincie Henegouwen,Destercq,116
1485,50000,BE32,Provincie Henegouwen,Deverchin,116
1485,50000,BE32,Provincie Henegouwen,Dubucq,116
1485,50000,BE32,Provincie Henegouwen,Hanuise,116
1485,50000,BE32,Provincie Henegouwen,Hautier,116
1485,50000,BE32,Provincie Henegouwen,Havaux,116
1485,50000,BE32,Provincie Henegouwen,Lerminiaux,116
1485,50000,BE32,Provincie Henegouwen,Loiselet,116
1485,50000,BE32,Provincie Henegouwen,Lombard,116
1485,50000,BE32,Provincie Henegouwen,Louette,116
1485,50000,BE32,Provincie Henegouwen,Maillet,116
1485,50000,BE32,Provincie Henegouwen,Maroil,116
1485,50000,BE32,Provincie Henegouwen,Scieur,116
1485,50000,BE32,Provincie Henegouwen,Sottiaux,116
1503,50000,BE32,Provincie Henegouwen,Baio,115
1503,50000,BE32,Provincie Henegouwen,Bulut,115
1503,50000,BE32,Provincie Henegouwen,De Keyser,115
1503,50000,BE32,Provincie Henegouwen,Deblander,115
1503,50000,BE32,Provincie Henegouwen,Debliquy,115
1503,50000,BE32,Provincie Henegouwen,Fagnart,115
1503,50000,BE32,Provincie Henegouwen,Gossuin,115
1503,50000,BE32,Provincie Henegouwen,Lestrade,115
1503,50000,BE32,Provincie Henegouwen,Maison,115
1503,50000,BE32,Provincie Henegouwen,Moureau,115
1503,50000,BE32,Provincie Henegouwen,Paradis,115
1503,50000,BE32,Provincie Henegouwen,Taverna,115
1503,50000,BE32,Provincie Henegouwen,Trapani,115
1516,50000,BE32,Provincie Henegouwen,Cailleau,114
1516,50000,BE32,Provincie Henegouwen,Cartiaux,114
1516,50000,BE32,Provincie Henegouwen,Cheval,114
1516,50000,BE32,Provincie Henegouwen,Defontaine,114
1516,50000,BE32,Provincie Henegouwen,Delahaye,114
1516,50000,BE32,Provincie Henegouwen,Dubruille,114
1516,50000,BE32,Provincie Henegouwen,Ergo,114
1516,50000,BE32,Provincie Henegouwen,Guérit,114
1516,50000,BE32,Provincie Henegouwen,Lepoint,114
1516,50000,BE32,Provincie Henegouwen,Louvrier,114
1516,50000,BE32,Provincie Henegouwen,Maenhout,114
1516,50000,BE32,Provincie Henegouwen,Nagy,114
1516,50000,BE32,Provincie Henegouwen,Salhi,114
1516,50000,BE32,Provincie Henegouwen,Schepens,114
1516,50000,BE32,Provincie Henegouwen,Vermeiren,114
1531,50000,BE32,Provincie Henegouwen,Burgeon,113
1531,50000,BE32,Provincie Henegouwen,Buys,113
1531,50000,BE32,Provincie Henegouwen,Capette,113
1531,50000,BE32,Provincie Henegouwen,Coquette,113
1531,50000,BE32,Provincie Henegouwen,Cornille,113
1531,50000,BE32,Provincie Henegouwen,Courtin,113
1531,50000,BE32,Provincie Henegouwen,Dambrain,113
1531,50000,BE32,Provincie Henegouwen,De Bruyn,113
1531,50000,BE32,Provincie Henegouwen,De Potter,113
1531,50000,BE32,Provincie Henegouwen,Degraeve,113
1531,50000,BE32,Provincie Henegouwen,Diop,113
1531,50000,BE32,Provincie Henegouwen,Duyck,113
1531,50000,BE32,Provincie Henegouwen,Fally,113
1531,50000,BE32,Provincie Henegouwen,Huberland,113
1531,50000,BE32,Provincie Henegouwen,Jonas,113
1531,50000,BE32,Provincie Henegouwen,Ruggiero,113
1531,50000,BE32,Provincie Henegouwen,Salembier,113
1531,50000,BE32,Provincie Henegouwen,Vancauwenberghe,113
1549,50000,BE32,Provincie Henegouwen,Cipolla,112
1549,50000,BE32,Provincie Henegouwen,Croes,112
1549,50000,BE32,Provincie Henegouwen,De Temmerman,112
1549,50000,BE32,Provincie Henegouwen,Defrère,112
1549,50000,BE32,Provincie Henegouwen,Dorange,112
1549,50000,BE32,Provincie Henegouwen,Gobin,112
1549,50000,BE32,Provincie Henegouwen,Godfrin,112
1549,50000,BE32,Provincie Henegouwen,Grumiaux,112
1549,50000,BE32,Provincie Henegouwen,Landrieu,112
1549,50000,BE32,Provincie Henegouwen,Lecroart,112
1549,50000,BE32,Provincie Henegouwen,Lizon,112
1549,50000,BE32,Provincie Henegouwen,Royer,112
1549,50000,BE32,Provincie Henegouwen,Soetens,112
1549,50000,BE32,Provincie Henegouwen,Walbrecq,112
1563,50000,BE32,Provincie Henegouwen,Blondel,111
1563,50000,BE32,Provincie Henegouwen,Breyne,111
1563,50000,BE32,Provincie Henegouwen,Broutin,111
1563,50000,BE32,Provincie Henegouwen,Cordaro,111
1563,50000,BE32,Provincie Henegouwen,Dagnelie,111
1563,50000,BE32,Provincie Henegouwen,Dartevelle,111
1563,50000,BE32,Provincie Henegouwen,Desplanque,111
1563,50000,BE32,Provincie Henegouwen,Duhayon,111
1563,50000,BE32,Provincie Henegouwen,Gantois,111
1563,50000,BE32,Provincie Henegouwen,Lamant,111
1563,50000,BE32,Provincie Henegouwen,Langhendries,111
1563,50000,BE32,Provincie Henegouwen,Leroux,111
1563,50000,BE32,Provincie Henegouwen,Libotte,111
1563,50000,BE32,Provincie Henegouwen,Malherbe,111
1563,50000,BE32,Provincie Henegouwen,Meurice,111
1563,50000,BE32,Provincie Henegouwen,Migeotte,111
1563,50000,BE32,Provincie Henegouwen,Ramu,111
1563,50000,BE32,Provincie Henegouwen,Riche,111
1563,50000,BE32,Provincie Henegouwen,Sergeant,111
1563,50000,BE32,Provincie Henegouwen,Snauwaert,111
1563,50000,BE32,Provincie Henegouwen,Spateri,111
1563,50000,BE32,Provincie Henegouwen,Van Eeckhout,111
1585,50000,BE32,Provincie Henegouwen,Beguin,110
1585,50000,BE32,Provincie Henegouwen,Bériot,110
1585,50000,BE32,Provincie Henegouwen,Campagna,110
1585,50000,BE32,Provincie Henegouwen,De Cooman,110
1585,50000,BE32,Provincie Henegouwen,Deham,110
1585,50000,BE32,Provincie Henegouwen,Delespesse,110
1585,50000,BE32,Provincie Henegouwen,Deroux,110
1585,50000,BE32,Provincie Henegouwen,Mahaux,110
1585,50000,BE32,Provincie Henegouwen,Panepinto,110
1585,50000,BE32,Provincie Henegouwen,Parée,110
1585,50000,BE32,Provincie Henegouwen,Petitjean,110
1585,50000,BE32,Provincie Henegouwen,Pirlot,110
1585,50000,BE32,Provincie Henegouwen,Roisin,110
1585,50000,BE32,Provincie Henegouwen,Vanhoolandt,110
1599,50000,BE32,Provincie Henegouwen,Berthe,109
1599,50000,BE32,Provincie Henegouwen,Bianco,109
1599,50000,BE32,Provincie Henegouwen,Capouillez,109
1599,50000,BE32,Provincie Henegouwen,Cusse,109
1599,50000,BE32,Provincie Henegouwen,Defossez,109
1599,50000,BE32,Provincie Henegouwen,Delabie,109
1599,50000,BE32,Provincie Henegouwen,Dellisse,109
1599,50000,BE32,Provincie Henegouwen,Derumier,109
1599,50000,BE32,Provincie Henegouwen,Dessy,109
1599,50000,BE32,Provincie Henegouwen,Drossart,109
1599,50000,BE32,Provincie Henegouwen,Ghyselinck,109
1599,50000,BE32,Provincie Henegouwen,Homerin,109
1599,50000,BE32,Provincie Henegouwen,Lange,109
1599,50000,BE32,Provincie Henegouwen,Mazzeo,109
1599,50000,BE32,Provincie Henegouwen,Roose,109
1599,50000,BE32,Provincie Henegouwen,Saelens,109
1599,50000,BE32,Provincie Henegouwen,Scozzari,109
1616,50000,BE32,Provincie Henegouwen,Cuche,108
1616,50000,BE32,Provincie Henegouwen,D'Alessandro,108
1616,50000,BE32,Provincie Henegouwen,Daoudi,108
1616,50000,BE32,Provincie Henegouwen,Delbauve,108
1616,50000,BE32,Provincie Henegouwen,Erdogan,108
1616,50000,BE32,Provincie Henegouwen,Galluzzo,108
1616,50000,BE32,Provincie Henegouwen,Hanard,108
1616,50000,BE32,Provincie Henegouwen,Henrion,108
1616,50000,BE32,Provincie Henegouwen,Malfait,108
1616,50000,BE32,Provincie Henegouwen,Morelle,108
1616,50000,BE32,Provincie Henegouwen,Neusy,108
1616,50000,BE32,Provincie Henegouwen,Singh,108
1616,50000,BE32,Provincie Henegouwen,Strobbe,108
1616,50000,BE32,Provincie Henegouwen,Van Acker,108
1616,50000,BE32,Provincie Henegouwen,Veltri,108
1631,50000,BE32,Provincie Henegouwen,Bacq,107
1631,50000,BE32,Provincie Henegouwen,Bierlaire,107
1631,50000,BE32,Provincie Henegouwen,Blaise,107
1631,50000,BE32,Provincie Henegouwen,Calabrese,107
1631,50000,BE32,Provincie Henegouwen,Cantineau,107
1631,50000,BE32,Provincie Henegouwen,Castronovo,107
1631,50000,BE32,Provincie Henegouwen,Daloze,107
1631,50000,BE32,Provincie Henegouwen,Deghilage,107
1631,50000,BE32,Provincie Henegouwen,Di Lorenzo,107
1631,50000,BE32,Provincie Henegouwen,Ducoeur,107
1631,50000,BE32,Provincie Henegouwen,Dutrannois,107
1631,50000,BE32,Provincie Henegouwen,Farvacque,107
1631,50000,BE32,Provincie Henegouwen,Fazio,107
1631,50000,BE32,Provincie Henegouwen,Fumière,107
1631,50000,BE32,Provincie Henegouwen,Hélin,107
1631,50000,BE32,Provincie Henegouwen,Jansen,107
1631,50000,BE32,Provincie Henegouwen,Janssen,107
1631,50000,BE32,Provincie Henegouwen,Jeanmart,107
1631,50000,BE32,Provincie Henegouwen,Joseph,107
1631,50000,BE32,Provincie Henegouwen,Ledune,107
1631,50000,BE32,Provincie Henegouwen,Manche,107
1631,50000,BE32,Provincie Henegouwen,Mouffe,107
1631,50000,BE32,Provincie Henegouwen,Quintart,107
1631,50000,BE32,Provincie Henegouwen,Renders,107
1631,50000,BE32,Provincie Henegouwen,Rombaut,107
1631,50000,BE32,Provincie Henegouwen,Rosa,107
1631,50000,BE32,Provincie Henegouwen,Terrasi,107
1631,50000,BE32,Provincie Henegouwen,Wuyts,107
1659,50000,BE32,Provincie Henegouwen,Baland,106
1659,50000,BE32,Provincie Henegouwen,Barbiaux,106
1659,50000,BE32,Provincie Henegouwen,Beumier,106
1659,50000,BE32,Provincie Henegouwen,Cicero,106
1659,50000,BE32,Provincie Henegouwen,Crépin,106
1659,50000,BE32,Provincie Henegouwen,Debelle,106
1659,50000,BE32,Provincie Henegouwen,Destrée,106
1659,50000,BE32,Provincie Henegouwen,Giunta,106
1659,50000,BE32,Provincie Henegouwen,Gosse,106
1659,50000,BE32,Provincie Henegouwen,Gouverneur,106
1659,50000,BE32,Provincie Henegouwen,Hubin,106
1659,50000,BE32,Provincie Henegouwen,Lecat,106
1659,50000,BE32,Provincie Henegouwen,Lecron,106
1659,50000,BE32,Provincie Henegouwen,Losfeld,106
1659,50000,BE32,Provincie Henegouwen,Meulemans,106
1659,50000,BE32,Provincie Henegouwen,Monfort,106
1659,50000,BE32,Provincie Henegouwen,Paindavoine,106
1659,50000,BE32,Provincie Henegouwen,Palmeri,106
1659,50000,BE32,Provincie Henegouwen,Pirard,106
1659,50000,BE32,Provincie Henegouwen,Plaisant,106
1659,50000,BE32,Provincie Henegouwen,Planchon,106
1659,50000,BE32,Provincie Henegouwen,Sanfilippo,106
1659,50000,BE32,Provincie Henegouwen,Sente,106
1659,50000,BE32,Provincie Henegouwen,Temmerman,106
1659,50000,BE32,Provincie Henegouwen,Toure,106
1659,50000,BE32,Provincie Henegouwen,Vrancx,106
1659,50000,BE32,Provincie Henegouwen,Yavuz,106
1686,50000,BE32,Provincie Henegouwen,Buyse,105
1686,50000,BE32,Provincie Henegouwen,Colot,105
1686,50000,BE32,Provincie Henegouwen,Debrulle,105
1686,50000,BE32,Provincie Henegouwen,Gautier,105
1686,50000,BE32,Provincie Henegouwen,Hendrick,105
1686,50000,BE32,Provincie Henegouwen,Hennart,105
1686,50000,BE32,Provincie Henegouwen,Jonet,105
1686,50000,BE32,Provincie Henegouwen,Lepoutre,105
1686,50000,BE32,Provincie Henegouwen,Marra,105
1686,50000,BE32,Provincie Henegouwen,Massaux,105
1686,50000,BE32,Provincie Henegouwen,Monniez,105
1686,50000,BE32,Provincie Henegouwen,Ostyn,105
1686,50000,BE32,Provincie Henegouwen,Sabbe,105
1686,50000,BE32,Provincie Henegouwen,Saidi,105
1686,50000,BE32,Provincie Henegouwen,Traina,105
1686,50000,BE32,Provincie Henegouwen,Vanderstichelen,105
1686,50000,BE32,Provincie Henegouwen,Vansnick,105
1686,50000,BE32,Provincie Henegouwen,Vecchio,105
1686,50000,BE32,Provincie Henegouwen,Wautelet,105
1705,50000,BE32,Provincie Henegouwen,Bauwin,104
1705,50000,BE32,Provincie Henegouwen,Capone,104
1705,50000,BE32,Provincie Henegouwen,Couturiaux,104
1705,50000,BE32,Provincie Henegouwen,Delavallée,104
1705,50000,BE32,Provincie Henegouwen,Deramaix,104
1705,50000,BE32,Provincie Henegouwen,Dobbelaere,104
1705,50000,BE32,Provincie Henegouwen,Duchêne,104
1705,50000,BE32,Provincie Henegouwen,Duhem,104
1705,50000,BE32,Provincie Henegouwen,Hautecoeur,104
1705,50000,BE32,Provincie Henegouwen,Herbage,104
1705,50000,BE32,Provincie Henegouwen,Herpoel,104
1705,50000,BE32,Provincie Henegouwen,Himpe,104
1705,50000,BE32,Provincie Henegouwen,Houyoux,104
1705,50000,BE32,Provincie Henegouwen,Ledent,104
1705,50000,BE32,Provincie Henegouwen,Melis,104
1705,50000,BE32,Provincie Henegouwen,Pierquin,104
1705,50000,BE32,Provincie Henegouwen,Pistone,104
1705,50000,BE32,Provincie Henegouwen,Puissant,104
1705,50000,BE32,Provincie Henegouwen,Sellier,104
1705,50000,BE32,Provincie Henegouwen,Taleb,104
1705,50000,BE32,Provincie Henegouwen,Termolle,104
1705,50000,BE32,Provincie Henegouwen,Vanden Broeck,104
1705,50000,BE32,Provincie Henegouwen,Vincart,104
1705,50000,BE32,Provincie Henegouwen,Zinque,104
1729,50000,BE32,Provincie Henegouwen,Allegro,103
1729,50000,BE32,Provincie Henegouwen,Bellanca,103
1729,50000,BE32,Provincie Henegouwen,D'Agostino,103
1729,50000,BE32,Provincie Henegouwen,Dauby,103
1729,50000,BE32,Provincie Henegouwen,Delcoigne,103
1729,50000,BE32,Provincie Henegouwen,Février,103
1729,50000,BE32,Provincie Henegouwen,Hachez,103
1729,50000,BE32,Provincie Henegouwen,Hallez,103
1729,50000,BE32,Provincie Henegouwen,Hourez,103
1729,50000,BE32,Provincie Henegouwen,Lagast,103
1729,50000,BE32,Provincie Henegouwen,Lamblin,103
1729,50000,BE32,Provincie Henegouwen,Lamotte,103
1729,50000,BE32,Provincie Henegouwen,Leonard,103
1729,50000,BE32,Provincie Henegouwen,Lurquin,103
1729,50000,BE32,Provincie Henegouwen,Meyer,103
1729,50000,BE32,Provincie Henegouwen,Meys,103
1729,50000,BE32,Provincie Henegouwen,Polomé,103
1729,50000,BE32,Provincie Henegouwen,Préaux,103
1729,50000,BE32,Provincie Henegouwen,Ramdani,103
1729,50000,BE32,Provincie Henegouwen,Ranwez,103
1729,50000,BE32,Provincie Henegouwen,Scaillet,103
1729,50000,BE32,Provincie Henegouwen,Sebille,103
1729,50000,BE32,Provincie Henegouwen,Somers,103
1729,50000,BE32,Provincie Henegouwen,Taminiaux,103
1729,50000,BE32,Provincie Henegouwen,Van Geel,103
1729,50000,BE32,Provincie Henegouwen,Villette,103
1729,50000,BE32,Provincie Henegouwen,Weber,103
1729,50000,BE32,Provincie Henegouwen,Wibaut,103
1729,50000,BE32,Provincie Henegouwen,Wille,103
1758,50000,BE32,Provincie Henegouwen,Abbas,102
1758,50000,BE32,Provincie Henegouwen,Arnone,102
1758,50000,BE32,Provincie Henegouwen,Bavier,102
1758,50000,BE32,Provincie Henegouwen,Bruggeman,102
1758,50000,BE32,Provincie Henegouwen,Busiau,102
1758,50000,BE32,Provincie Henegouwen,Da Silva,102
1758,50000,BE32,Provincie Henegouwen,Depelchin,102
1758,50000,BE32,Provincie Henegouwen,Dopchie,102
1758,50000,BE32,Provincie Henegouwen,Fermeuse,102
1758,50000,BE32,Provincie Henegouwen,Fourmy,102
1758,50000,BE32,Provincie Henegouwen,Grisez,102
1758,50000,BE32,Provincie Henegouwen,Jospin,102
1758,50000,BE32,Provincie Henegouwen,Lachapelle,102
1758,50000,BE32,Provincie Henegouwen,Lechantre,102
1758,50000,BE32,Provincie Henegouwen,Liénart,102
1758,50000,BE32,Provincie Henegouwen,Marquebreucq,102
1758,50000,BE32,Provincie Henegouwen,Moura,102
1758,50000,BE32,Provincie Henegouwen,Nicoletti,102
1758,50000,BE32,Provincie Henegouwen,Poelaert,102
1758,50000,BE32,Provincie Henegouwen,Vinet,102
1758,50000,BE32,Provincie Henegouwen,Vroman,102
1758,50000,BE32,Provincie Henegouwen,Zhang,102
1780,50000,BE32,Provincie Henegouwen,Abraham,101
1780,50000,BE32,Provincie Henegouwen,Bertinchamps,101
1780,50000,BE32,Provincie Henegouwen,Cloquette,101
1780,50000,BE32,Provincie Henegouwen,Delferrière,101
1780,50000,BE32,Provincie Henegouwen,Hajji,101
1780,50000,BE32,Provincie Henegouwen,Henneuse,101
1780,50000,BE32,Provincie Henegouwen,Houze,101
1780,50000,BE32,Provincie Henegouwen,Jadin,101
1780,50000,BE32,Provincie Henegouwen,Karasular,101
1780,50000,BE32,Provincie Henegouwen,Lai,101
1780,50000,BE32,Provincie Henegouwen,Mascaux,101
1780,50000,BE32,Provincie Henegouwen,Mulpas,101
1780,50000,BE32,Provincie Henegouwen,Piazza,101
1780,50000,BE32,Provincie Henegouwen,Reghem,101
1780,50000,BE32,Provincie Henegouwen,Tiberghien,101
1780,50000,BE32,Provincie Henegouwen,Vanderheyden,101
1780,50000,BE32,Provincie Henegouwen,Vanmeenen,101
1780,50000,BE32,Provincie Henegouwen,Wilmus,101
1798,50000,BE32,Provincie Henegouwen,Ameye,100
1798,50000,BE32,Provincie Henegouwen,Baillet,100
1798,50000,BE32,Provincie Henegouwen,Blin,100
1798,50000,BE32,Provincie Henegouwen,Blommaert,100
1798,50000,BE32,Provincie Henegouwen,Bogaerts,100
1798,50000,BE32,Provincie Henegouwen,Brancato,100
1798,50000,BE32,Provincie Henegouwen,Dahmani,100
1798,50000,BE32,Provincie Henegouwen,Daniaux,100
1798,50000,BE32,Provincie Henegouwen,Dehut,100
1798,50000,BE32,Provincie Henegouwen,Feys,100
1798,50000,BE32,Provincie Henegouwen,Fortunato,100
1798,50000,BE32,Provincie Henegouwen,Ghys,100
1798,50000,BE32,Provincie Henegouwen,Ghysels,100
1798,50000,BE32,Provincie Henegouwen,Hallet,100
1798,50000,BE32,Provincie Henegouwen,Manca,100
1798,50000,BE32,Provincie Henegouwen,Martorana,100
1798,50000,BE32,Provincie Henegouwen,Maurage,100
1798,50000,BE32,Provincie Henegouwen,Mayné,100
1798,50000,BE32,Provincie Henegouwen,Monseu,100
1798,50000,BE32,Provincie Henegouwen,Pollart,100
1798,50000,BE32,Provincie Henegouwen,Ponchaux,100
1798,50000,BE32,Provincie Henegouwen,Poulin,100
1798,50000,BE32,Provincie Henegouwen,Reumont,100
1798,50000,BE32,Provincie Henegouwen,Sebaihi,100
1798,50000,BE32,Provincie Henegouwen,Soete,100
1798,50000,BE32,Provincie Henegouwen,Talbi,100
1798,50000,BE32,Provincie Henegouwen,Vandyck,100
1,60000,BE33,Provincie Luik,Lejeune,"2,452"
2,60000,BE33,Provincie Luik,Lambert,"2,142"
3,60000,BE33,Provincie Luik,Charlier,"1,971"
4,60000,BE33,Provincie Luik,Dubois,"1,945"
5,60000,BE33,Provincie Luik,Martin,"1,829"
6,60000,BE33,Provincie Luik,Renard,"1,798"
7,60000,BE33,Provincie Luik,Schmitz,"1,728"
8,60000,BE33,Provincie Luik,Simon,"1,701"
9,60000,BE33,Provincie Luik,Bertrand,"1,620"
10,60000,BE33,Provincie Luik,Servais,"1,522"
11,60000,BE33,Provincie Luik,Dupont,"1,518"
12,60000,BE33,Provincie Luik,Collard,"1,513"
13,60000,BE33,Provincie Luik,Maréchal,"1,494"
14,60000,BE33,Provincie Luik,Diallo,"1,413"
15,60000,BE33,Provincie Luik,Lemaire,"1,389"
16,60000,BE33,Provincie Luik,Leclercq,"1,379"
17,60000,BE33,Provincie Luik,Dethier,"1,348"
18,60000,BE33,Provincie Luik,Gérard,"1,327"
19,60000,BE33,Provincie Luik,Léonard,"1,310"
20,60000,BE33,Provincie Luik,Mathieu,"1,282"
21,60000,BE33,Provincie Luik,Dumont,"1,270"
22,60000,BE33,Provincie Luik,Willems,"1,260"
23,60000,BE33,Provincie Luik,Evrard,"1,239"
24,60000,BE33,Provincie Luik,Pirard,"1,224"
25,60000,BE33,Provincie Luik,Michel,"1,204"
26,60000,BE33,Provincie Luik,Bastin,"1,183"
27,60000,BE33,Provincie Luik,Delvaux,"1,161"
28,60000,BE33,Provincie Luik,Beckers,"1,155"
29,60000,BE33,Provincie Luik,Pirotte,"1,139"
30,60000,BE33,Provincie Luik,Noël,"1,118"
31,60000,BE33,Provincie Luik,Leroy,"1,117"
32,60000,BE33,Provincie Luik,Denis,"1,112"
33,60000,BE33,Provincie Luik,Bernard,"1,106"
34,60000,BE33,Provincie Luik,Petit,"1,070"
35,60000,BE33,Provincie Luik,Cornet,"1,034"
36,60000,BE33,Provincie Luik,Thomas,"1,020"
37,60000,BE33,Provincie Luik,Janssen,998
38,60000,BE33,Provincie Luik,Grégoire,992
39,60000,BE33,Provincie Luik,Gillet,967
40,60000,BE33,Provincie Luik,Fontaine,954
41,60000,BE33,Provincie Luik,Louis,953
42,60000,BE33,Provincie Luik,Thiry,936
43,60000,BE33,Provincie Luik,Hardy,927
44,60000,BE33,Provincie Luik,Bodson,921
45,60000,BE33,Provincie Luik,Collin,919
45,60000,BE33,Provincie Luik,Peters,919
47,60000,BE33,Provincie Luik,Piette,917
48,60000,BE33,Provincie Luik,François,912
49,60000,BE33,Provincie Luik,Orban,909
50,60000,BE33,Provincie Luik,Piron,907
51,60000,BE33,Provincie Luik,Robert,892
52,60000,BE33,Provincie Luik,Laurent,889
53,60000,BE33,Provincie Luik,Lacroix,831
53,60000,BE33,Provincie Luik,Toussaint,831
55,60000,BE33,Provincie Luik,Etienne,826
56,60000,BE33,Provincie Luik,Schyns,822
57,60000,BE33,Provincie Luik,Halleux,809
58,60000,BE33,Provincie Luik,Bovy,802
59,60000,BE33,Provincie Luik,Paquay,800
60,60000,BE33,Provincie Luik,Gilson,799
61,60000,BE33,Provincie Luik,Goffin,797
62,60000,BE33,Provincie Luik,Adam,796
63,60000,BE33,Provincie Luik,Antoine,795
64,60000,BE33,Provincie Luik,Remacle,787
65,60000,BE33,Provincie Luik,Legrand,768
66,60000,BE33,Provincie Luik,Jacob,765
67,60000,BE33,Provincie Luik,Delhez,757
68,60000,BE33,Provincie Luik,Heinen,742
69,60000,BE33,Provincie Luik,Boulanger,741
70,60000,BE33,Provincie Luik,Jacquemin,739
71,60000,BE33,Provincie Luik,Remy,725
72,60000,BE33,Provincie Luik,Collette,724
73,60000,BE33,Provincie Luik,Gilles,721
74,60000,BE33,Provincie Luik,Henrard,720
75,60000,BE33,Provincie Luik,Legros,709
76,60000,BE33,Provincie Luik,Lahaye,707
77,60000,BE33,Provincie Luik,Marchal,706
78,60000,BE33,Provincie Luik,Libert,703
79,60000,BE33,Provincie Luik,Bah,695
80,60000,BE33,Provincie Luik,Müller,682
80,60000,BE33,Provincie Luik,Peeters,682
80,60000,BE33,Provincie Luik,Thirion,682
83,60000,BE33,Provincie Luik,Grosjean,677
84,60000,BE33,Provincie Luik,Lallemand,674
85,60000,BE33,Provincie Luik,André,667
86,60000,BE33,Provincie Luik,Herman,666
87,60000,BE33,Provincie Luik,Mertens,663
88,60000,BE33,Provincie Luik,Claes,658
89,60000,BE33,Provincie Luik,Moreau,650
90,60000,BE33,Provincie Luik,Jacques,643
91,60000,BE33,Provincie Luik,Demoulin,637
92,60000,BE33,Provincie Luik,Masson,634
93,60000,BE33,Provincie Luik,Pirson,627
94,60000,BE33,Provincie Luik,Meyer,623
95,60000,BE33,Provincie Luik,Duchesne,614
95,60000,BE33,Provincie Luik,Humblet,614
95,60000,BE33,Provincie Luik,Jacobs,614
98,60000,BE33,Provincie Luik,Georges,612
99,60000,BE33,Provincie Luik,Ernst,611
100,60000,BE33,Provincie Luik,Olivier,610
101,60000,BE33,Provincie Luik,Franssen,608
101,60000,BE33,Provincie Luik,Henry,608
103,60000,BE33,Provincie Luik,Hubert,605
104,60000,BE33,Provincie Luik,Simonis,601
105,60000,BE33,Provincie Luik,Renson,600
106,60000,BE33,Provincie Luik,Guillaume,595
107,60000,BE33,Provincie Luik,Schoonbroodt,594
107,60000,BE33,Provincie Luik,Schumacher,594
109,60000,BE33,Provincie Luik,Nyssen,587
110,60000,BE33,Provincie Luik,Barry,584
110,60000,BE33,Provincie Luik,Lemmens,584
112,60000,BE33,Provincie Luik,Poncelet,577
113,60000,BE33,Provincie Luik,Dumoulin,562
114,60000,BE33,Provincie Luik,Thonon,561
115,60000,BE33,Provincie Luik,Janssens,559
116,60000,BE33,Provincie Luik,Gabriel,554
117,60000,BE33,Provincie Luik,Closset,553
118,60000,BE33,Provincie Luik,Gustin,552
119,60000,BE33,Provincie Luik,Godefroid,550
120,60000,BE33,Provincie Luik,Collignon,546
121,60000,BE33,Provincie Luik,David,545
122,60000,BE33,Provincie Luik,Smets,542
123,60000,BE33,Provincie Luik,Franck,541
124,60000,BE33,Provincie Luik,Colson,540
125,60000,BE33,Provincie Luik,Corman,536
126,60000,BE33,Provincie Luik,Jamar,531
127,60000,BE33,Provincie Luik,Paulus,529
128,60000,BE33,Provincie Luik,Meunier,525
129,60000,BE33,Provincie Luik,Cremer,523
129,60000,BE33,Provincie Luik,Parmentier,523
131,60000,BE33,Provincie Luik,Berger,517
132,60000,BE33,Provincie Luik,Jacquet,515
133,60000,BE33,Provincie Luik,Vincent,513
134,60000,BE33,Provincie Luik,Pire,512
135,60000,BE33,Provincie Luik,Bourguignon,511
136,60000,BE33,Provincie Luik,Massart,509
137,60000,BE33,Provincie Luik,Thys,508
138,60000,BE33,Provincie Luik,Marquet,506
139,60000,BE33,Provincie Luik,Sacré,505
140,60000,BE33,Provincie Luik,Joris,503
141,60000,BE33,Provincie Luik,Yilmaz,502
142,60000,BE33,Provincie Luik,Niessen,500
143,60000,BE33,Provincie Luik,Hendrick,498
144,60000,BE33,Provincie Luik,Jadot,496
145,60000,BE33,Provincie Luik,Blaise,489
146,60000,BE33,Provincie Luik,Docquier,488
147,60000,BE33,Provincie Luik,Weber,484
148,60000,BE33,Provincie Luik,Muller,483
149,60000,BE33,Provincie Luik,Gillard,482
150,60000,BE33,Provincie Luik,Maes,481
151,60000,BE33,Provincie Luik,Close,479
152,60000,BE33,Provincie Luik,Levaux,477
153,60000,BE33,Provincie Luik,Deprez,475
153,60000,BE33,Provincie Luik,Nizet,475
153,60000,BE33,Provincie Luik,Simons,475
156,60000,BE33,Provincie Luik,Dessart,471
157,60000,BE33,Provincie Luik,Ledent,470
158,60000,BE33,Provincie Luik,Delfosse,469
159,60000,BE33,Provincie Luik,Heck,467
159,60000,BE33,Provincie Luik,Wilkin,467
161,60000,BE33,Provincie Luik,Beaujean,463
162,60000,BE33,Provincie Luik,Leruth,462
163,60000,BE33,Provincie Luik,Becker,461
164,60000,BE33,Provincie Luik,Brasseur,460
164,60000,BE33,Provincie Luik,Crahay,460
164,60000,BE33,Provincie Luik,Klein,460
167,60000,BE33,Provincie Luik,Constant,457
167,60000,BE33,Provincie Luik,Singh,457
169,60000,BE33,Provincie Luik,Agirman,456
170,60000,BE33,Provincie Luik,Lecomte,455
171,60000,BE33,Provincie Luik,Dejardin,450
171,60000,BE33,Provincie Luik,Roland,450
173,60000,BE33,Provincie Luik,Bailly,445
174,60000,BE33,Provincie Luik,Dardenne,442
174,60000,BE33,Provincie Luik,Lange,442
176,60000,BE33,Provincie Luik,Englebert,438
177,60000,BE33,Provincie Luik,Nguyen,434
178,60000,BE33,Provincie Luik,Sauvage,433
179,60000,BE33,Provincie Luik,Camara,431
180,60000,BE33,Provincie Luik,Albert,429
181,60000,BE33,Provincie Luik,Graindorge,425
181,60000,BE33,Provincie Luik,Reuter,425
183,60000,BE33,Provincie Luik,Bodart,424
183,60000,BE33,Provincie Luik,Brandt,424
185,60000,BE33,Provincie Luik,Lhoest,423
186,60000,BE33,Provincie Luik,Breuer,422
187,60000,BE33,Provincie Luik,Mathy,421
188,60000,BE33,Provincie Luik,Gerard,415
189,60000,BE33,Provincie Luik,Donnay,413
189,60000,BE33,Provincie Luik,Rensonnet,413
191,60000,BE33,Provincie Luik,Schmetz,412
192,60000,BE33,Provincie Luik,Burton,411
193,60000,BE33,Provincie Luik,Lejoly,405
194,60000,BE33,Provincie Luik,Gaspard,403
194,60000,BE33,Provincie Luik,Piret,403
196,60000,BE33,Provincie Luik,Vanderheyden,402
197,60000,BE33,Provincie Luik,Fraikin,401
197,60000,BE33,Provincie Luik,Lardinois,401
197,60000,BE33,Provincie Luik,Paquot,401
197,60000,BE33,Provincie Luik,Pierre,401
201,60000,BE33,Provincie Luik,Riga,399
202,60000,BE33,Provincie Luik,Grandjean,395
202,60000,BE33,Provincie Luik,Leduc,395
202,60000,BE33,Provincie Luik,Schröder,395
205,60000,BE33,Provincie Luik,Hermans,393
206,60000,BE33,Provincie Luik,Vrancken,392
207,60000,BE33,Provincie Luik,Masset,391
208,60000,BE33,Provincie Luik,Liégeois,390
209,60000,BE33,Provincie Luik,Michiels,388
209,60000,BE33,Provincie Luik,Wathelet,388
211,60000,BE33,Provincie Luik,Matagne,387
212,60000,BE33,Provincie Luik,Doyen,384
213,60000,BE33,Provincie Luik,Rauw,382
214,60000,BE33,Provincie Luik,Darimont,381
214,60000,BE33,Provincie Luik,Renier,381
216,60000,BE33,Provincie Luik,Devillers,380
216,60000,BE33,Provincie Luik,Lebrun,380
216,60000,BE33,Provincie Luik,Lemoine,380
216,60000,BE33,Provincie Luik,Pirnay,380
220,60000,BE33,Provincie Luik,Kaya,379
220,60000,BE33,Provincie Luik,Palm,379
222,60000,BE33,Provincie Luik,Greco,378
223,60000,BE33,Provincie Luik,Krings,376
224,60000,BE33,Provincie Luik,Demir,375
224,60000,BE33,Provincie Luik,Lenaerts,375
224,60000,BE33,Provincie Luik,Moureau,375
224,60000,BE33,Provincie Luik,Wouters,375
228,60000,BE33,Provincie Luik,Baguette,374
228,60000,BE33,Provincie Luik,Delcour,374
230,60000,BE33,Provincie Luik,Denoël,371
230,60000,BE33,Provincie Luik,Lecoq,371
232,60000,BE33,Provincie Luik,Wintgens,370
233,60000,BE33,Provincie Luik,Philippe,369
234,60000,BE33,Provincie Luik,Hoffmann,368
235,60000,BE33,Provincie Luik,Bonhomme,367
235,60000,BE33,Provincie Luik,Koch,367
237,60000,BE33,Provincie Luik,Hansen,366
238,60000,BE33,Provincie Luik,Warnier,364
239,60000,BE33,Provincie Luik,Colin,361
240,60000,BE33,Provincie Luik,Brouwers,359
240,60000,BE33,Provincie Luik,Rahier,359
242,60000,BE33,Provincie Luik,Kohnen,358
242,60000,BE33,Provincie Luik,Neuville,358
244,60000,BE33,Provincie Luik,Marechal,357
244,60000,BE33,Provincie Luik,Rizzo,357
246,60000,BE33,Provincie Luik,Petitjean,356
247,60000,BE33,Provincie Luik,Jost,355
248,60000,BE33,Provincie Luik,Monfort,353
249,60000,BE33,Provincie Luik,Lecocq,351
249,60000,BE33,Provincie Luik,Noel,351
251,60000,BE33,Provincie Luik,Yildirim,350
252,60000,BE33,Provincie Luik,Hubin,349
253,60000,BE33,Provincie Luik,Wéry,347
254,60000,BE33,Provincie Luik,Delvenne,346
254,60000,BE33,Provincie Luik,Lempereur,346
254,60000,BE33,Provincie Luik,Mawet,346
254,60000,BE33,Provincie Luik,Raskin,346
258,60000,BE33,Provincie Luik,Dechamps,343
259,60000,BE33,Provincie Luik,Baltus,341
259,60000,BE33,Provincie Luik,Cloes,341
261,60000,BE33,Provincie Luik,Malherbe,339
261,60000,BE33,Provincie Luik,Radermacher,339
263,60000,BE33,Provincie Luik,Fabry,338
263,60000,BE33,Provincie Luik,Maquet,338
263,60000,BE33,Provincie Luik,Pirlet,338
263,60000,BE33,Provincie Luik,Salmon,338
263,60000,BE33,Provincie Luik,Solheid,338
268,60000,BE33,Provincie Luik,Demonceau,337
269,60000,BE33,Provincie Luik,Charpentier,336
269,60000,BE33,Provincie Luik,Fraiture,336
269,60000,BE33,Provincie Luik,Rogister,336
272,60000,BE33,Provincie Luik,Timmermans,334
273,60000,BE33,Provincie Luik,Claessens,333
273,60000,BE33,Provincie Luik,Massin,333
275,60000,BE33,Provincie Luik,Jansen,331
275,60000,BE33,Provincie Luik,Laruelle,331
277,60000,BE33,Provincie Luik,Lambrechts,330
278,60000,BE33,Provincie Luik,Hougardy,329
279,60000,BE33,Provincie Luik,Parent,328
280,60000,BE33,Provincie Luik,Houben,324
280,60000,BE33,Provincie Luik,Thunus,324
282,60000,BE33,Provincie Luik,Bourgeois,323
283,60000,BE33,Provincie Luik,Coune,322
283,60000,BE33,Provincie Luik,Dony,322
285,60000,BE33,Provincie Luik,Wauters,321
286,60000,BE33,Provincie Luik,Lambotte,320
287,60000,BE33,Provincie Luik,Rigo,318
288,60000,BE33,Provincie Luik,Rousseau,317
289,60000,BE33,Provincie Luik,Deckers,316
290,60000,BE33,Provincie Luik,Grignard,314
290,60000,BE33,Provincie Luik,Lonneux,314
290,60000,BE33,Provincie Luik,Scheen,314
290,60000,BE33,Provincie Luik,Smeets,314
294,60000,BE33,Provincie Luik,Stas,313
295,60000,BE33,Provincie Luik,Delrez,312
296,60000,BE33,Provincie Luik,Braham,311
296,60000,BE33,Provincie Luik,Compère,311
296,60000,BE33,Provincie Luik,Lousberg,311
299,60000,BE33,Provincie Luik,Langer,310
299,60000,BE33,Provincie Luik,Willem,310
301,60000,BE33,Provincie Luik,Gaspar,309
302,60000,BE33,Provincie Luik,Dujardin,308
302,60000,BE33,Provincie Luik,Gallo,308
302,60000,BE33,Provincie Luik,Godin,308
305,60000,BE33,Provincie Luik,Delmotte,307
305,60000,BE33,Provincie Luik,Theunissen,307
307,60000,BE33,Provincie Luik,Maraite,305
307,60000,BE33,Provincie Luik,Materne,305
309,60000,BE33,Provincie Luik,Russo,303
310,60000,BE33,Provincie Luik,Hermann,302
310,60000,BE33,Provincie Luik,Lefèvre,302
310,60000,BE33,Provincie Luik,Monseur,302
313,60000,BE33,Provincie Luik,Licata,301
313,60000,BE33,Provincie Luik,Moray,301
313,60000,BE33,Provincie Luik,Thonnard,301
316,60000,BE33,Provincie Luik,Bawin,300
317,60000,BE33,Provincie Luik,Geron,299
318,60000,BE33,Provincie Luik,Ancion,298
319,60000,BE33,Provincie Luik,Delcourt,297
319,60000,BE33,Provincie Luik,Gilsoul,297
319,60000,BE33,Provincie Luik,Pottier,297
322,60000,BE33,Provincie Luik,Fransolet,296
323,60000,BE33,Provincie Luik,Seret,294
324,60000,BE33,Provincie Luik,Bragard,293
324,60000,BE33,Provincie Luik,Marino,293
326,60000,BE33,Provincie Luik,Aerts,292
326,60000,BE33,Provincie Luik,Defays,292
326,60000,BE33,Provincie Luik,Wertz,292
329,60000,BE33,Provincie Luik,Elias,291
329,60000,BE33,Provincie Luik,Poncin,291
329,60000,BE33,Provincie Luik,Stassen,291
332,60000,BE33,Provincie Luik,Giordano,290
332,60000,BE33,Provincie Luik,Kinet,290
334,60000,BE33,Provincie Luik,Demaret,289
334,60000,BE33,Provincie Luik,Gaillard,289
334,60000,BE33,Provincie Luik,Michaux,289
337,60000,BE33,Provincie Luik,Lebeau,288
337,60000,BE33,Provincie Luik,Schmidt,288
339,60000,BE33,Provincie Luik,Lucas,287
339,60000,BE33,Provincie Luik,Roth,287
339,60000,BE33,Provincie Luik,Royen,287
342,60000,BE33,Provincie Luik,Collinet,286
343,60000,BE33,Provincie Luik,Marichal,285
344,60000,BE33,Provincie Luik,Bourdouxhe,284
344,60000,BE33,Provincie Luik,Huppertz,284
346,60000,BE33,Provincie Luik,Heine,283
346,60000,BE33,Provincie Luik,Klinkenberg,283
346,60000,BE33,Provincie Luik,Laschet,283
346,60000,BE33,Provincie Luik,Philippart,283
350,60000,BE33,Provincie Luik,Brüls,282
350,60000,BE33,Provincie Luik,Yildiz,282
352,60000,BE33,Provincie Luik,Lombardo,281
352,60000,BE33,Provincie Luik,Péters,281
354,60000,BE33,Provincie Luik,Lefebvre,280
354,60000,BE33,Provincie Luik,Paquet,280
354,60000,BE33,Provincie Luik,Vervier,280
357,60000,BE33,Provincie Luik,Deltour,279
357,60000,BE33,Provincie Luik,Pirenne,279
359,60000,BE33,Provincie Luik,Mathonet,277
360,60000,BE33,Provincie Luik,Braun,276
360,60000,BE33,Provincie Luik,Dortu,276
360,60000,BE33,Provincie Luik,Mercier,276
360,60000,BE33,Provincie Luik,Xhonneux,276
364,60000,BE33,Provincie Luik,Schneider,275
364,60000,BE33,Provincie Luik,Streel,275
364,60000,BE33,Provincie Luik,Vaessen,275
367,60000,BE33,Provincie Luik,Cox,274
367,60000,BE33,Provincie Luik,Martens,274
367,60000,BE33,Provincie Luik,Thissen,274
370,60000,BE33,Provincie Luik,Gielen,273
370,60000,BE33,Provincie Luik,Hagelstein,273
372,60000,BE33,Provincie Luik,Aydin,272
372,60000,BE33,Provincie Luik,Meessen,272
372,60000,BE33,Provincie Luik,Sow,272
375,60000,BE33,Provincie Luik,Crutzen,271
375,60000,BE33,Provincie Luik,Nicolas,271
377,60000,BE33,Provincie Luik,Miceli,270
378,60000,BE33,Provincie Luik,Hick,269
378,60000,BE33,Provincie Luik,Infantino,269
378,60000,BE33,Provincie Luik,Mertes,269
381,60000,BE33,Provincie Luik,Decerf,267
381,60000,BE33,Provincie Luik,Dohogne,267
381,60000,BE33,Provincie Luik,Fassotte,267
384,60000,BE33,Provincie Luik,Alexandre,266
384,60000,BE33,Provincie Luik,Lentz,266
384,60000,BE33,Provincie Luik,Mahy,266
387,60000,BE33,Provincie Luik,Demarteau,265
387,60000,BE33,Provincie Luik,George,265
387,60000,BE33,Provincie Luik,Herzet,265
390,60000,BE33,Provincie Luik,Godfroid,264
391,60000,BE33,Provincie Luik,Counet,263
391,60000,BE33,Provincie Luik,Genot,263
393,60000,BE33,Provincie Luik,Courtois,262
394,60000,BE33,Provincie Luik,Deflandre,261
394,60000,BE33,Provincie Luik,Lenoir,261
396,60000,BE33,Provincie Luik,Bartholomé,260
396,60000,BE33,Provincie Luik,Detaille,260
396,60000,BE33,Provincie Luik,Joiris,260
399,60000,BE33,Provincie Luik,Goffart,259
400,60000,BE33,Provincie Luik,Lamy,258
400,60000,BE33,Provincie Luik,Radermecker,258
402,60000,BE33,Provincie Luik,Deville,257
402,60000,BE33,Provincie Luik,Richard,257
404,60000,BE33,Provincie Luik,Georis,256
404,60000,BE33,Provincie Luik,Goblet,256
404,60000,BE33,Provincie Luik,Mignon,256
407,60000,BE33,Provincie Luik,Leloup,255
407,60000,BE33,Provincie Luik,Parotte,255
407,60000,BE33,Provincie Luik,Sarlette,255
407,60000,BE33,Provincie Luik,Simar,255
411,60000,BE33,Provincie Luik,Goossens,253
411,60000,BE33,Provincie Luik,Hans,253
413,60000,BE33,Provincie Luik,Morreale,252
414,60000,BE33,Provincie Luik,Boland,251
414,60000,BE33,Provincie Luik,Meyers,251
416,60000,BE33,Provincie Luik,Radoux,250
416,60000,BE33,Provincie Luik,Stevens,250
416,60000,BE33,Provincie Luik,Wilmet,250
416,60000,BE33,Provincie Luik,Wilmotte,250
420,60000,BE33,Provincie Luik,Defourny,248
420,60000,BE33,Provincie Luik,Delhaye,248
420,60000,BE33,Provincie Luik,Lecloux,248
420,60000,BE33,Provincie Luik,Mossay,248
424,60000,BE33,Provincie Luik,Lorquet,247
424,60000,BE33,Provincie Luik,Marchand,247
424,60000,BE33,Provincie Luik,Reul,247
427,60000,BE33,Provincie Luik,Fraipont,245
428,60000,BE33,Provincie Luik,Bruyère,244
428,60000,BE33,Provincie Luik,Huynen,244
428,60000,BE33,Provincie Luik,Mélon,244
431,60000,BE33,Provincie Luik,Delhalle,243
431,60000,BE33,Provincie Luik,Magermans,243
433,60000,BE33,Provincie Luik,Barbier,242
433,60000,BE33,Provincie Luik,Dengis,242
433,60000,BE33,Provincie Luik,Pelzer,242
433,60000,BE33,Provincie Luik,Piront,242
437,60000,BE33,Provincie Luik,Ali,241
437,60000,BE33,Provincie Luik,Depas,241
437,60000,BE33,Provincie Luik,Stassart,241
440,60000,BE33,Provincie Luik,Detry,240
441,60000,BE33,Provincie Luik,Andrien,239
441,60000,BE33,Provincie Luik,Bouchat,239
443,60000,BE33,Provincie Luik,Cormann,238
443,60000,BE33,Provincie Luik,Hennes,238
445,60000,BE33,Provincie Luik,Degueldre,237
445,60000,BE33,Provincie Luik,Nix,237
445,60000,BE33,Provincie Luik,Pirlot,237
448,60000,BE33,Provincie Luik,Fafchamps,235
448,60000,BE33,Provincie Luik,Feron,235
448,60000,BE33,Provincie Luik,Huberty,235
448,60000,BE33,Provincie Luik,Minet,235
448,60000,BE33,Provincie Luik,Piedboeuf,235
453,60000,BE33,Provincie Luik,Bebronne,234
453,60000,BE33,Provincie Luik,Bronckart,234
453,60000,BE33,Provincie Luik,Michels,234
456,60000,BE33,Provincie Luik,Gillon,233
456,60000,BE33,Provincie Luik,Mottet,233
458,60000,BE33,Provincie Luik,Stoffels,232
458,60000,BE33,Provincie Luik,Wuidar,232
458,60000,BE33,Provincie Luik,Öztürk,232
461,60000,BE33,Provincie Luik,Drion,231
461,60000,BE33,Provincie Luik,Moës,231
463,60000,BE33,Provincie Luik,Bonfond,230
463,60000,BE33,Provincie Luik,Dessy,230
463,60000,BE33,Provincie Luik,Hanquet,230
463,60000,BE33,Provincie Luik,Nols,230
467,60000,BE33,Provincie Luik,Argento,229
467,60000,BE33,Provincie Luik,Delbrouck,229
467,60000,BE33,Provincie Luik,Emonts,229
467,60000,BE33,Provincie Luik,Henkes,229
467,60000,BE33,Provincie Luik,Lekeu,229
467,60000,BE33,Provincie Luik,Magis,229
467,60000,BE33,Provincie Luik,Warnotte,229
474,60000,BE33,Provincie Luik,Jaminon,228
474,60000,BE33,Provincie Luik,Nicolay,228
474,60000,BE33,Provincie Luik,Özdemir,228
477,60000,BE33,Provincie Luik,Ahn,227
477,60000,BE33,Provincie Luik,Hendrickx,227
477,60000,BE33,Provincie Luik,Henrotte,227
477,60000,BE33,Provincie Luik,Mignolet,227
477,60000,BE33,Provincie Luik,Spits,227
482,60000,BE33,Provincie Luik,Bertholet,226
482,60000,BE33,Provincie Luik,Bosch,226
482,60000,BE33,Provincie Luik,Doneux,226
482,60000,BE33,Provincie Luik,Goffinet,226
482,60000,BE33,Provincie Luik,Küpper,226
487,60000,BE33,Provincie Luik,Boonen,225
487,60000,BE33,Provincie Luik,Leonard,225
487,60000,BE33,Provincie Luik,Messina,225
487,60000,BE33,Provincie Luik,Thielen,225
491,60000,BE33,Provincie Luik,Gillis,224
491,60000,BE33,Provincie Luik,Heinrichs,224
491,60000,BE33,Provincie Luik,Jans,224
491,60000,BE33,Provincie Luik,Keutgen,224
491,60000,BE33,Provincie Luik,Magnée,224
496,60000,BE33,Provincie Luik,Carlier,223
496,60000,BE33,Provincie Luik,Oger,223
496,60000,BE33,Provincie Luik,Verdin,223
499,60000,BE33,Provincie Luik,Billen,221
499,60000,BE33,Provincie Luik,Duvivier,221
499,60000,BE33,Provincie Luik,Fischer,221
499,60000,BE33,Provincie Luik,Peiffer,221
503,60000,BE33,Provincie Luik,Mathot,219
503,60000,BE33,Provincie Luik,Schillings,219
505,60000,BE33,Provincie Luik,Benoit,218
505,60000,BE33,Provincie Luik,Carpentier,218
505,60000,BE33,Provincie Luik,Frère,218
505,60000,BE33,Provincie Luik,Montulet,218
505,60000,BE33,Provincie Luik,Spronck,218
510,60000,BE33,Provincie Luik,Linotte,217
510,60000,BE33,Provincie Luik,Maka,217
510,60000,BE33,Provincie Luik,Wagner,217
513,60000,BE33,Provincie Luik,Biondolillo,216
513,60000,BE33,Provincie Luik,Delforge,216
513,60000,BE33,Provincie Luik,Maquinay,216
516,60000,BE33,Provincie Luik,Ory,215
517,60000,BE33,Provincie Luik,Dupuis,214
517,60000,BE33,Provincie Luik,Gilis,214
517,60000,BE33,Provincie Luik,Hody,214
517,60000,BE33,Provincie Luik,Tilkin,214
521,60000,BE33,Provincie Luik,Dewez,213
521,60000,BE33,Provincie Luik,Hella,213
523,60000,BE33,Provincie Luik,Cimino,212
523,60000,BE33,Provincie Luik,Schaus,212
525,60000,BE33,Provincie Luik,Brisbois,211
525,60000,BE33,Provincie Luik,Dogan,211
525,60000,BE33,Provincie Luik,Habets,211
528,60000,BE33,Provincie Luik,Arslan,210
528,60000,BE33,Provincie Luik,Daenen,210
528,60000,BE33,Provincie Luik,Ernotte,210
528,60000,BE33,Provincie Luik,Minguet,210
528,60000,BE33,Provincie Luik,Nélis,210
528,60000,BE33,Provincie Luik,Pauly,210
528,60000,BE33,Provincie Luik,Sylla,210
535,60000,BE33,Provincie Luik,Culot,209
536,60000,BE33,Provincie Luik,Delhasse,208
537,60000,BE33,Provincie Luik,Cerfontaine,207
537,60000,BE33,Provincie Luik,Christiaens,207
539,60000,BE33,Provincie Luik,Devos,206
539,60000,BE33,Provincie Luik,Saive,206
541,60000,BE33,Provincie Luik,Malpas,205
541,60000,BE33,Provincie Luik,Pesser,205
541,60000,BE33,Provincie Luik,Sevrin,205
541,60000,BE33,Provincie Luik,Theissen,205
545,60000,BE33,Provincie Luik,Gillot,204
545,60000,BE33,Provincie Luik,Paul,204
545,60000,BE33,Provincie Luik,Polet,204
548,60000,BE33,Provincie Luik,Backes,203
548,60000,BE33,Provincie Luik,Costa,203
548,60000,BE33,Provincie Luik,Delchambre,203
551,60000,BE33,Provincie Luik,Bruwier,202
551,60000,BE33,Provincie Luik,Gohy,202
551,60000,BE33,Provincie Luik,Lux,202
554,60000,BE33,Provincie Luik,Blavier,201
554,60000,BE33,Provincie Luik,Daniels,201
554,60000,BE33,Provincie Luik,Falla,201
554,60000,BE33,Provincie Luik,Faymonville,201
554,60000,BE33,Provincie Luik,Genten,201
554,60000,BE33,Provincie Luik,Lechanteur,201
560,60000,BE33,Provincie Luik,Boutet,200
560,60000,BE33,Provincie Luik,Collet,200
560,60000,BE33,Provincie Luik,Debroux,200
563,60000,BE33,Provincie Luik,Dufour,199
563,60000,BE33,Provincie Luik,Durieux,199
563,60000,BE33,Provincie Luik,Halkin,199
563,60000,BE33,Provincie Luik,Ledoux,199
563,60000,BE33,Provincie Luik,Reynders,199
568,60000,BE33,Provincie Luik,Coenen,198
568,60000,BE33,Provincie Luik,Frenay,198
568,60000,BE33,Provincie Luik,Gonay,198
568,60000,BE33,Provincie Luik,Lizin,198
572,60000,BE33,Provincie Luik,Brixhe,197
572,60000,BE33,Provincie Luik,Denooz,197
572,60000,BE33,Provincie Luik,Renkin,197
572,60000,BE33,Provincie Luik,Vanbrabant,197
576,60000,BE33,Provincie Luik,Arens,196
576,60000,BE33,Provincie Luik,Bongartz,196
576,60000,BE33,Provincie Luik,Vaes,196
576,60000,BE33,Provincie Luik,Vandermeulen,196
576,60000,BE33,Provincie Luik,Verjans,196
581,60000,BE33,Provincie Luik,Elsen,195
581,60000,BE33,Provincie Luik,Gerday,195
581,60000,BE33,Provincie Luik,Goffard,195
581,60000,BE33,Provincie Luik,Haas,195
585,60000,BE33,Provincie Luik,Delbouille,194
585,60000,BE33,Provincie Luik,Fréson,194
585,60000,BE33,Provincie Luik,Henin,194
585,60000,BE33,Provincie Luik,Jamart,194
585,60000,BE33,Provincie Luik,Roufosse,194
585,60000,BE33,Provincie Luik,Smal,194
591,60000,BE33,Provincie Luik,Campisi,193
591,60000,BE33,Provincie Luik,Chantraine,193
591,60000,BE33,Provincie Luik,Gregoire,193
591,60000,BE33,Provincie Luik,Volders,193
595,60000,BE33,Provincie Luik,Dantinne,192
595,60000,BE33,Provincie Luik,Lo Presti,192
595,60000,BE33,Provincie Luik,Palumbo,192
595,60000,BE33,Provincie Luik,Zimmermann,192
599,60000,BE33,Provincie Luik,Laloux,191
599,60000,BE33,Provincie Luik,Tran,191
599,60000,BE33,Provincie Luik,Vanherck,191
602,60000,BE33,Provincie Luik,Braibant,190
602,60000,BE33,Provincie Luik,Charles,190
602,60000,BE33,Provincie Luik,Debatty,190
602,60000,BE33,Provincie Luik,Heynen,190
602,60000,BE33,Provincie Luik,Wagener,190
607,60000,BE33,Provincie Luik,Boniver,189
607,60000,BE33,Provincie Luik,Chapelle,189
607,60000,BE33,Provincie Luik,Gérardy,189
607,60000,BE33,Provincie Luik,Rousselle,189
607,60000,BE33,Provincie Luik,Vos,189
612,60000,BE33,Provincie Luik,Fouarge,188
612,60000,BE33,Provincie Luik,Keller,188
612,60000,BE33,Provincie Luik,Schreurs,188
615,60000,BE33,Provincie Luik,Henrion,187
615,60000,BE33,Provincie Luik,Pfeiffer,187
615,60000,BE33,Provincie Luik,Sahin,187
618,60000,BE33,Provincie Luik,Born,186
618,60000,BE33,Provincie Luik,Fank,186
618,60000,BE33,Provincie Luik,Finck,186
618,60000,BE33,Provincie Luik,Warnant,186
622,60000,BE33,Provincie Luik,Fassin,185
622,60000,BE33,Provincie Luik,Leclerc,185
622,60000,BE33,Provincie Luik,Tilman,185
625,60000,BE33,Provincie Luik,Catoul,184
625,60000,BE33,Provincie Luik,Dormal,184
625,60000,BE33,Provincie Luik,Meurice,184
625,60000,BE33,Provincie Luik,Perin,184
625,60000,BE33,Provincie Luik,Sauveur,184
625,60000,BE33,Provincie Luik,Winandy,184
631,60000,BE33,Provincie Luik,Carabin,183
631,60000,BE33,Provincie Luik,Rasquin,183
631,60000,BE33,Provincie Luik,Yans,183
634,60000,BE33,Provincie Luik,Kersten,182
634,60000,BE33,Provincie Luik,Maus,182
634,60000,BE33,Provincie Luik,Rorive,182
637,60000,BE33,Provincie Luik,Aslan,181
637,60000,BE33,Provincie Luik,Baiwir,181
637,60000,BE33,Provincie Luik,Berisha,181
637,60000,BE33,Provincie Luik,Delrée,181
637,60000,BE33,Provincie Luik,Destexhe,181
637,60000,BE33,Provincie Luik,Roquet,181
637,60000,BE33,Provincie Luik,Thonet,181
644,60000,BE33,Provincie Luik,Christophe,180
644,60000,BE33,Provincie Luik,Leclère,180
644,60000,BE33,Provincie Luik,Mohamed,180
644,60000,BE33,Provincie Luik,Randaxhe,180
648,60000,BE33,Provincie Luik,Castronovo,179
648,60000,BE33,Provincie Luik,Paque,179
648,60000,BE33,Provincie Luik,Thelen,179
651,60000,BE33,Provincie Luik,Arnone,178
651,60000,BE33,Provincie Luik,Bollinne,178
651,60000,BE33,Provincie Luik,Hennen,178
654,60000,BE33,Provincie Luik,Alaimo,177
654,60000,BE33,Provincie Luik,Bada,177
654,60000,BE33,Provincie Luik,Chen,177
654,60000,BE33,Provincie Luik,Feyen,177
654,60000,BE33,Provincie Luik,Jacoby,177
654,60000,BE33,Provincie Luik,Jaspar,177
654,60000,BE33,Provincie Luik,Lefevre,177
654,60000,BE33,Provincie Luik,Lognoul,177
654,60000,BE33,Provincie Luik,Moors,177
654,60000,BE33,Provincie Luik,Otten,177
664,60000,BE33,Provincie Luik,Davin,176
664,60000,BE33,Provincie Luik,Leenders,176
664,60000,BE33,Provincie Luik,Rompen,176
664,60000,BE33,Provincie Luik,Somja,176
668,60000,BE33,Provincie Luik,Leboutte,175
668,60000,BE33,Provincie Luik,Schepers,175
670,60000,BE33,Provincie Luik,Detrixhe,174
670,60000,BE33,Provincie Luik,Dheur,174
670,60000,BE33,Provincie Luik,Di Marco,174
670,60000,BE33,Provincie Luik,Herbillon,174
670,60000,BE33,Provincie Luik,Leyens,174
670,60000,BE33,Provincie Luik,Regnier,174
676,60000,BE33,Provincie Luik,Bauduin,173
676,60000,BE33,Provincie Luik,Fauconnier,173
676,60000,BE33,Provincie Luik,Hardenne,173
676,60000,BE33,Provincie Luik,Heins,173
676,60000,BE33,Provincie Luik,Hilgers,173
676,60000,BE33,Provincie Luik,Jennes,173
676,60000,BE33,Provincie Luik,Locht,173
676,60000,BE33,Provincie Luik,Malmendier,173
676,60000,BE33,Provincie Luik,Pecoraro,173
676,60000,BE33,Provincie Luik,Swinnen,173
686,60000,BE33,Provincie Luik,Collas,172
686,60000,BE33,Provincie Luik,Fastré,172
686,60000,BE33,Provincie Luik,Germain,172
686,60000,BE33,Provincie Luik,Gonda,172
686,60000,BE33,Provincie Luik,Leblanc,172
686,60000,BE33,Provincie Luik,Viatour,172
692,60000,BE33,Provincie Luik,Aussems,171
692,60000,BE33,Provincie Luik,Gehlen,171
692,60000,BE33,Provincie Luik,Kaiser,171
692,60000,BE33,Provincie Luik,Lecrenier,171
692,60000,BE33,Provincie Luik,Mazy,171
692,60000,BE33,Provincie Luik,Monville,171
692,60000,BE33,Provincie Luik,Mordant,171
692,60000,BE33,Provincie Luik,Ninane,171
692,60000,BE33,Provincie Luik,Pitz,171
692,60000,BE33,Provincie Luik,Scheuren,171
692,60000,BE33,Provincie Luik,Wey,171
703,60000,BE33,Provincie Luik,Dossin,170
703,60000,BE33,Provincie Luik,Duchateau,170
703,60000,BE33,Provincie Luik,Godard,170
703,60000,BE33,Provincie Luik,Liegeois,170
703,60000,BE33,Provincie Luik,Steffens,170
708,60000,BE33,Provincie Luik,Colinet,169
708,60000,BE33,Provincie Luik,Crespin,169
708,60000,BE33,Provincie Luik,Genon,169
708,60000,BE33,Provincie Luik,Jeunehomme,169
708,60000,BE33,Provincie Luik,Ligot,169
708,60000,BE33,Provincie Luik,Mélotte,169
708,60000,BE33,Provincie Luik,Vranken,169
715,60000,BE33,Provincie Luik,Baumans,168
715,60000,BE33,Provincie Luik,Bolly,168
715,60000,BE33,Provincie Luik,Demarche,168
715,60000,BE33,Provincie Luik,Hogge,168
715,60000,BE33,Provincie Luik,Mackels,168
715,60000,BE33,Provincie Luik,Strauven,168
715,60000,BE33,Provincie Luik,Wirtz,168
722,60000,BE33,Provincie Luik,Collins,167
722,60000,BE33,Provincie Luik,Delsemme,167
722,60000,BE33,Provincie Luik,Malchair,167
722,60000,BE33,Provincie Luik,Vella,167
726,60000,BE33,Provincie Luik,Champagne,166
727,60000,BE33,Provincie Luik,Cuvelier,165
727,60000,BE33,Provincie Luik,Marx,165
729,60000,BE33,Provincie Luik,Ahmed,164
729,60000,BE33,Provincie Luik,Balde,164
729,60000,BE33,Provincie Luik,Conrath,164
729,60000,BE33,Provincie Luik,Fagnoul,164
729,60000,BE33,Provincie Luik,Heeren,164
729,60000,BE33,Provincie Luik,Jadoul,164
729,60000,BE33,Provincie Luik,Margraff,164
729,60000,BE33,Provincie Luik,Nys,164
729,60000,BE33,Provincie Luik,Rixhon,164
729,60000,BE33,Provincie Luik,Sohet,164
729,60000,BE33,Provincie Luik,Vermeulen,164
740,60000,BE33,Provincie Luik,Clément,163
740,60000,BE33,Provincie Luik,Dehousse,163
740,60000,BE33,Provincie Luik,Huet,163
743,60000,BE33,Provincie Luik,Bolland,162
743,60000,BE33,Provincie Luik,Heuschen,162
743,60000,BE33,Provincie Luik,Joiret,162
743,60000,BE33,Provincie Luik,Jonet,162
743,60000,BE33,Provincie Luik,Lambrecht,162
743,60000,BE33,Provincie Luik,Romano,162
743,60000,BE33,Provincie Luik,Royer,162
743,60000,BE33,Provincie Luik,Ruwet,162
743,60000,BE33,Provincie Luik,Schwall,162
752,60000,BE33,Provincie Luik,Beaupain,161
752,60000,BE33,Provincie Luik,Coumont,161
752,60000,BE33,Provincie Luik,Dirick,161
752,60000,BE33,Provincie Luik,Faniel,161
752,60000,BE33,Provincie Luik,Fortemps,161
752,60000,BE33,Provincie Luik,Gerardy,161
752,60000,BE33,Provincie Luik,Gerkens,161
752,60000,BE33,Provincie Luik,Meys,161
760,60000,BE33,Provincie Luik,Cornélis,160
760,60000,BE33,Provincie Luik,Demonty,160
760,60000,BE33,Provincie Luik,Duyckaerts,160
760,60000,BE33,Provincie Luik,Rutten,160
760,60000,BE33,Provincie Luik,Salamone,160
760,60000,BE33,Provincie Luik,Salvaggio,160
760,60000,BE33,Provincie Luik,Schroeder,160
767,60000,BE33,Provincie Luik,Crapanzano,159
767,60000,BE33,Provincie Luik,Cuypers,159
767,60000,BE33,Provincie Luik,Damoiseau,159
767,60000,BE33,Provincie Luik,Gouders,159
767,60000,BE33,Provincie Luik,Jamoulle,159
767,60000,BE33,Provincie Luik,Lhomme,159
767,60000,BE33,Provincie Luik,Vandormael,159
774,60000,BE33,Provincie Luik,Beuken,158
774,60000,BE33,Provincie Luik,Bourdoux,158
774,60000,BE33,Provincie Luik,Khan,158
774,60000,BE33,Provincie Luik,Polis,158
774,60000,BE33,Provincie Luik,Sacco,158
779,60000,BE33,Provincie Luik,Flohimont,157
779,60000,BE33,Provincie Luik,Franco,157
779,60000,BE33,Provincie Luik,Frankinet,157
779,60000,BE33,Provincie Luik,Halmes,157
779,60000,BE33,Provincie Luik,Pahaut,157
779,60000,BE33,Provincie Luik,Saidi,157
779,60000,BE33,Provincie Luik,Scholzen,157
779,60000,BE33,Provincie Luik,Stasse,157
779,60000,BE33,Provincie Luik,Tromme,157
779,60000,BE33,Provincie Luik,Wery,157
779,60000,BE33,Provincie Luik,Wiliquet,157
779,60000,BE33,Provincie Luik,Wislet,157
791,60000,BE33,Provincie Luik,Bleus,156
791,60000,BE33,Provincie Luik,Bodeux,156
791,60000,BE33,Provincie Luik,Brose,156
791,60000,BE33,Provincie Luik,Chaineux,156
791,60000,BE33,Provincie Luik,Delincé,156
791,60000,BE33,Provincie Luik,Galand,156
791,60000,BE33,Provincie Luik,Keita,156
791,60000,BE33,Provincie Luik,Puccio,156
791,60000,BE33,Provincie Luik,Wolfs,156
800,60000,BE33,Provincie Luik,Anciaux,155
800,60000,BE33,Provincie Luik,Chabot,155
800,60000,BE33,Provincie Luik,Eloy,155
800,60000,BE33,Provincie Luik,Frédérick,155
800,60000,BE33,Provincie Luik,Havelange,155
800,60000,BE33,Provincie Luik,Heindrichs,155
800,60000,BE33,Provincie Luik,Libon,155
800,60000,BE33,Provincie Luik,Rentmeister,155
800,60000,BE33,Provincie Luik,Roosen,155
800,60000,BE33,Provincie Luik,Schils,155
810,60000,BE33,Provincie Luik,Archambeau,154
810,60000,BE33,Provincie Luik,Bauwens,154
810,60000,BE33,Provincie Luik,Dussart,154
810,60000,BE33,Provincie Luik,Ferrara,154
810,60000,BE33,Provincie Luik,Guiot,154
810,60000,BE33,Provincie Luik,Mercenier,154
816,60000,BE33,Provincie Luik,Foguenne,153
816,60000,BE33,Provincie Luik,Forthomme,153
816,60000,BE33,Provincie Luik,Matthys,153
816,60000,BE33,Provincie Luik,Pirotton,153
816,60000,BE33,Provincie Luik,Tassin,153
816,60000,BE33,Provincie Luik,Veithen,153
822,60000,BE33,Provincie Luik,Cakir,152
822,60000,BE33,Provincie Luik,Fryns,152
822,60000,BE33,Provincie Luik,Halin,152
822,60000,BE33,Provincie Luik,Lambrette,152
822,60000,BE33,Provincie Luik,Machiels,152
827,60000,BE33,Provincie Luik,Cammarata,151
827,60000,BE33,Provincie Luik,Costanza,151
827,60000,BE33,Provincie Luik,Hamdi,151
827,60000,BE33,Provincie Luik,Kempeneers,151
827,60000,BE33,Provincie Luik,Maas,151
827,60000,BE33,Provincie Luik,Malaise,151
827,60000,BE33,Provincie Luik,Motte,151
827,60000,BE33,Provincie Luik,Poumay,151
827,60000,BE33,Provincie Luik,Rossi,151
827,60000,BE33,Provincie Luik,Résimont,151
827,60000,BE33,Provincie Luik,Salerno,151
827,60000,BE33,Provincie Luik,Thibaut,151
827,60000,BE33,Provincie Luik,Verlaine,151
840,60000,BE33,Provincie Luik,Francotte,150
840,60000,BE33,Provincie Luik,Geurts,150
840,60000,BE33,Provincie Luik,Habran,150
840,60000,BE33,Provincie Luik,Honnay,150
844,60000,BE33,Provincie Luik,Bodarwé,149
844,60000,BE33,Provincie Luik,D'Amico,149
844,60000,BE33,Provincie Luik,Delporte,149
844,60000,BE33,Provincie Luik,Deroanne,149
844,60000,BE33,Provincie Luik,Joskin,149
844,60000,BE33,Provincie Luik,Julémont,149
844,60000,BE33,Provincie Luik,Kaur,149
844,60000,BE33,Provincie Luik,Krasniqi,149
844,60000,BE33,Provincie Luik,Lambinon,149
844,60000,BE33,Provincie Luik,Lespagnard,149
844,60000,BE33,Provincie Luik,Straet,149
844,60000,BE33,Provincie Luik,Tasset,149
844,60000,BE33,Provincie Luik,Urbain,149
844,60000,BE33,Provincie Luik,Winand,149
858,60000,BE33,Provincie Luik,Fery,148
858,60000,BE33,Provincie Luik,Gosset,148
858,60000,BE33,Provincie Luik,Jérôme,148
858,60000,BE33,Provincie Luik,Neven,148
862,60000,BE33,Provincie Luik,Devivier,147
862,60000,BE33,Provincie Luik,Hansenne,147
862,60000,BE33,Provincie Luik,Lefèbvre,147
862,60000,BE33,Provincie Luik,Paris,147
866,60000,BE33,Provincie Luik,Cabay,146
866,60000,BE33,Provincie Luik,Cusumano,146
866,60000,BE33,Provincie Luik,Dechany,146
866,60000,BE33,Provincie Luik,Deru,146
866,60000,BE33,Provincie Luik,El Yaouti,146
866,60000,BE33,Provincie Luik,Fourneau,146
866,60000,BE33,Provincie Luik,Gilon,146
866,60000,BE33,Provincie Luik,Heuse,146
866,60000,BE33,Provincie Luik,Lennertz,146
866,60000,BE33,Provincie Luik,Lerho,146
866,60000,BE33,Provincie Luik,Maillard,146
866,60000,BE33,Provincie Luik,Mollers,146
866,60000,BE33,Provincie Luik,Ramakers,146
866,60000,BE33,Provincie Luik,Renardy,146
866,60000,BE33,Provincie Luik,Swennen,146
881,60000,BE33,Provincie Luik,Beck,145
881,60000,BE33,Provincie Luik,Doppagne,145
881,60000,BE33,Provincie Luik,Heyen,145
881,60000,BE33,Provincie Luik,Job,145
881,60000,BE33,Provincie Luik,Knops,145
881,60000,BE33,Provincie Luik,Lodomez,145
881,60000,BE33,Provincie Luik,Mardaga,145
881,60000,BE33,Provincie Luik,Schmit,145
889,60000,BE33,Provincie Luik,Adams,144
889,60000,BE33,Provincie Luik,Dubuisson,144
889,60000,BE33,Provincie Luik,Duchêne,144
889,60000,BE33,Provincie Luik,Limbourg,144
889,60000,BE33,Provincie Luik,Nelles,144
889,60000,BE33,Provincie Luik,Thonus,144
895,60000,BE33,Provincie Luik,Driesen,143
895,60000,BE33,Provincie Luik,Gashi,143
895,60000,BE33,Provincie Luik,Huby,143
895,60000,BE33,Provincie Luik,Kremer,143
895,60000,BE33,Provincie Luik,Lohay,143
895,60000,BE33,Provincie Luik,Weynand,143
901,60000,BE33,Provincie Luik,Bissot,142
901,60000,BE33,Provincie Luik,Duysens,142
901,60000,BE33,Provincie Luik,Esser,142
901,60000,BE33,Provincie Luik,Hertay,142
901,60000,BE33,Provincie Luik,Lambertz,142
906,60000,BE33,Provincie Luik,Arimont,141
906,60000,BE33,Provincie Luik,Bay,141
906,60000,BE33,Provincie Luik,Beguin,141
906,60000,BE33,Provincie Luik,Berisa,141
906,60000,BE33,Provincie Luik,Daniel,141
906,60000,BE33,Provincie Luik,Defossé,141
906,60000,BE33,Provincie Luik,Demez,141
906,60000,BE33,Provincie Luik,Engels,141
906,60000,BE33,Provincie Luik,Galère,141
906,60000,BE33,Provincie Luik,Gavray,141
906,60000,BE33,Provincie Luik,Grün,141
906,60000,BE33,Provincie Luik,Jongen,141
906,60000,BE33,Provincie Luik,Juprelle,141
906,60000,BE33,Provincie Luik,Lambion,141
906,60000,BE33,Provincie Luik,Laval,141
906,60000,BE33,Provincie Luik,Mouton,141
906,60000,BE33,Provincie Luik,Polat,141
906,60000,BE33,Provincie Luik,Wegnez,141
924,60000,BE33,Provincie Luik,Acar,140
924,60000,BE33,Provincie Luik,Bonmariage,140
924,60000,BE33,Provincie Luik,Borguet,140
924,60000,BE33,Provincie Luik,Houssa,140
924,60000,BE33,Provincie Luik,Michotte,140
924,60000,BE33,Provincie Luik,Renwart,140
924,60000,BE33,Provincie Luik,Schmets,140
931,60000,BE33,Provincie Luik,Blanchy,139
931,60000,BE33,Provincie Luik,Cajot,139
931,60000,BE33,Provincie Luik,Degée,139
931,60000,BE33,Provincie Luik,Kever,139
931,60000,BE33,Provincie Luik,Mottard,139
931,60000,BE33,Provincie Luik,Trillet,139
931,60000,BE33,Provincie Luik,Vanhove,139
938,60000,BE33,Provincie Luik,Demeuse,138
938,60000,BE33,Provincie Luik,Descamps,138
938,60000,BE33,Provincie Luik,Flamand,138
938,60000,BE33,Provincie Luik,Maloir,138
938,60000,BE33,Provincie Luik,Melchior,138
938,60000,BE33,Provincie Luik,Nicosia,138
938,60000,BE33,Provincie Luik,Poelmans,138
938,60000,BE33,Provincie Luik,Romain,138
938,60000,BE33,Provincie Luik,Smits,138
938,60000,BE33,Provincie Luik,Sougnez,138
948,60000,BE33,Provincie Luik,Boemer,137
948,60000,BE33,Provincie Luik,Bruno,137
948,60000,BE33,Provincie Luik,Dehard,137
948,60000,BE33,Provincie Luik,Gauthier,137
948,60000,BE33,Provincie Luik,Gennen,137
948,60000,BE33,Provincie Luik,Jabri,137
948,60000,BE33,Provincie Luik,Kreusch,137
948,60000,BE33,Provincie Luik,Melin,137
948,60000,BE33,Provincie Luik,Raxhon,137
948,60000,BE33,Provincie Luik,Rossius,137
948,60000,BE33,Provincie Luik,Snoeck,137
959,60000,BE33,Provincie Luik,Arnould,136
959,60000,BE33,Provincie Luik,Bayard,136
959,60000,BE33,Provincie Luik,D'Angelo,136
959,60000,BE33,Provincie Luik,Delmelle,136
959,60000,BE33,Provincie Luik,Digneffe,136
959,60000,BE33,Provincie Luik,Mennicken,136
959,60000,BE33,Provincie Luik,Paulis,136
959,60000,BE33,Provincie Luik,Wetzels,136
967,60000,BE33,Provincie Luik,Dosin,135
967,60000,BE33,Provincie Luik,Duran,135
967,60000,BE33,Provincie Luik,Genet,135
967,60000,BE33,Provincie Luik,Henquet,135
967,60000,BE33,Provincie Luik,Latour,135
967,60000,BE33,Provincie Luik,Lion,135
967,60000,BE33,Provincie Luik,Otte,135
967,60000,BE33,Provincie Luik,Sougné,135
975,60000,BE33,Provincie Luik,Bayram,134
975,60000,BE33,Provincie Luik,Boveroux,134
975,60000,BE33,Provincie Luik,Caprasse,134
975,60000,BE33,Provincie Luik,Derwa,134
975,60000,BE33,Provincie Luik,Freches,134
975,60000,BE33,Provincie Luik,Haid,134
975,60000,BE33,Provincie Luik,Kaba,134
975,60000,BE33,Provincie Luik,Mossoux,134
975,60000,BE33,Provincie Luik,Theis,134
975,60000,BE33,Provincie Luik,Valentin,134
985,60000,BE33,Provincie Luik,Celik,133
985,60000,BE33,Provincie Luik,Dobbelstein,133
985,60000,BE33,Provincie Luik,Florkin,133
985,60000,BE33,Provincie Luik,Lepage,133
985,60000,BE33,Provincie Luik,Pauwels,133
985,60000,BE33,Provincie Luik,Taeter,133
991,60000,BE33,Provincie Luik,Baré,132
991,60000,BE33,Provincie Luik,Dodémont,132
991,60000,BE33,Provincie Luik,Flagothier,132
991,60000,BE33,Provincie Luik,Hauglustaine,132
991,60000,BE33,Provincie Luik,Jacquemart,132
991,60000,BE33,Provincie Luik,Jamotte,132
991,60000,BE33,Provincie Luik,Lebon,132
991,60000,BE33,Provincie Luik,Levêque,132
991,60000,BE33,Provincie Luik,Mouzouri,132
991,60000,BE33,Provincie Luik,Wolff,132
1001,60000,BE33,Provincie Luik,Bouillon,131
1001,60000,BE33,Provincie Luik,Delcomminette,131
1001,60000,BE33,Provincie Luik,Esposito,131
1001,60000,BE33,Provincie Luik,Giet,131
1001,60000,BE33,Provincie Luik,Gobert,131
1001,60000,BE33,Provincie Luik,Godart,131
1001,60000,BE33,Provincie Luik,Micha,131
1001,60000,BE33,Provincie Luik,Thomé,131
1001,60000,BE33,Provincie Luik,Tihon,131
1001,60000,BE33,Provincie Luik,Wang,131
1011,60000,BE33,Provincie Luik,Bottin,130
1011,60000,BE33,Provincie Luik,Colard,130
1011,60000,BE33,Provincie Luik,Hanssen,130
1011,60000,BE33,Provincie Luik,Leemans,130
1011,60000,BE33,Provincie Luik,Marion,130
1011,60000,BE33,Provincie Luik,Menten,130
1011,60000,BE33,Provincie Luik,Mestrez,130
1011,60000,BE33,Provincie Luik,Modave,130
1011,60000,BE33,Provincie Luik,Piot,130
1011,60000,BE33,Provincie Luik,Preud'homme,130
1011,60000,BE33,Provincie Luik,Vandersmissen,130
1011,60000,BE33,Provincie Luik,Vigneron,130
1011,60000,BE33,Provincie Luik,Yerna,130
1024,60000,BE33,Provincie Luik,Bustin,129
1024,60000,BE33,Provincie Luik,Dassy,129
1024,60000,BE33,Provincie Luik,Glaude,129
1024,60000,BE33,Provincie Luik,Jadin,129
1024,60000,BE33,Provincie Luik,Kara,129
1024,60000,BE33,Provincie Luik,Kroonen,129
1024,60000,BE33,Provincie Luik,Moxhet,129
1024,60000,BE33,Provincie Luik,Ozdemir,129
1024,60000,BE33,Provincie Luik,Patti,129
1024,60000,BE33,Provincie Luik,Reinartz,129
1034,60000,BE33,Provincie Luik,Grandry,128
1034,60000,BE33,Provincie Luik,Lesuisse,128
1034,60000,BE33,Provincie Luik,Loly,128
1034,60000,BE33,Provincie Luik,Picard,128
1034,60000,BE33,Provincie Luik,Prévot,128
1034,60000,BE33,Provincie Luik,Schmitt,128
1034,60000,BE33,Provincie Luik,Sluse,128
1034,60000,BE33,Provincie Luik,Thomsin,128
1042,60000,BE33,Provincie Luik,Dahm,127
1042,60000,BE33,Provincie Luik,Derouaux,127
1042,60000,BE33,Provincie Luik,Dewandre,127
1042,60000,BE33,Provincie Luik,Franken,127
1042,60000,BE33,Provincie Luik,Houbart,127
1042,60000,BE33,Provincie Luik,Kurt,127
1042,60000,BE33,Provincie Luik,Loffet,127
1042,60000,BE33,Provincie Luik,Pétry,127
1042,60000,BE33,Provincie Luik,Schwanen,127
1051,60000,BE33,Provincie Luik,Azzouzi,126
1051,60000,BE33,Provincie Luik,Barthélemy,126
1051,60000,BE33,Provincie Luik,Cacciatore,126
1051,60000,BE33,Provincie Luik,Carré,126
1051,60000,BE33,Provincie Luik,Dahmen,126
1051,60000,BE33,Provincie Luik,Geerts,126
1051,60000,BE33,Provincie Luik,Grignet,126
1051,60000,BE33,Provincie Luik,Hallet,126
1051,60000,BE33,Provincie Luik,Hanlet,126
1051,60000,BE33,Provincie Luik,Laffineur,126
1051,60000,BE33,Provincie Luik,Livet,126
1051,60000,BE33,Provincie Luik,Slimani,126
1051,60000,BE33,Provincie Luik,Wanson,126
1051,60000,BE33,Provincie Luik,Özer,126
1065,60000,BE33,Provincie Luik,Allard,125
1065,60000,BE33,Provincie Luik,Bours,125
1065,60000,BE33,Provincie Luik,Boxus,125
1065,60000,BE33,Provincie Luik,Brugmans,125
1065,60000,BE33,Provincie Luik,Ista,125
1065,60000,BE33,Provincie Luik,Joie,125
1065,60000,BE33,Provincie Luik,Labeye,125
1065,60000,BE33,Provincie Luik,Lheureux,125
1065,60000,BE33,Provincie Luik,Marchese,125
1065,60000,BE33,Provincie Luik,Morgante,125
1065,60000,BE33,Provincie Luik,Pironet,125
1065,60000,BE33,Provincie Luik,Schütz,125
1065,60000,BE33,Provincie Luik,Vandevelde,125
1078,60000,BE33,Provincie Luik,Barone,124
1078,60000,BE33,Provincie Luik,Bonni,124
1078,60000,BE33,Provincie Luik,Dechesne,124
1078,60000,BE33,Provincie Luik,Depireux,124
1078,60000,BE33,Provincie Luik,Fanara,124
1078,60000,BE33,Provincie Luik,Groven,124
1078,60000,BE33,Provincie Luik,Joassin,124
1078,60000,BE33,Provincie Luik,Johnen,124
1078,60000,BE33,Provincie Luik,Morsa,124
1078,60000,BE33,Provincie Luik,Voss,124
1078,60000,BE33,Provincie Luik,Wiertz,124
1089,60000,BE33,Provincie Luik,Bellefroid,123
1089,60000,BE33,Provincie Luik,Caruana,123
1089,60000,BE33,Provincie Luik,Gavage,123
1089,60000,BE33,Provincie Luik,Gendarme,123
1089,60000,BE33,Provincie Luik,Joyeux,123
1089,60000,BE33,Provincie Luik,Offermann,123
1089,60000,BE33,Provincie Luik,Randazzo,123
1089,60000,BE33,Provincie Luik,Rose,123
1089,60000,BE33,Provincie Luik,Vandenbosch,123
1089,60000,BE33,Provincie Luik,Volpe,123
1099,60000,BE33,Provincie Luik,Albanese,122
1099,60000,BE33,Provincie Luik,Beaufort,122
1099,60000,BE33,Provincie Luik,Bonjean,122
1099,60000,BE33,Provincie Luik,Catalano,122
1099,60000,BE33,Provincie Luik,Chevalier,122
1099,60000,BE33,Provincie Luik,Degive,122
1099,60000,BE33,Provincie Luik,Dosogne,122
1099,60000,BE33,Provincie Luik,Dumez,122
1099,60000,BE33,Provincie Luik,Gillessen,122
1099,60000,BE33,Provincie Luik,Lambot,122
1099,60000,BE33,Provincie Luik,Langohr,122
1099,60000,BE33,Provincie Luik,Namotte,122
1099,60000,BE33,Provincie Luik,Natalis,122
1099,60000,BE33,Provincie Luik,Siquet,122
1099,60000,BE33,Provincie Luik,Weerts,122
1099,60000,BE33,Provincie Luik,Winkin,122
1115,60000,BE33,Provincie Luik,Absil,121
1115,60000,BE33,Provincie Luik,Collienne,121
1115,60000,BE33,Provincie Luik,Deleuze,121
1115,60000,BE33,Provincie Luik,Erdogan,121
1115,60000,BE33,Provincie Luik,Jamin,121
1115,60000,BE33,Provincie Luik,Rion,121
1115,60000,BE33,Provincie Luik,Saroléa,121
1115,60000,BE33,Provincie Luik,Simsek,121
1115,60000,BE33,Provincie Luik,Spirlet,121
1115,60000,BE33,Provincie Luik,Vandevenne,121
1115,60000,BE33,Provincie Luik,Wagemans,121
1126,60000,BE33,Provincie Luik,Caro,120
1126,60000,BE33,Provincie Luik,Declercq,120
1126,60000,BE33,Provincie Luik,Delville,120
1126,60000,BE33,Provincie Luik,Dresse,120
1126,60000,BE33,Provincie Luik,Herbrand,120
1126,60000,BE33,Provincie Luik,Keppenne,120
1126,60000,BE33,Provincie Luik,Plumier,120
1126,60000,BE33,Provincie Luik,Traore,120
1126,60000,BE33,Provincie Luik,Yavuz,120
1135,60000,BE33,Provincie Luik,Balthazar,119
1135,60000,BE33,Provincie Luik,Daxhelet,119
1135,60000,BE33,Provincie Luik,Flas,119
1135,60000,BE33,Provincie Luik,Hermanns,119
1135,60000,BE33,Provincie Luik,Lacrosse,119
1135,60000,BE33,Provincie Luik,Lemaître,119
1135,60000,BE33,Provincie Luik,Pfaff,119
1135,60000,BE33,Provincie Luik,Rouchet,119
1135,60000,BE33,Provincie Luik,Schleck,119
1135,60000,BE33,Provincie Luik,Thonnart,119
1145,60000,BE33,Provincie Luik,D'Alessandro,118
1145,60000,BE33,Provincie Luik,Fickers,118
1145,60000,BE33,Provincie Luik,Germay,118
1145,60000,BE33,Provincie Luik,Heyne,118
1145,60000,BE33,Provincie Luik,Laboureur,118
1145,60000,BE33,Provincie Luik,Lafontaine,118
1145,60000,BE33,Provincie Luik,Lamborelle,118
1145,60000,BE33,Provincie Luik,Loneux,118
1145,60000,BE33,Provincie Luik,Longrée,118
1145,60000,BE33,Provincie Luik,Manguette,118
1145,60000,BE33,Provincie Luik,Nicolet,118
1145,60000,BE33,Provincie Luik,Nihoul,118
1145,60000,BE33,Provincie Luik,Pétré,118
1145,60000,BE33,Provincie Luik,Ruelle,118
1145,60000,BE33,Provincie Luik,Vanesse,118
1145,60000,BE33,Provincie Luik,Wislez,118
1161,60000,BE33,Provincie Luik,Bielen,117
1161,60000,BE33,Provincie Luik,Bindels,117
1161,60000,BE33,Provincie Luik,Blaffart,117
1161,60000,BE33,Provincie Luik,Braine,117
1161,60000,BE33,Provincie Luik,Cools,117
1161,60000,BE33,Provincie Luik,Dans,117
1161,60000,BE33,Provincie Luik,Delhaise,117
1161,60000,BE33,Provincie Luik,Desmet,117
1161,60000,BE33,Provincie Luik,Gilissen,117
1161,60000,BE33,Provincie Luik,Havenith,117
1161,60000,BE33,Provincie Luik,Joly,117
1161,60000,BE33,Provincie Luik,Lami,117
1161,60000,BE33,Provincie Luik,Lorent,117
1161,60000,BE33,Provincie Luik,Moisse,117
1161,60000,BE33,Provincie Luik,Quoilin,117
1161,60000,BE33,Provincie Luik,Richter,117
1161,60000,BE33,Provincie Luik,Schiepers,117
1161,60000,BE33,Provincie Luik,Tychon,117
1179,60000,BE33,Provincie Luik,Bouhy,116
1179,60000,BE33,Provincie Luik,Castiglione,116
1179,60000,BE33,Provincie Luik,De Smet,116
1179,60000,BE33,Provincie Luik,Defresne,116
1179,60000,BE33,Provincie Luik,Krier,116
1179,60000,BE33,Provincie Luik,Lemal,116
1179,60000,BE33,Provincie Luik,Mustafa,116
1179,60000,BE33,Provincie Luik,Piazza,116
1179,60000,BE33,Provincie Luik,Raquet,116
1179,60000,BE33,Provincie Luik,Sorce,116
1179,60000,BE33,Provincie Luik,Teheux,116
1179,60000,BE33,Provincie Luik,Vandeberg,116
1191,60000,BE33,Provincie Luik,Ceylan,115
1191,60000,BE33,Provincie Luik,Crémer,115
1191,60000,BE33,Provincie Luik,Delcommune,115
1191,60000,BE33,Provincie Luik,Deliège,115
1191,60000,BE33,Provincie Luik,Dieu,115
1191,60000,BE33,Provincie Luik,Engelen,115
1191,60000,BE33,Provincie Luik,Flament,115
1191,60000,BE33,Provincie Luik,Gazon,115
1191,60000,BE33,Provincie Luik,Geelen,115
1191,60000,BE33,Provincie Luik,Gillain,115
1191,60000,BE33,Provincie Luik,Hamoir,115
1191,60000,BE33,Provincie Luik,Hanson,115
1191,60000,BE33,Provincie Luik,Kaye,115
1191,60000,BE33,Provincie Luik,Kerf,115
1191,60000,BE33,Provincie Luik,Mokhtari,115
1191,60000,BE33,Provincie Luik,Paques,115
1191,60000,BE33,Provincie Luik,Safi,115
1191,60000,BE33,Provincie Luik,Stroobants,115
1209,60000,BE33,Provincie Luik,Abraham,114
1209,60000,BE33,Provincie Luik,Arnold,114
1209,60000,BE33,Provincie Luik,Cisse,114
1209,60000,BE33,Provincie Luik,Dawans,114
1209,60000,BE33,Provincie Luik,Marteau,114
1209,60000,BE33,Provincie Luik,Monami,114
1209,60000,BE33,Provincie Luik,Montalbano,114
1209,60000,BE33,Provincie Luik,Moonen,114
1209,60000,BE33,Provincie Luik,Nibus,114
1209,60000,BE33,Provincie Luik,Noirfalise,114
1209,60000,BE33,Provincie Luik,Oliveri,114
1209,60000,BE33,Provincie Luik,Vanderlinden,114
1209,60000,BE33,Provincie Luik,Zeevaert,114
1222,60000,BE33,Provincie Luik,Bertho,113
1222,60000,BE33,Provincie Luik,Binet,113
1222,60000,BE33,Provincie Luik,Bollette,113
1222,60000,BE33,Provincie Luik,Botty,113
1222,60000,BE33,Provincie Luik,Franquet,113
1222,60000,BE33,Provincie Luik,Garot,113
1222,60000,BE33,Provincie Luik,Lentini,113
1222,60000,BE33,Provincie Luik,Liebens,113
1222,60000,BE33,Provincie Luik,Loiseau,113
1222,60000,BE33,Provincie Luik,Marnette,113
1222,60000,BE33,Provincie Luik,Reinertz,113
1222,60000,BE33,Provincie Luik,Sinatra,113
1222,60000,BE33,Provincie Luik,Vanaubel,113
1235,60000,BE33,Provincie Luik,Baron,112
1235,60000,BE33,Provincie Luik,Begon,112
1235,60000,BE33,Provincie Luik,Corvers,112
1235,60000,BE33,Provincie Luik,Darcis,112
1235,60000,BE33,Provincie Luik,Delhougne,112
1235,60000,BE33,Provincie Luik,Dieudonné,112
1235,60000,BE33,Provincie Luik,Drèze,112
1235,60000,BE33,Provincie Luik,Fossion,112
1235,60000,BE33,Provincie Luik,Garsou,112
1235,60000,BE33,Provincie Luik,Grailet,112
1235,60000,BE33,Provincie Luik,Huysmans,112
1235,60000,BE33,Provincie Luik,Marneffe,112
1235,60000,BE33,Provincie Luik,Pallen,112
1235,60000,BE33,Provincie Luik,Pesch,112
1235,60000,BE33,Provincie Luik,Scholl,112
1235,60000,BE33,Provincie Luik,Tambour,112
1235,60000,BE33,Provincie Luik,Thoumsin,112
1235,60000,BE33,Provincie Luik,Villers,112
1235,60000,BE33,Provincie Luik,Warland,112
1254,60000,BE33,Provincie Luik,Chefneux,111
1254,60000,BE33,Provincie Luik,Debras,111
1254,60000,BE33,Provincie Luik,Franzen,111
1254,60000,BE33,Provincie Luik,Lamarche,111
1254,60000,BE33,Provincie Luik,Lamberty,111
1254,60000,BE33,Provincie Luik,Mihai,111
1254,60000,BE33,Provincie Luik,Mohammad,111
1254,60000,BE33,Provincie Luik,Ramdani,111
1254,60000,BE33,Provincie Luik,Rosen,111
1254,60000,BE33,Provincie Luik,Saint-Remy,111
1254,60000,BE33,Provincie Luik,Scibetta,111
1254,60000,BE33,Provincie Luik,Smolders,111
1254,60000,BE33,Provincie Luik,Velz,111
1254,60000,BE33,Provincie Luik,Voos,111
1254,60000,BE33,Provincie Luik,Wilmart,111
1269,60000,BE33,Provincie Luik,Cordonnier,110
1269,60000,BE33,Provincie Luik,Cremers,110
1269,60000,BE33,Provincie Luik,César,110
1269,60000,BE33,Provincie Luik,Devalet,110
1269,60000,BE33,Provincie Luik,Distexhe,110
1269,60000,BE33,Provincie Luik,Leroux,110
1269,60000,BE33,Provincie Luik,Liu,110
1269,60000,BE33,Provincie Luik,Mineo,110
1269,60000,BE33,Provincie Luik,Pace,110
1269,60000,BE33,Provincie Luik,Rocks,110
1269,60000,BE33,Provincie Luik,Swerts,110
1269,60000,BE33,Provincie Luik,Troquet,110
1269,60000,BE33,Provincie Luik,Walthéry,110
1282,60000,BE33,Provincie Luik,Banneux,109
1282,60000,BE33,Provincie Luik,Bemelmans,109
1282,60000,BE33,Provincie Luik,Bricteux,109
1282,60000,BE33,Provincie Luik,Brüll,109
1282,60000,BE33,Provincie Luik,Bultot,109
1282,60000,BE33,Provincie Luik,Crasson,109
1282,60000,BE33,Provincie Luik,Dethioux,109
1282,60000,BE33,Provincie Luik,Farina,109
1282,60000,BE33,Provincie Luik,Gathy,109
1282,60000,BE33,Provincie Luik,Haenen,109
1282,60000,BE33,Provincie Luik,Hendriks,109
1282,60000,BE33,Provincie Luik,Jouck,109
1282,60000,BE33,Provincie Luik,Kohl,109
1282,60000,BE33,Provincie Luik,Louvrier,109
1282,60000,BE33,Provincie Luik,Mehmeti,109
1282,60000,BE33,Provincie Luik,Mommer,109
1282,60000,BE33,Provincie Luik,Mosbeux,109
1282,60000,BE33,Provincie Luik,Nelissen,109
1282,60000,BE33,Provincie Luik,Putzeys,109
1301,60000,BE33,Provincie Luik,Colon,108
1301,60000,BE33,Provincie Luik,Di Salvo,108
1301,60000,BE33,Provincie Luik,Gentile,108
1301,60000,BE33,Provincie Luik,Guissard,108
1301,60000,BE33,Provincie Luik,Knapen,108
1301,60000,BE33,Provincie Luik,Lang,108
1301,60000,BE33,Provincie Luik,Lehance,108
1301,60000,BE33,Provincie Luik,Lemaitre,108
1301,60000,BE33,Provincie Luik,Plunus,108
1301,60000,BE33,Provincie Luik,Simal,108
1301,60000,BE33,Provincie Luik,Tombeur,108
1301,60000,BE33,Provincie Luik,Vandeweyer,108
1301,60000,BE33,Provincie Luik,Vliegen,108
1314,60000,BE33,Provincie Luik,Arena,107
1314,60000,BE33,Provincie Luik,Baar,107
1314,60000,BE33,Provincie Luik,Dejace,107
1314,60000,BE33,Provincie Luik,Devaux,107
1314,60000,BE33,Provincie Luik,Hermesse,107
1314,60000,BE33,Provincie Luik,Hodeige,107
1314,60000,BE33,Provincie Luik,Jodogne,107
1314,60000,BE33,Provincie Luik,Linden,107
1314,60000,BE33,Provincie Luik,Lognard,107
1314,60000,BE33,Provincie Luik,Longle,107
1314,60000,BE33,Provincie Luik,Luxen,107
1314,60000,BE33,Provincie Luik,Marin,107
1314,60000,BE33,Provincie Luik,Mausen,107
1314,60000,BE33,Provincie Luik,Pierard,107
1314,60000,BE33,Provincie Luik,Saenen,107
1314,60000,BE33,Provincie Luik,Toure,107
1314,60000,BE33,Provincie Luik,Ulusoy,107
1314,60000,BE33,Provincie Luik,Wansart,107
1314,60000,BE33,Provincie Luik,Xhrouet,107
1333,60000,BE33,Provincie Luik,Beaumont,106
1333,60000,BE33,Provincie Luik,Crosset,106
1333,60000,BE33,Provincie Luik,De Backer,106
1333,60000,BE33,Provincie Luik,De Luca,106
1333,60000,BE33,Provincie Luik,Delsupexhe,106
1333,60000,BE33,Provincie Luik,Dewalque,106
1333,60000,BE33,Provincie Luik,Dourcy,106
1333,60000,BE33,Provincie Luik,Gardier,106
1333,60000,BE33,Provincie Luik,Garnier,106
1333,60000,BE33,Provincie Luik,Honhon,106
1333,60000,BE33,Provincie Luik,Horion,106
1333,60000,BE33,Provincie Luik,Hurlet,106
1333,60000,BE33,Provincie Luik,Ibrahim,106
1333,60000,BE33,Provincie Luik,Missotten,106
1333,60000,BE33,Provincie Luik,Nivarlet,106
1333,60000,BE33,Provincie Luik,Purnelle,106
1333,60000,BE33,Provincie Luik,Scifo,106
1333,60000,BE33,Provincie Luik,Thimister,106
1333,60000,BE33,Provincie Luik,Watelet,106
1352,60000,BE33,Provincie Luik,Borsu,105
1352,60000,BE33,Provincie Luik,Counasse,105
1352,60000,BE33,Provincie Luik,Delvoye,105
1352,60000,BE33,Provincie Luik,Giltay,105
1352,60000,BE33,Provincie Luik,Mentior,105
1352,60000,BE33,Provincie Luik,Morelle,105
1352,60000,BE33,Provincie Luik,Pironnet,105
1352,60000,BE33,Provincie Luik,Prégardien,105
1352,60000,BE33,Provincie Luik,Seffer,105
1352,60000,BE33,Provincie Luik,Vullo,105
1352,60000,BE33,Provincie Luik,Welter,105
1363,60000,BE33,Provincie Luik,Afkir,104
1363,60000,BE33,Provincie Luik,Agnello,104
1363,60000,BE33,Provincie Luik,Beauve,104
1363,60000,BE33,Provincie Luik,Britte,104
1363,60000,BE33,Provincie Luik,Dawance,104
1363,60000,BE33,Provincie Luik,Detilloux,104
1363,60000,BE33,Provincie Luik,Géron,104
1363,60000,BE33,Provincie Luik,Huart,104
1363,60000,BE33,Provincie Luik,Jacquinet,104
1363,60000,BE33,Provincie Luik,Jeanpierre,104
1363,60000,BE33,Provincie Luik,Masuy,104
1363,60000,BE33,Provincie Luik,Noirhomme,104
1363,60000,BE33,Provincie Luik,Romeo,104
1363,60000,BE33,Provincie Luik,Sanfilippo,104
1363,60000,BE33,Provincie Luik,Sonnet,104
1363,60000,BE33,Provincie Luik,Verstraelen,104
1363,60000,BE33,Provincie Luik,Vitello,104
1363,60000,BE33,Provincie Luik,Volon,104
1363,60000,BE33,Provincie Luik,Voz,104
1382,60000,BE33,Provincie Luik,Barth,103
1382,60000,BE33,Provincie Luik,Bury,103
1382,60000,BE33,Provincie Luik,Califice,103
1382,60000,BE33,Provincie Luik,Crémers,103
1382,60000,BE33,Provincie Luik,Drooghaag,103
1382,60000,BE33,Provincie Luik,Gauthy,103
1382,60000,BE33,Provincie Luik,Grenier,103
1382,60000,BE33,Provincie Luik,Hellin,103
1382,60000,BE33,Provincie Luik,Hugo,103
1382,60000,BE33,Provincie Luik,Johanns,103
1382,60000,BE33,Provincie Luik,Leburton,103
1382,60000,BE33,Provincie Luik,Lefin,103
1382,60000,BE33,Provincie Luik,Lizen,103
1382,60000,BE33,Provincie Luik,Schillaci,103
1382,60000,BE33,Provincie Luik,Schommers,103
1382,60000,BE33,Provincie Luik,Sluysmans,103
1382,60000,BE33,Provincie Luik,Viellevoye,103
1382,60000,BE33,Provincie Luik,Wéra,103
1400,60000,BE33,Provincie Luik,Amato,102
1400,60000,BE33,Provincie Luik,Bonaventure,102
1400,60000,BE33,Provincie Luik,Chapelier,102
1400,60000,BE33,Provincie Luik,Cipolla,102
1400,60000,BE33,Provincie Luik,Ferrante,102
1400,60000,BE33,Provincie Luik,Jeukens,102
1400,60000,BE33,Provincie Luik,Jobé,102
1400,60000,BE33,Provincie Luik,Jolly,102
1400,60000,BE33,Provincie Luik,Lavigne,102
1400,60000,BE33,Provincie Luik,Robin,102
1400,60000,BE33,Provincie Luik,Rouxhet,102
1400,60000,BE33,Provincie Luik,Schins,102
1400,60000,BE33,Provincie Luik,Sciortino,102
1413,60000,BE33,Provincie Luik,Ancia,101
1413,60000,BE33,Provincie Luik,Chauveheid,101
1413,60000,BE33,Provincie Luik,Clermont,101
1413,60000,BE33,Provincie Luik,Crenier,101
1413,60000,BE33,Provincie Luik,Dekens,101
1413,60000,BE33,Provincie Luik,Detrez,101
1413,60000,BE33,Provincie Luik,Dombret,101
1413,60000,BE33,Provincie Luik,Köttgen,101
1413,60000,BE33,Provincie Luik,Landrain,101
1413,60000,BE33,Provincie Luik,Larock,101
1413,60000,BE33,Provincie Luik,Larue,101
1413,60000,BE33,Provincie Luik,Lehnen,101
1413,60000,BE33,Provincie Luik,Lenz,101
1413,60000,BE33,Provincie Luik,Messaoudi,101
1413,60000,BE33,Provincie Luik,Militello,101
1413,60000,BE33,Provincie Luik,Neyens,101
1413,60000,BE33,Provincie Luik,Nihon,101
1413,60000,BE33,Provincie Luik,Nowak,101
1413,60000,BE33,Provincie Luik,Ramackers,101
1413,60000,BE33,Provincie Luik,Reginster,101
1413,60000,BE33,Provincie Luik,Talbot,101
1413,60000,BE33,Provincie Luik,Tombeux,101
1413,60000,BE33,Provincie Luik,Troupin,101
1413,60000,BE33,Provincie Luik,Verpoorten,101
1437,60000,BE33,Provincie Luik,Borremans,100
1437,60000,BE33,Provincie Luik,Bougard,100
1437,60000,BE33,Provincie Luik,Corbusier,100
1437,60000,BE33,Provincie Luik,Courtoy,100
1437,60000,BE33,Provincie Luik,Danthine,100
1437,60000,BE33,Provincie Luik,Defawe,100
1437,60000,BE33,Provincie Luik,Gochel,100
1437,60000,BE33,Provincie Luik,Grétry,100
1437,60000,BE33,Provincie Luik,Ippolito,100
1437,60000,BE33,Provincie Luik,Jovanovic,100
1437,60000,BE33,Provincie Luik,Kindermans,100
1437,60000,BE33,Provincie Luik,Kupper,100
1437,60000,BE33,Provincie Luik,Lassine,100
1437,60000,BE33,Provincie Luik,Libens,100
1437,60000,BE33,Provincie Luik,Lurkin,100
1437,60000,BE33,Provincie Luik,Mauhin,100
1437,60000,BE33,Provincie Luik,Norga,100
1437,60000,BE33,Provincie Luik,Ozturk,100
1437,60000,BE33,Provincie Luik,Parisi,100
1437,60000,BE33,Provincie Luik,Polizzi,100
1437,60000,BE33,Provincie Luik,Rikir,100
1437,60000,BE33,Provincie Luik,Simonet,100
1437,60000,BE33,Provincie Luik,Van Hove,100
1,80000,BE34,Provincie Luxemburg,Lambert,"1,826"
2,80000,BE34,Provincie Luxemburg,Gérard,"1,192"
3,80000,BE34,Provincie Luxemburg,Gillet,"1,149"
4,80000,BE34,Provincie Luxemburg,Martin,"1,146"
5,80000,BE34,Provincie Luxemburg,Thiry,"1,120"
6,80000,BE34,Provincie Luxemburg,Guillaume,936
7,80000,BE34,Provincie Luxemburg,Poncelet,898
8,80000,BE34,Provincie Luxemburg,Georges,870
9,80000,BE34,Provincie Luxemburg,Simon,867
10,80000,BE34,Provincie Luxemburg,Collard,862
11,80000,BE34,Provincie Luxemburg,Léonard,849
12,80000,BE34,Provincie Luxemburg,Louis,805
13,80000,BE34,Provincie Luxemburg,Mathieu,787
14,80000,BE34,Provincie Luxemburg,Adam,767
15,80000,BE34,Provincie Luxemburg,François,753
16,80000,BE34,Provincie Luxemburg,Collignon,748
17,80000,BE34,Provincie Luxemburg,Lejeune,741
17,80000,BE34,Provincie Luxemburg,Thomas,741
19,80000,BE34,Provincie Luxemburg,Antoine,699
20,80000,BE34,Provincie Luxemburg,Noël,665
21,80000,BE34,Provincie Luxemburg,Denis,648
22,80000,BE34,Provincie Luxemburg,Poncin,646
23,80000,BE34,Provincie Luxemburg,Laurent,638
24,80000,BE34,Provincie Luxemburg,Jacques,631
25,80000,BE34,Provincie Luxemburg,Toussaint,609
26,80000,BE34,Provincie Luxemburg,Petit,606
27,80000,BE34,Provincie Luxemburg,Arnould,588
28,80000,BE34,Provincie Luxemburg,Bastin,570
29,80000,BE34,Provincie Luxemburg,Hubert,553
30,80000,BE34,Provincie Luxemburg,Lemaire,544
31,80000,BE34,Provincie Luxemburg,Collin,541
32,80000,BE34,Provincie Luxemburg,Dumont,540
32,80000,BE34,Provincie Luxemburg,Schmit,540
34,80000,BE34,Provincie Luxemburg,Michel,534
35,80000,BE34,Provincie Luxemburg,André,531
35,80000,BE34,Provincie Luxemburg,Cornet,531
35,80000,BE34,Provincie Luxemburg,Evrard,531
38,80000,BE34,Provincie Luxemburg,Marchal,518
38,80000,BE34,Provincie Luxemburg,Pierret,518
40,80000,BE34,Provincie Luxemburg,Pierre,503
41,80000,BE34,Provincie Luxemburg,Renard,479
41,80000,BE34,Provincie Luxemburg,Schmitz,479
43,80000,BE34,Provincie Luxemburg,Bertrand,471
44,80000,BE34,Provincie Luxemburg,Jacob,464
45,80000,BE34,Provincie Luxemburg,Muller,458
46,80000,BE34,Provincie Luxemburg,Dubois,445
46,80000,BE34,Provincie Luxemburg,Nicolas,445
48,80000,BE34,Provincie Luxemburg,Servais,443
49,80000,BE34,Provincie Luxemburg,Grégoire,442
50,80000,BE34,Provincie Luxemburg,Bernard,438
51,80000,BE34,Provincie Luxemburg,Robert,435
52,80000,BE34,Provincie Luxemburg,Jacquemin,426
53,80000,BE34,Provincie Luxemburg,Legrand,418
54,80000,BE34,Provincie Luxemburg,Remy,403
55,80000,BE34,Provincie Luxemburg,Dupont,401
56,80000,BE34,Provincie Luxemburg,Meunier,399
57,80000,BE34,Provincie Luxemburg,Fontaine,378
58,80000,BE34,Provincie Luxemburg,Goosse,374
59,80000,BE34,Provincie Luxemburg,Gillard,372
60,80000,BE34,Provincie Luxemburg,Maréchal,367
61,80000,BE34,Provincie Luxemburg,Leroy,365
62,80000,BE34,Provincie Luxemburg,Grandjean,359
63,80000,BE34,Provincie Luxemburg,Charlier,355
64,80000,BE34,Provincie Luxemburg,Etienne,351
65,80000,BE34,Provincie Luxemburg,Claude,344
66,80000,BE34,Provincie Luxemburg,Herman,340
67,80000,BE34,Provincie Luxemburg,Lecomte,336
68,80000,BE34,Provincie Luxemburg,Goffinet,325
69,80000,BE34,Provincie Luxemburg,Jacquet,321
69,80000,BE34,Provincie Luxemburg,Richard,321
71,80000,BE34,Provincie Luxemburg,Moreau,317
71,80000,BE34,Provincie Luxemburg,Piron,317
73,80000,BE34,Provincie Luxemburg,Goffin,307
74,80000,BE34,Provincie Luxemburg,Henry,306
75,80000,BE34,Provincie Luxemburg,Remacle,300
76,80000,BE34,Provincie Luxemburg,Vincent,299
77,80000,BE34,Provincie Luxemburg,Bodson,295
77,80000,BE34,Provincie Luxemburg,Pierrard,295
79,80000,BE34,Provincie Luxemburg,Picard,293
80,80000,BE34,Provincie Luxemburg,Boulanger,280
81,80000,BE34,Provincie Luxemburg,Brasseur,277
82,80000,BE34,Provincie Luxemburg,Gilson,275
83,80000,BE34,Provincie Luxemburg,Devillet,274
83,80000,BE34,Provincie Luxemburg,Lefèvre,274
85,80000,BE34,Provincie Luxemburg,Paquay,271
86,80000,BE34,Provincie Luxemburg,Collette,259
87,80000,BE34,Provincie Luxemburg,Leyder,258
88,80000,BE34,Provincie Luxemburg,Hardy,256
89,80000,BE34,Provincie Luxemburg,Libert,255
90,80000,BE34,Provincie Luxemburg,Guiot,253
91,80000,BE34,Provincie Luxemburg,Maquet,252
92,80000,BE34,Provincie Luxemburg,Huberty,247
93,80000,BE34,Provincie Luxemburg,Didier,243
94,80000,BE34,Provincie Luxemburg,Dabe,242
94,80000,BE34,Provincie Luxemburg,Gaspard,242
96,80000,BE34,Provincie Luxemburg,Collet,241
97,80000,BE34,Provincie Luxemburg,David,239
98,80000,BE34,Provincie Luxemburg,Blaise,237
99,80000,BE34,Provincie Luxemburg,Englebert,236
100,80000,BE34,Provincie Luxemburg,Monfort,234
101,80000,BE34,Provincie Luxemburg,Fraselle,232
102,80000,BE34,Provincie Luxemburg,Bouvy,231
103,80000,BE34,Provincie Luxemburg,Lepage,230
104,80000,BE34,Provincie Luxemburg,Clément,227
105,80000,BE34,Provincie Luxemburg,Clausse,224
106,80000,BE34,Provincie Luxemburg,Masson,218
106,80000,BE34,Provincie Luxemburg,Thirion,218
108,80000,BE34,Provincie Luxemburg,Meyer,217
108,80000,BE34,Provincie Luxemburg,Pirotte,217
110,80000,BE34,Provincie Luxemburg,Pirson,215
111,80000,BE34,Provincie Luxemburg,Gobert,214
111,80000,BE34,Provincie Luxemburg,Nicolay,214
111,80000,BE34,Provincie Luxemburg,Pierson,214
114,80000,BE34,Provincie Luxemburg,Alexandre,209
115,80000,BE34,Provincie Luxemburg,Pierlot,207
116,80000,BE34,Provincie Luxemburg,Liégeois,206
117,80000,BE34,Provincie Luxemburg,Lequeux,203
118,80000,BE34,Provincie Luxemburg,Piette,202
119,80000,BE34,Provincie Luxemburg,Demoulin,201
120,80000,BE34,Provincie Luxemburg,Pirlot,199
121,80000,BE34,Provincie Luxemburg,Mignon,198
121,80000,BE34,Provincie Luxemburg,Thill,198
121,80000,BE34,Provincie Luxemburg,Wagner,198
124,80000,BE34,Provincie Luxemburg,Déom,197
124,80000,BE34,Provincie Luxemburg,Lebrun,197
124,80000,BE34,Provincie Luxemburg,Orban,197
127,80000,BE34,Provincie Luxemburg,Huet,196
128,80000,BE34,Provincie Luxemburg,Delvaux,195
129,80000,BE34,Provincie Luxemburg,Courtois,193
130,80000,BE34,Provincie Luxemburg,Jamotte,190
131,80000,BE34,Provincie Luxemburg,Bouillon,188
132,80000,BE34,Provincie Luxemburg,Lamotte,184
133,80000,BE34,Provincie Luxemburg,Annet,183
134,80000,BE34,Provincie Luxemburg,Volvert,182
135,80000,BE34,Provincie Luxemburg,Jadot,181
136,80000,BE34,Provincie Luxemburg,Jacoby,180
136,80000,BE34,Provincie Luxemburg,Winand,180
138,80000,BE34,Provincie Luxemburg,Henrotte,179
139,80000,BE34,Provincie Luxemburg,Leboutte,178
140,80000,BE34,Provincie Luxemburg,Henrion,177
140,80000,BE34,Provincie Luxemburg,Philippe,177
140,80000,BE34,Provincie Luxemburg,Wathelet,177
143,80000,BE34,Provincie Luxemburg,Bourguignon,175
144,80000,BE34,Provincie Luxemburg,Parmentier,174
145,80000,BE34,Provincie Luxemburg,Klein,173
146,80000,BE34,Provincie Luxemburg,Joris,171
147,80000,BE34,Provincie Luxemburg,Albert,170
147,80000,BE34,Provincie Luxemburg,Gruslin,170
147,80000,BE34,Provincie Luxemburg,Philippart,170
147,80000,BE34,Provincie Luxemburg,Pochet,170
151,80000,BE34,Provincie Luxemburg,Godfroid,169
151,80000,BE34,Provincie Luxemburg,Jacqmin,169
151,80000,BE34,Provincie Luxemburg,Lefèbvre,169
154,80000,BE34,Provincie Luxemburg,Detaille,168
155,80000,BE34,Provincie Luxemburg,Baijot,167
156,80000,BE34,Provincie Luxemburg,Paulus,166
157,80000,BE34,Provincie Luxemburg,Genin,165
158,80000,BE34,Provincie Luxemburg,Wilkin,164
159,80000,BE34,Provincie Luxemburg,Decker,163
159,80000,BE34,Provincie Luxemburg,Henrard,163
161,80000,BE34,Provincie Luxemburg,Allard,162
161,80000,BE34,Provincie Luxemburg,Lallemand,162
161,80000,BE34,Provincie Luxemburg,Verlaine,162
164,80000,BE34,Provincie Luxemburg,Lahure,161
165,80000,BE34,Provincie Luxemburg,Feller,159
166,80000,BE34,Provincie Luxemburg,Lenoir,158
167,80000,BE34,Provincie Luxemburg,Habran,156
167,80000,BE34,Provincie Luxemburg,Hotton,156
167,80000,BE34,Provincie Luxemburg,Kaiser,156
170,80000,BE34,Provincie Luxemburg,Rossignon,155
171,80000,BE34,Provincie Luxemburg,Wauthier,154
172,80000,BE34,Provincie Luxemburg,Henneaux,153
172,80000,BE34,Provincie Luxemburg,Mottet,153
174,80000,BE34,Provincie Luxemburg,Cravatte,151
175,80000,BE34,Provincie Luxemburg,Delperdange,149
175,80000,BE34,Provincie Luxemburg,Georis,149
175,80000,BE34,Provincie Luxemburg,Paquet,149
178,80000,BE34,Provincie Luxemburg,Talbot,148
179,80000,BE34,Provincie Luxemburg,Dominique,147
180,80000,BE34,Provincie Luxemburg,Gilles,146
180,80000,BE34,Provincie Luxemburg,Goedert,146
180,80000,BE34,Provincie Luxemburg,Henrotin,146
183,80000,BE34,Provincie Luxemburg,Burton,145
183,80000,BE34,Provincie Luxemburg,Heinen,145
183,80000,BE34,Provincie Luxemburg,Rausch,145
186,80000,BE34,Provincie Luxemburg,Gauthier,144
186,80000,BE34,Provincie Luxemburg,Lambotte,144
186,80000,BE34,Provincie Luxemburg,Mertens,144
189,80000,BE34,Provincie Luxemburg,Hartman,143
189,80000,BE34,Provincie Luxemburg,Istace,143
189,80000,BE34,Provincie Luxemburg,Stilmant,143
192,80000,BE34,Provincie Luxemburg,Barthélemy,142
192,80000,BE34,Provincie Luxemburg,Bechoux,142
192,80000,BE34,Provincie Luxemburg,Peiffer,142
192,80000,BE34,Provincie Luxemburg,Ponsard,142
192,80000,BE34,Provincie Luxemburg,Reuter,142
192,80000,BE34,Provincie Luxemburg,Tinant,142
192,80000,BE34,Provincie Luxemburg,Wanlin,142
199,80000,BE34,Provincie Luxemburg,Duchêne,141
199,80000,BE34,Provincie Luxemburg,Leclercq,141
199,80000,BE34,Provincie Luxemburg,Michaux,141
202,80000,BE34,Provincie Luxemburg,Eppe,140
202,80000,BE34,Provincie Luxemburg,Fourny,140
202,80000,BE34,Provincie Luxemburg,Lockman,140
205,80000,BE34,Provincie Luxemburg,Leclère,139
206,80000,BE34,Provincie Luxemburg,Otjacques,138
207,80000,BE34,Provincie Luxemburg,Balon,137
207,80000,BE34,Provincie Luxemburg,Bodart,137
207,80000,BE34,Provincie Luxemburg,Collot,137
207,80000,BE34,Provincie Luxemburg,Lacroix,137
207,80000,BE34,Provincie Luxemburg,Raskin,137
212,80000,BE34,Provincie Luxemburg,Carlier,136
212,80000,BE34,Provincie Luxemburg,Paul,136
212,80000,BE34,Provincie Luxemburg,Pougin,136
215,80000,BE34,Provincie Luxemburg,Colas,135
216,80000,BE34,Provincie Luxemburg,Copine,134
216,80000,BE34,Provincie Luxemburg,Lesenfants,134
216,80000,BE34,Provincie Luxemburg,Rigaux,134
219,80000,BE34,Provincie Luxemburg,Lecoq,133
220,80000,BE34,Provincie Luxemburg,Bihain,132
220,80000,BE34,Provincie Luxemburg,Protin,132
220,80000,BE34,Provincie Luxemburg,Ska,132
223,80000,BE34,Provincie Luxemburg,Gustin,131
223,80000,BE34,Provincie Luxemburg,Mernier,131
223,80000,BE34,Provincie Luxemburg,Schroeder,131
226,80000,BE34,Provincie Luxemburg,Gouverneur,129
226,80000,BE34,Provincie Luxemburg,Peeters,129
226,80000,BE34,Provincie Luxemburg,Sosson,129
229,80000,BE34,Provincie Luxemburg,Henin,128
229,80000,BE34,Provincie Luxemburg,Urbain,128
231,80000,BE34,Provincie Luxemburg,Mahin,127
231,80000,BE34,Provincie Luxemburg,Petitjean,127
233,80000,BE34,Provincie Luxemburg,Forget,126
233,80000,BE34,Provincie Luxemburg,Maron,126
233,80000,BE34,Provincie Luxemburg,Pinson,126
236,80000,BE34,Provincie Luxemburg,Body,125
236,80000,BE34,Provincie Luxemburg,Dujardin,125
236,80000,BE34,Provincie Luxemburg,Gaillard,125
236,80000,BE34,Provincie Luxemburg,Moris,125
236,80000,BE34,Provincie Luxemburg,Renauld,125
241,80000,BE34,Provincie Luxemburg,Piérard,124
241,80000,BE34,Provincie Luxemburg,Rossion,124
243,80000,BE34,Provincie Luxemburg,Noirhomme,123
243,80000,BE34,Provincie Luxemburg,Renson,123
245,80000,BE34,Provincie Luxemburg,Bodet,122
245,80000,BE34,Provincie Luxemburg,Gofflot,122
245,80000,BE34,Provincie Luxemburg,Mertz,122
245,80000,BE34,Provincie Luxemburg,Wuidar,122
249,80000,BE34,Provincie Luxemburg,Gabriel,121
249,80000,BE34,Provincie Luxemburg,Janssens,121
251,80000,BE34,Provincie Luxemburg,Charneux,120
251,80000,BE34,Provincie Luxemburg,Lefebvre,120
251,80000,BE34,Provincie Luxemburg,Minet,120
251,80000,BE34,Provincie Luxemburg,Rosière,120
255,80000,BE34,Provincie Luxemburg,Felten,119
255,80000,BE34,Provincie Luxemburg,Golinvaux,119
255,80000,BE34,Provincie Luxemburg,Lentz,119
255,80000,BE34,Provincie Luxemburg,Roland,119
259,80000,BE34,Provincie Luxemburg,Guissard,118
259,80000,BE34,Provincie Luxemburg,Nollevaux,118
259,80000,BE34,Provincie Luxemburg,Oger,118
262,80000,BE34,Provincie Luxemburg,Delhez,117
262,80000,BE34,Provincie Luxemburg,Gratia,117
264,80000,BE34,Provincie Luxemburg,Lamy,116
265,80000,BE34,Provincie Luxemburg,Hansen,115
265,80000,BE34,Provincie Luxemburg,Latour,115
265,80000,BE34,Provincie Luxemburg,Liban,115
268,80000,BE34,Provincie Luxemburg,Depierreux,114
268,80000,BE34,Provincie Luxemburg,Lafontaine,114
270,80000,BE34,Provincie Luxemburg,Ninane,113
271,80000,BE34,Provincie Luxemburg,Ansiaux,112
271,80000,BE34,Provincie Luxemburg,Dropsy,112
271,80000,BE34,Provincie Luxemburg,Lucas,112
271,80000,BE34,Provincie Luxemburg,Weibel,112
275,80000,BE34,Provincie Luxemburg,Authelet,111
275,80000,BE34,Provincie Luxemburg,Culot,111
275,80000,BE34,Provincie Luxemburg,Zune,111
278,80000,BE34,Provincie Luxemburg,Ansion,110
278,80000,BE34,Provincie Luxemburg,Colin,110
278,80000,BE34,Provincie Luxemburg,Dasnoy,110
278,80000,BE34,Provincie Luxemburg,Jacquemart,110
278,80000,BE34,Provincie Luxemburg,Marquet,110
283,80000,BE34,Provincie Luxemburg,Dehard,109
283,80000,BE34,Provincie Luxemburg,Gengler,109
283,80000,BE34,Provincie Luxemburg,Godard,109
283,80000,BE34,Provincie Luxemburg,Javaux,109
287,80000,BE34,Provincie Luxemburg,Coulon,108
287,80000,BE34,Provincie Luxemburg,Dargenton,108
287,80000,BE34,Provincie Luxemburg,Dewalque,108
287,80000,BE34,Provincie Luxemburg,Doucet,108
287,80000,BE34,Provincie Luxemburg,Jean,108
287,80000,BE34,Provincie Luxemburg,Maury,108
287,80000,BE34,Provincie Luxemburg,Molitor,108
287,80000,BE34,Provincie Luxemburg,Olivier,108
287,80000,BE34,Provincie Luxemburg,Rousseau,108
287,80000,BE34,Provincie Luxemburg,Widart,108
297,80000,BE34,Provincie Luxemburg,Coibion,107
298,80000,BE34,Provincie Luxemburg,Calay,106
298,80000,BE34,Provincie Luxemburg,Graas,106
298,80000,BE34,Provincie Luxemburg,Loutsch,106
298,80000,BE34,Provincie Luxemburg,Piret,106
298,80000,BE34,Provincie Luxemburg,Robinet,106
298,80000,BE34,Provincie Luxemburg,Schiltz,106
304,80000,BE34,Provincie Luxemburg,Andrianne,105
304,80000,BE34,Provincie Luxemburg,Deprez,105
304,80000,BE34,Provincie Luxemburg,Félix,105
304,80000,BE34,Provincie Luxemburg,Gerard,105
304,80000,BE34,Provincie Luxemburg,Louppe,105
304,80000,BE34,Provincie Luxemburg,Magnette,105
304,80000,BE34,Provincie Luxemburg,Schul,105
304,80000,BE34,Provincie Luxemburg,Titeux,105
312,80000,BE34,Provincie Luxemburg,Gillardin,104
312,80000,BE34,Provincie Luxemburg,Pierard,104
314,80000,BE34,Provincie Luxemburg,Danloy,103
314,80000,BE34,Provincie Luxemburg,Dufour,103
314,80000,BE34,Provincie Luxemburg,Laval,103
314,80000,BE34,Provincie Luxemburg,Lobet,103
314,80000,BE34,Provincie Luxemburg,Massart,103
314,80000,BE34,Provincie Luxemburg,Weyders,103
320,80000,BE34,Provincie Luxemburg,Claes,102
320,80000,BE34,Provincie Luxemburg,Colson,102
320,80000,BE34,Provincie Luxemburg,Dion,102
320,80000,BE34,Provincie Luxemburg,Docquier,102
320,80000,BE34,Provincie Luxemburg,Marchand,102
325,80000,BE34,Provincie Luxemburg,Krier,101
325,80000,BE34,Provincie Luxemburg,Michiels,101
325,80000,BE34,Provincie Luxemburg,Pire,101
325,80000,BE34,Provincie Luxemburg,Rousseaux,101
329,80000,BE34,Provincie Luxemburg,Crémer,100
329,80000,BE34,Provincie Luxemburg,Genon,100
329,80000,BE34,Provincie Luxemburg,Lafalize,100
329,80000,BE34,Provincie Luxemburg,Mahy,100
329,80000,BE34,Provincie Luxemburg,Maissin,100
329,80000,BE34,Provincie Luxemburg,Mercier,100
329,80000,BE34,Provincie Luxemburg,Weber,100
1,90000,BE35,Provincie Namen,Lambert,"1,885"
2,90000,BE35,Provincie Namen,Marchal,"1,536"
3,90000,BE35,Provincie Namen,Martin,"1,430"
4,90000,BE35,Provincie Namen,Dubois,"1,354"
5,90000,BE35,Provincie Namen,Simon,"1,278"
6,90000,BE35,Provincie Namen,Gérard,"1,126"
7,90000,BE35,Provincie Namen,Bodart,"1,120"
8,90000,BE35,Provincie Namen,Mathieu,"1,063"
9,90000,BE35,Provincie Namen,Denis,"1,036"
10,90000,BE35,Provincie Namen,Evrard,"1,020"
11,90000,BE35,Provincie Namen,Noël,"1,012"
12,90000,BE35,Provincie Namen,Dumont,"1,007"
13,90000,BE35,Provincie Namen,Bertrand,995
14,90000,BE35,Provincie Namen,Charlier,965
15,90000,BE35,Provincie Namen,Laurent,940
16,90000,BE35,Provincie Namen,Collard,917
17,90000,BE35,Provincie Namen,Michaux,889
18,90000,BE35,Provincie Namen,Henry,877
19,90000,BE35,Provincie Namen,Renard,817
20,90000,BE35,Provincie Namen,Leclercq,808
21,90000,BE35,Provincie Namen,François,793
22,90000,BE35,Provincie Namen,Guillaume,790
23,90000,BE35,Provincie Namen,Massart,771
24,90000,BE35,Provincie Namen,Gilson,769
25,90000,BE35,Provincie Namen,Hubert,759
26,90000,BE35,Provincie Namen,Petit,757
27,90000,BE35,Provincie Namen,Toussaint,746
28,90000,BE35,Provincie Namen,Goffin,738
29,90000,BE35,Provincie Namen,Collin,728
30,90000,BE35,Provincie Namen,Dupont,726
31,90000,BE35,Provincie Namen,Leroy,718
32,90000,BE35,Provincie Namen,Delvaux,695
33,90000,BE35,Provincie Namen,Bernard,693
34,90000,BE35,Provincie Namen,André,685
35,90000,BE35,Provincie Namen,Jacques,679
36,90000,BE35,Provincie Namen,Grégoire,675
37,90000,BE35,Provincie Namen,Thiry,664
38,90000,BE35,Provincie Namen,Thomas,653
39,90000,BE35,Provincie Namen,Lemaire,639
40,90000,BE35,Provincie Namen,Michel,638
41,90000,BE35,Provincie Namen,Bastin,631
42,90000,BE35,Provincie Namen,Moreau,627
43,90000,BE35,Provincie Namen,Léonard,626
44,90000,BE35,Provincie Namen,Lejeune,623
45,90000,BE35,Provincie Namen,Nicolas,616
46,90000,BE35,Provincie Namen,Bouchat,615
47,90000,BE35,Provincie Namen,Adam,614
48,90000,BE35,Provincie Namen,Remy,599
49,90000,BE35,Provincie Namen,Robert,592
50,90000,BE35,Provincie Namen,Poncelet,591
51,90000,BE35,Provincie Namen,Fontaine,588
52,90000,BE35,Provincie Namen,Gilles,586
53,90000,BE35,Provincie Namen,Antoine,577
54,90000,BE35,Provincie Namen,Pirson,560
55,90000,BE35,Provincie Namen,Lebrun,554
56,90000,BE35,Provincie Namen,Laloux,537
57,90000,BE35,Provincie Namen,Collignon,534
58,90000,BE35,Provincie Namen,Paquet,532
59,90000,BE35,Provincie Namen,Legrand,528
60,90000,BE35,Provincie Namen,Gillet,527
61,90000,BE35,Provincie Namen,Louis,525
61,90000,BE35,Provincie Namen,Piret,525
63,90000,BE35,Provincie Namen,Lefèvre,520
64,90000,BE35,Provincie Namen,Servais,518
65,90000,BE35,Provincie Namen,Libert,514
66,90000,BE35,Provincie Namen,Piette,508
67,90000,BE35,Provincie Namen,Georges,487
68,90000,BE35,Provincie Namen,Arnould,473
69,90000,BE35,Provincie Namen,Pierre,471
70,90000,BE35,Provincie Namen,Masson,470
71,90000,BE35,Provincie Namen,Parmentier,469
72,90000,BE35,Provincie Namen,Delforge,468
73,90000,BE35,Provincie Namen,Janssens,462
74,90000,BE35,Provincie Namen,Dardenne,453
75,90000,BE35,Provincie Namen,Brasseur,451
76,90000,BE35,Provincie Namen,Gillain,443
77,90000,BE35,Provincie Namen,Charles,441
78,90000,BE35,Provincie Namen,Meunier,435
78,90000,BE35,Provincie Namen,Rousseau,435
80,90000,BE35,Provincie Namen,Lecomte,433
81,90000,BE35,Provincie Namen,Gillard,425
82,90000,BE35,Provincie Namen,Pochet,422
83,90000,BE35,Provincie Namen,Delfosse,419
84,90000,BE35,Provincie Namen,Minet,415
85,90000,BE35,Provincie Namen,Collart,410
86,90000,BE35,Provincie Namen,Peeters,409
87,90000,BE35,Provincie Namen,Matagne,407
88,90000,BE35,Provincie Namen,Jacquet,402
89,90000,BE35,Provincie Namen,Mathy,397
90,90000,BE35,Provincie Namen,Etienne,393
91,90000,BE35,Provincie Namen,Bourguignon,391
92,90000,BE35,Provincie Namen,Henin,389
92,90000,BE35,Provincie Namen,Jadot,389
94,90000,BE35,Provincie Namen,Colin,386
95,90000,BE35,Provincie Namen,Pierard,382
96,90000,BE35,Provincie Namen,Thibaut,379
97,90000,BE35,Provincie Namen,Barbier,373
98,90000,BE35,Provincie Namen,Cornet,369
99,90000,BE35,Provincie Namen,Dupuis,368
100,90000,BE35,Provincie Namen,Deprez,367
101,90000,BE35,Provincie Namen,Colot,363
102,90000,BE35,Provincie Namen,Legros,362
103,90000,BE35,Provincie Namen,Gustin,356
104,90000,BE35,Provincie Namen,Collet,353
105,90000,BE35,Provincie Namen,Boulanger,352
106,90000,BE35,Provincie Namen,Anciaux,351
107,90000,BE35,Provincie Namen,Lacroix,347
108,90000,BE35,Provincie Namen,Sacré,346
109,90000,BE35,Provincie Namen,Pire,344
110,90000,BE35,Provincie Namen,Remacle,343
111,90000,BE35,Provincie Namen,Demoulin,336
112,90000,BE35,Provincie Namen,Mathot,332
113,90000,BE35,Provincie Namen,Berger,329
114,90000,BE35,Provincie Namen,Thirion,327
115,90000,BE35,Provincie Namen,Roland,326
116,90000,BE35,Provincie Namen,Cassart,325
117,90000,BE35,Provincie Namen,Lambotte,324
118,90000,BE35,Provincie Namen,Gauthier,322
118,90000,BE35,Provincie Namen,Lefebvre,322
120,90000,BE35,Provincie Namen,Legrain,321
121,90000,BE35,Provincie Namen,Carlier,317
121,90000,BE35,Provincie Namen,Lambot,317
123,90000,BE35,Provincie Namen,Doumont,316
124,90000,BE35,Provincie Namen,Gerard,315
125,90000,BE35,Provincie Namen,Pirlot,313
126,90000,BE35,Provincie Namen,Vincent,312
127,90000,BE35,Provincie Namen,Romain,307
128,90000,BE35,Provincie Namen,Gobert,305
129,90000,BE35,Provincie Namen,Dujardin,299
130,90000,BE35,Provincie Namen,Jacobs,296
130,90000,BE35,Provincie Namen,Mercier,296
132,90000,BE35,Provincie Namen,Marion,293
133,90000,BE35,Provincie Namen,Willems,292
134,90000,BE35,Provincie Namen,Dethier,290
135,90000,BE35,Provincie Namen,Ledoux,289
136,90000,BE35,Provincie Namen,Godfroid,286
137,90000,BE35,Provincie Namen,Herman,285
137,90000,BE35,Provincie Namen,Pietquin,285
139,90000,BE35,Provincie Namen,Burton,284
140,90000,BE35,Provincie Namen,Thys,282
141,90000,BE35,Provincie Namen,Albert,281
141,90000,BE35,Provincie Namen,Devos,281
143,90000,BE35,Provincie Namen,Dricot,280
143,90000,BE35,Provincie Namen,Goffaux,280
145,90000,BE35,Provincie Namen,Wilmet,279
146,90000,BE35,Provincie Namen,Lamy,278
147,90000,BE35,Provincie Namen,Eloy,277
147,90000,BE35,Provincie Namen,Mertens,277
149,90000,BE35,Provincie Namen,Bourgeois,276
150,90000,BE35,Provincie Namen,Beguin,275
151,90000,BE35,Provincie Namen,Goossens,274
151,90000,BE35,Provincie Namen,Grandjean,274
151,90000,BE35,Provincie Namen,Michiels,274
154,90000,BE35,Provincie Namen,Culot,273
155,90000,BE35,Provincie Namen,Godefroid,272
155,90000,BE35,Provincie Namen,Maes,272
157,90000,BE35,Provincie Namen,Hardy,271
158,90000,BE35,Provincie Namen,Delcourt,270
159,90000,BE35,Provincie Namen,Jaumotte,268
159,90000,BE35,Provincie Namen,Vigneron,268
161,90000,BE35,Provincie Namen,Tasiaux,267
162,90000,BE35,Provincie Namen,Brichard,266
163,90000,BE35,Provincie Namen,Carpentier,264
163,90000,BE35,Provincie Namen,Malherbe,264
163,90000,BE35,Provincie Namen,Renier,264
166,90000,BE35,Provincie Namen,Lardinois,263
167,90000,BE35,Provincie Namen,Clément,261
168,90000,BE35,Provincie Namen,Baijot,258
169,90000,BE35,Provincie Namen,Wiame,255
170,90000,BE35,Provincie Namen,Goblet,254
170,90000,BE35,Provincie Namen,Wauthier,254
172,90000,BE35,Provincie Namen,Bodson,252
173,90000,BE35,Provincie Namen,Robin,251
174,90000,BE35,Provincie Namen,Henrard,250
174,90000,BE35,Provincie Namen,Lenoir,250
176,90000,BE35,Provincie Namen,Marchand,249
177,90000,BE35,Provincie Namen,Jeanmart,248
178,90000,BE35,Provincie Namen,David,247
178,90000,BE35,Provincie Namen,Piron,247
178,90000,BE35,Provincie Namen,Scaillet,247
181,90000,BE35,Provincie Namen,Jadoul,246
182,90000,BE35,Provincie Namen,Lallemand,245
183,90000,BE35,Provincie Namen,Baudoin,244
183,90000,BE35,Provincie Namen,Capelle,244
183,90000,BE35,Provincie Namen,Dieudonné,244
183,90000,BE35,Provincie Namen,Lorent,244
183,90000,BE35,Provincie Namen,Marlier,244
183,90000,BE35,Provincie Namen,Salmon,244
189,90000,BE35,Provincie Namen,Delvigne,243
190,90000,BE35,Provincie Namen,Pirard,240
191,90000,BE35,Provincie Namen,Delhaye,237
192,90000,BE35,Provincie Namen,Chapelle,234
192,90000,BE35,Provincie Namen,Genot,234
194,90000,BE35,Provincie Namen,Colson,233
195,90000,BE35,Provincie Namen,Alexandre,232
196,90000,BE35,Provincie Namen,Dewez,231
197,90000,BE35,Provincie Namen,Allard,230
198,90000,BE35,Provincie Namen,Lefèbvre,229
199,90000,BE35,Provincie Namen,Herbiet,228
200,90000,BE35,Provincie Namen,Mahy,227
200,90000,BE35,Provincie Namen,Willem,227
202,90000,BE35,Provincie Namen,Hastir,223
203,90000,BE35,Provincie Namen,Constant,222
204,90000,BE35,Provincie Namen,Maréchal,221
205,90000,BE35,Provincie Namen,Dessy,220
205,90000,BE35,Provincie Namen,Rase,220
207,90000,BE35,Provincie Namen,Godart,219
208,90000,BE35,Provincie Namen,Bouvier,217
208,90000,BE35,Provincie Namen,Misson,217
210,90000,BE35,Provincie Namen,Jacquemin,216
210,90000,BE35,Provincie Namen,Jassogne,216
212,90000,BE35,Provincie Namen,Masset,215
212,90000,BE35,Provincie Namen,Noel,215
212,90000,BE35,Provincie Namen,Puissant,215
215,90000,BE35,Provincie Namen,Bayet,214
215,90000,BE35,Provincie Namen,Becker,214
217,90000,BE35,Provincie Namen,Oger,211
218,90000,BE35,Provincie Namen,Gilbert,210
219,90000,BE35,Provincie Namen,Gosset,208
220,90000,BE35,Provincie Namen,Duvivier,207
220,90000,BE35,Provincie Namen,Polet,207
222,90000,BE35,Provincie Namen,Motte,206
223,90000,BE35,Provincie Namen,Wéry,205
224,90000,BE35,Provincie Namen,Jacquemart,204
224,90000,BE35,Provincie Namen,Lecocq,204
226,90000,BE35,Provincie Namen,Kinet,202
226,90000,BE35,Provincie Namen,Wouters,202
228,90000,BE35,Provincie Namen,Guiot,201
228,90000,BE35,Provincie Namen,Hosselet,201
228,90000,BE35,Provincie Namen,Renson,201
231,90000,BE35,Provincie Namen,Cuvelier,200
231,90000,BE35,Provincie Namen,Nicolay,200
233,90000,BE35,Provincie Namen,Duchêne,199
233,90000,BE35,Provincie Namen,Lefevre,199
235,90000,BE35,Provincie Namen,Charlot,198
235,90000,BE35,Provincie Namen,Desmet,198
235,90000,BE35,Provincie Namen,Diallo,198
235,90000,BE35,Provincie Namen,Havelange,198
235,90000,BE35,Provincie Namen,Hermans,198
235,90000,BE35,Provincie Namen,Liégeois,198
241,90000,BE35,Provincie Namen,Dury,197
241,90000,BE35,Provincie Namen,Poncin,197
243,90000,BE35,Provincie Namen,Dussart,196
244,90000,BE35,Provincie Namen,Olivier,194
245,90000,BE35,Provincie Namen,Englebert,193
246,90000,BE35,Provincie Namen,Dechamps,192
246,90000,BE35,Provincie Namen,Gaspard,192
246,90000,BE35,Provincie Namen,Nihoul,192
249,90000,BE35,Provincie Namen,Dave,191
250,90000,BE35,Provincie Namen,Colinet,190
250,90000,BE35,Provincie Namen,Focant,190
250,90000,BE35,Provincie Namen,Gossiaux,190
250,90000,BE35,Provincie Namen,Mignon,190
254,90000,BE35,Provincie Namen,Falque,189
254,90000,BE35,Provincie Namen,Ligot,189
256,90000,BE35,Provincie Namen,Bauduin,188
256,90000,BE35,Provincie Namen,Claes,188
256,90000,BE35,Provincie Namen,Demaret,188
256,90000,BE35,Provincie Namen,Henrot,188
256,90000,BE35,Provincie Namen,Laffineur,188
256,90000,BE35,Provincie Namen,Pierson,188
262,90000,BE35,Provincie Namen,Piérard,187
263,90000,BE35,Provincie Namen,Donnay,186
263,90000,BE35,Provincie Namen,Philippe,186
265,90000,BE35,Provincie Namen,Demanet,185
265,90000,BE35,Provincie Namen,Libois,185
267,90000,BE35,Provincie Namen,Warnier,184
268,90000,BE35,Provincie Namen,Closset,183
268,90000,BE35,Provincie Namen,Pirotte,183
268,90000,BE35,Provincie Namen,Terwagne,183
271,90000,BE35,Provincie Namen,Leblanc,182
271,90000,BE35,Provincie Namen,Mouton,182
273,90000,BE35,Provincie Namen,Jacob,181
274,90000,BE35,Provincie Namen,Materne,180
274,90000,BE35,Provincie Namen,Wilmotte,180
276,90000,BE35,Provincie Namen,Frère,179
276,90000,BE35,Provincie Namen,Parent,179
276,90000,BE35,Provincie Namen,Tonneau,179
279,90000,BE35,Provincie Namen,Fivet,177
280,90000,BE35,Provincie Namen,Courtois,176
280,90000,BE35,Provincie Namen,Gilsoul,176
280,90000,BE35,Provincie Namen,Massaux,176
280,90000,BE35,Provincie Namen,Migeot,176
284,90000,BE35,Provincie Namen,Meyer,175
285,90000,BE35,Provincie Namen,Beaujean,174
285,90000,BE35,Provincie Namen,Fadeur,174
287,90000,BE35,Provincie Namen,Richard,173
288,90000,BE35,Provincie Namen,Coulon,172
289,90000,BE35,Provincie Namen,Debry,171
289,90000,BE35,Provincie Namen,Mottet,171
291,90000,BE35,Provincie Namen,Deville,170
292,90000,BE35,Provincie Namen,Binamé,169
292,90000,BE35,Provincie Namen,Paulus,169
294,90000,BE35,Provincie Namen,Dachelet,168
294,90000,BE35,Provincie Namen,Huart,168
294,90000,BE35,Provincie Namen,Leurquin,168
294,90000,BE35,Provincie Namen,Roquet,168
298,90000,BE35,Provincie Namen,Dion,167
298,90000,BE35,Provincie Namen,Lessire,167
300,90000,BE35,Provincie Namen,Delobbe,166
301,90000,BE35,Provincie Namen,Miler,165
302,90000,BE35,Provincie Namen,Pestiaux,164
303,90000,BE35,Provincie Namen,Docquier,163
303,90000,BE35,Provincie Namen,Latour,163
305,90000,BE35,Provincie Namen,Bouffioux,162
305,90000,BE35,Provincie Namen,Debroux,162
305,90000,BE35,Provincie Namen,Lepage,162
305,90000,BE35,Provincie Namen,Philippart,162
305,90000,BE35,Provincie Namen,Regnier,162
305,90000,BE35,Provincie Namen,Vassart,162
311,90000,BE35,Provincie Namen,Devillers,161
312,90000,BE35,Provincie Namen,Lahaye,160
313,90000,BE35,Provincie Namen,Dandoy,159
314,90000,BE35,Provincie Namen,Boucher,158
314,90000,BE35,Provincie Namen,Houbion,158
314,90000,BE35,Provincie Namen,Vermeulen,158
317,90000,BE35,Provincie Namen,Marée,157
318,90000,BE35,Provincie Namen,Debuisson,156
318,90000,BE35,Provincie Namen,Detry,156
318,90000,BE35,Provincie Namen,Léonet,156
321,90000,BE35,Provincie Namen,Despontin,155
321,90000,BE35,Provincie Namen,Didion,155
321,90000,BE35,Provincie Namen,Thirifays,155
324,90000,BE35,Provincie Namen,Buchet,154
324,90000,BE35,Provincie Namen,Davin,154
324,90000,BE35,Provincie Namen,George,154
324,90000,BE35,Provincie Namen,Gigot,154
328,90000,BE35,Provincie Namen,Cambier,153
328,90000,BE35,Provincie Namen,Decamp,153
328,90000,BE35,Provincie Namen,Duchesne,153
328,90000,BE35,Provincie Namen,Lombet,153
328,90000,BE35,Provincie Namen,Moreaux,153
328,90000,BE35,Provincie Namen,Nicaise,153
328,90000,BE35,Provincie Namen,Verlaine,153
335,90000,BE35,Provincie Namen,Burlet,152
335,90000,BE35,Provincie Namen,Feron,152
337,90000,BE35,Provincie Namen,Hody,151
337,90000,BE35,Provincie Namen,Lemoine,151
337,90000,BE35,Provincie Namen,Rondeaux,151
337,90000,BE35,Provincie Namen,Yernaux,151
341,90000,BE35,Provincie Namen,Germain,150
341,90000,BE35,Provincie Namen,Goffinet,150
341,90000,BE35,Provincie Namen,Honnay,150
341,90000,BE35,Provincie Namen,Rolin,150
345,90000,BE35,Provincie Namen,Bolle,149
345,90000,BE35,Provincie Namen,Colle,149
345,90000,BE35,Provincie Namen,Warzée,149
348,90000,BE35,Provincie Namen,Delahaut,148
348,90000,BE35,Provincie Namen,Scieur,148
350,90000,BE35,Provincie Namen,Bultot,147
350,90000,BE35,Provincie Namen,Defays,147
350,90000,BE35,Provincie Namen,Lurkin,147
350,90000,BE35,Provincie Namen,Orban,147
350,90000,BE35,Provincie Namen,Rousseaux,147
355,90000,BE35,Provincie Namen,Baudoux,146
355,90000,BE35,Provincie Namen,Timsonet,146
357,90000,BE35,Provincie Namen,Bertholet,145
357,90000,BE35,Provincie Namen,Huet,145
357,90000,BE35,Provincie Namen,Maquet,145
357,90000,BE35,Provincie Namen,Schmitz,145
361,90000,BE35,Provincie Namen,Ancion,144
361,90000,BE35,Provincie Namen,Clarinval,144
363,90000,BE35,Provincie Namen,Furnémont,143
363,90000,BE35,Provincie Namen,Lucas,143
363,90000,BE35,Provincie Namen,Paul,143
366,90000,BE35,Provincie Namen,Cordier,142
366,90000,BE35,Provincie Namen,Graindorge,142
366,90000,BE35,Provincie Namen,Marneffe,142
366,90000,BE35,Provincie Namen,Molitor,142
366,90000,BE35,Provincie Namen,Paquay,142
366,90000,BE35,Provincie Namen,Tillieux,142
372,90000,BE35,Provincie Namen,Belle,141
372,90000,BE35,Provincie Namen,Chevalier,141
372,90000,BE35,Provincie Namen,Coppens,141
372,90000,BE35,Provincie Namen,Delporte,141
372,90000,BE35,Provincie Namen,Genette,141
372,90000,BE35,Provincie Namen,Marteau,141
372,90000,BE35,Provincie Namen,Sevrin,141
372,90000,BE35,Provincie Namen,Tournay,141
380,90000,BE35,Provincie Namen,Joris,140
380,90000,BE35,Provincie Namen,Leonard,140
380,90000,BE35,Provincie Namen,Pirmez,140
380,90000,BE35,Provincie Namen,Sauvage,140
384,90000,BE35,Provincie Namen,De Smet,139
384,90000,BE35,Provincie Namen,Hendrickx,139
384,90000,BE35,Provincie Namen,Hermand,139
387,90000,BE35,Provincie Namen,Cosse,138
387,90000,BE35,Provincie Namen,De Coster,138
387,90000,BE35,Provincie Namen,Decoux,138
387,90000,BE35,Provincie Namen,Vandy,138
387,90000,BE35,Provincie Namen,Wilmart,138
392,90000,BE35,Provincie Namen,Destrée,137
392,90000,BE35,Provincie Namen,Finfe,137
392,90000,BE35,Provincie Namen,Monin,137
392,90000,BE35,Provincie Namen,Vandenberghe,137
396,90000,BE35,Provincie Namen,Notte,136
396,90000,BE35,Provincie Namen,Piraux,136
396,90000,BE35,Provincie Namen,Schmit,136
399,90000,BE35,Provincie Namen,Benoit,135
399,90000,BE35,Provincie Namen,Claude,135
399,90000,BE35,Provincie Namen,Devaux,135
399,90000,BE35,Provincie Namen,Dorval,135
399,90000,BE35,Provincie Namen,Mabille,135
399,90000,BE35,Provincie Namen,Paris,135
399,90000,BE35,Provincie Namen,Somville,135
399,90000,BE35,Provincie Namen,Timmermans,135
407,90000,BE35,Provincie Namen,Leboutte,134
407,90000,BE35,Provincie Namen,Lempereur,134
407,90000,BE35,Provincie Namen,Robaye,134
410,90000,BE35,Provincie Namen,Descamps,133
410,90000,BE35,Provincie Namen,Frippiat,133
410,90000,BE35,Provincie Namen,Mahieu,133
410,90000,BE35,Provincie Namen,Neuville,133
410,90000,BE35,Provincie Namen,Pesesse,133
410,90000,BE35,Provincie Namen,Tilmant,133
416,90000,BE35,Provincie Namen,Crucifix,132
416,90000,BE35,Provincie Namen,Delchambre,132
416,90000,BE35,Provincie Namen,Genard,132
416,90000,BE35,Provincie Namen,Lange,132
416,90000,BE35,Provincie Namen,Lemmens,132
416,90000,BE35,Provincie Namen,Mazy,132
416,90000,BE35,Provincie Namen,Paulet,132
416,90000,BE35,Provincie Namen,Warnant,132
424,90000,BE35,Provincie Namen,Gobeaux,130
424,90000,BE35,Provincie Namen,Jadin,130
424,90000,BE35,Provincie Namen,Lorge,130
424,90000,BE35,Provincie Namen,Petitjean,130
424,90000,BE35,Provincie Namen,Philippot,130
429,90000,BE35,Provincie Namen,Biot,129
429,90000,BE35,Provincie Namen,Gemine,129
429,90000,BE35,Provincie Namen,Houyoux,129
429,90000,BE35,Provincie Namen,Mahaux,129
429,90000,BE35,Provincie Namen,Modave,129
429,90000,BE35,Provincie Namen,Rossi,129
435,90000,BE35,Provincie Namen,Gilot,128
435,90000,BE35,Provincie Namen,Lechat,128
435,90000,BE35,Provincie Namen,Piot,128
438,90000,BE35,Provincie Namen,Dufour,127
438,90000,BE35,Provincie Namen,Massinon,127
438,90000,BE35,Provincie Namen,Pauwels,127
438,90000,BE35,Provincie Namen,Smets,127
442,90000,BE35,Provincie Namen,Briot,126
442,90000,BE35,Provincie Namen,Dessart,126
442,90000,BE35,Provincie Namen,Istace,126
442,90000,BE35,Provincie Namen,Lahaut,126
442,90000,BE35,Provincie Namen,Wautelet,126
447,90000,BE35,Provincie Namen,Ansiaux,125
447,90000,BE35,Provincie Namen,Denil,125
447,90000,BE35,Provincie Namen,Macors,125
447,90000,BE35,Provincie Namen,Theys,125
451,90000,BE35,Provincie Namen,Daix,124
451,90000,BE35,Provincie Namen,Demars,124
451,90000,BE35,Provincie Namen,Durieux,124
451,90000,BE35,Provincie Namen,Hubeaux,124
451,90000,BE35,Provincie Namen,Lafontaine,124
456,90000,BE35,Provincie Namen,Lebon,123
456,90000,BE35,Provincie Namen,Pierret,123
456,90000,BE35,Provincie Namen,Poucet,123
456,90000,BE35,Provincie Namen,Quevrin,123
456,90000,BE35,Provincie Namen,Rasquin,123
456,90000,BE35,Provincie Namen,Wathelet,123
462,90000,BE35,Provincie Namen,Beaufays,122
462,90000,BE35,Provincie Namen,Boreux,122
462,90000,BE35,Provincie Namen,Haquenne,122
462,90000,BE35,Provincie Namen,Lannoy,122
462,90000,BE35,Provincie Namen,Ronvaux,122
462,90000,BE35,Provincie Namen,Tourneur,122
468,90000,BE35,Provincie Namen,Pirot,121
468,90000,BE35,Provincie Namen,Stevens,121
470,90000,BE35,Provincie Namen,Bouvy,120
470,90000,BE35,Provincie Namen,Guisset,120
472,90000,BE35,Provincie Namen,Defoin,119
472,90000,BE35,Provincie Namen,Delmotte,119
472,90000,BE35,Provincie Namen,Doucet,119
472,90000,BE35,Provincie Namen,Lizin,119
472,90000,BE35,Provincie Namen,Rifflart,119
472,90000,BE35,Provincie Namen,Smal,119
472,90000,BE35,Provincie Namen,Sorée,119
479,90000,BE35,Provincie Namen,Bogaert,118
479,90000,BE35,Provincie Namen,Bouillon,118
479,90000,BE35,Provincie Namen,Marot,118
479,90000,BE35,Provincie Namen,Meurice,118
479,90000,BE35,Provincie Namen,Quinet,118
479,90000,BE35,Provincie Namen,Ruelle,118
485,90000,BE35,Provincie Namen,Doyen,117
485,90000,BE35,Provincie Namen,Filée,117
485,90000,BE35,Provincie Namen,Meurant,117
485,90000,BE35,Provincie Namen,Pierrard,117
489,90000,BE35,Provincie Namen,Boland,116
489,90000,BE35,Provincie Namen,Cavillot,116
489,90000,BE35,Provincie Namen,Daoust,116
489,90000,BE35,Provincie Namen,Delatte,116
489,90000,BE35,Provincie Namen,Fiévet,116
489,90000,BE35,Provincie Namen,Francotte,116
489,90000,BE35,Provincie Namen,Lamotte,116
489,90000,BE35,Provincie Namen,Lebeau,116
497,90000,BE35,Provincie Namen,De Groote,115
497,90000,BE35,Provincie Namen,Denayer,115
497,90000,BE35,Provincie Namen,Dony,115
497,90000,BE35,Provincie Namen,Rouard,115
497,90000,BE35,Provincie Namen,Sprumont,115
502,90000,BE35,Provincie Namen,Barthélemy,114
502,90000,BE35,Provincie Namen,Dohet,114
502,90000,BE35,Provincie Namen,Dubuisson,114
502,90000,BE35,Provincie Namen,Duchène,114
502,90000,BE35,Provincie Namen,Jottard,114
502,90000,BE35,Provincie Namen,Lambrechts,114
502,90000,BE35,Provincie Namen,Ledieu,114
502,90000,BE35,Provincie Namen,Lorand,114
502,90000,BE35,Provincie Namen,Noiret,114
502,90000,BE35,Provincie Namen,Vandeloise,114
502,90000,BE35,Provincie Namen,Warnon,114
502,90000,BE35,Provincie Namen,Willame,114
514,90000,BE35,Provincie Namen,Binon,113
514,90000,BE35,Provincie Namen,Clause,113
514,90000,BE35,Provincie Namen,Compère,113
514,90000,BE35,Provincie Namen,Denison,113
514,90000,BE35,Provincie Namen,Ernoux,113
514,90000,BE35,Provincie Namen,Geerts,113
514,90000,BE35,Provincie Namen,Istasse,113
514,90000,BE35,Provincie Namen,Leduc,113
514,90000,BE35,Provincie Namen,Minne,113
523,90000,BE35,Provincie Namen,Duchateau,112
523,90000,BE35,Provincie Namen,Lesire,112
523,90000,BE35,Provincie Namen,Rosier,112
523,90000,BE35,Provincie Namen,Servotte,112
523,90000,BE35,Provincie Namen,Tonglet,112
523,90000,BE35,Provincie Namen,Van Damme,112
523,90000,BE35,Provincie Namen,Winand,112
530,90000,BE35,Provincie Namen,Balfroid,111
530,90000,BE35,Provincie Namen,Crepin,111
530,90000,BE35,Provincie Namen,Davreux,111
530,90000,BE35,Provincie Namen,Defaux,111
530,90000,BE35,Provincie Namen,Fievet,111
530,90000,BE35,Provincie Namen,Hougardy,111
530,90000,BE35,Provincie Namen,Jacqmin,111
530,90000,BE35,Provincie Namen,Polomé,111
530,90000,BE35,Provincie Namen,Radelet,111
530,90000,BE35,Provincie Namen,Rigaux,111
530,90000,BE35,Provincie Namen,Thonon,111
530,90000,BE35,Provincie Namen,Wauters,111
542,90000,BE35,Provincie Namen,Blavier,110
542,90000,BE35,Provincie Namen,Brahy,110
542,90000,BE35,Provincie Namen,Challe,110
542,90000,BE35,Provincie Namen,Champagne,110
542,90000,BE35,Provincie Namen,Detaille,110
542,90000,BE35,Provincie Namen,Draye,110
542,90000,BE35,Provincie Namen,Grolet,110
542,90000,BE35,Provincie Namen,Kavak,110
542,90000,BE35,Provincie Namen,Lissoir,110
542,90000,BE35,Provincie Namen,Romedenne,110
552,90000,BE35,Provincie Namen,De Clercq,109
552,90000,BE35,Provincie Namen,Fournier,109
552,90000,BE35,Provincie Namen,Francois,109
552,90000,BE35,Provincie Namen,Gille,109
556,90000,BE35,Provincie Namen,Dejardin,108
556,90000,BE35,Provincie Namen,Dormal,108
556,90000,BE35,Provincie Namen,Fabry,108
556,90000,BE35,Provincie Namen,Hallet,108
556,90000,BE35,Provincie Namen,Halloy,108
556,90000,BE35,Provincie Namen,Labar,108
556,90000,BE35,Provincie Namen,Moulin,108
556,90000,BE35,Provincie Namen,Warin,108
564,90000,BE35,Provincie Namen,Cornil,107
564,90000,BE35,Provincie Namen,Devigne,107
564,90000,BE35,Provincie Namen,Hiernaux,107
564,90000,BE35,Provincie Namen,Joly,107
564,90000,BE35,Provincie Namen,Scohy,107
564,90000,BE35,Provincie Namen,Vanesse,107
570,90000,BE35,Provincie Namen,Belot,106
570,90000,BE35,Provincie Namen,Claeys,106
570,90000,BE35,Provincie Namen,Dawagne,106
570,90000,BE35,Provincie Namen,Delbrouck,106
570,90000,BE35,Provincie Namen,Descy,106
570,90000,BE35,Provincie Namen,Detraux,106
570,90000,BE35,Provincie Namen,Dozot,106
570,90000,BE35,Provincie Namen,Genicot,106
570,90000,BE35,Provincie Namen,Goffart,106
570,90000,BE35,Provincie Namen,Hermant,106
570,90000,BE35,Provincie Namen,Pisvin,106
581,90000,BE35,Provincie Namen,De Backer,105
581,90000,BE35,Provincie Namen,Delcroix,105
581,90000,BE35,Provincie Namen,Goderniaux,105
581,90000,BE35,Provincie Namen,Guyaux,105
581,90000,BE35,Provincie Namen,Humblet,105
581,90000,BE35,Provincie Namen,Joyeux,105
581,90000,BE35,Provincie Namen,Sprimont,105
581,90000,BE35,Provincie Namen,Steinier,105
581,90000,BE35,Provincie Namen,Vivier,105
581,90000,BE35,Provincie Namen,Watelet,105
591,90000,BE35,Provincie Namen,Alexis,104
591,90000,BE35,Provincie Namen,Bastien,104
591,90000,BE35,Provincie Namen,Christophe,104
591,90000,BE35,Provincie Namen,Haubruge,104
591,90000,BE35,Provincie Namen,Laffut,104
591,90000,BE35,Provincie Namen,Marlair,104
591,90000,BE35,Provincie Namen,Mary,104
591,90000,BE35,Provincie Namen,Montfort,104
591,90000,BE35,Provincie Namen,Titeux,104
591,90000,BE35,Provincie Namen,Urbain,104
591,90000,BE35,Provincie Namen,Viroux,104
602,90000,BE35,Provincie Namen,Chauvier,103
602,90000,BE35,Provincie Namen,Duterme,103
602,90000,BE35,Provincie Namen,Duval,103
602,90000,BE35,Provincie Namen,Zicot,103
606,90000,BE35,Provincie Namen,Bauwens,102
606,90000,BE35,Provincie Namen,Deneffe,102
606,90000,BE35,Provincie Namen,Derenne,102
606,90000,BE35,Provincie Namen,Ghislain,102
610,90000,BE35,Provincie Namen,Aerts,101
610,90000,BE35,Provincie Namen,Boigelot,101
610,90000,BE35,Provincie Namen,Davister,101
610,90000,BE35,Provincie Namen,Delire,101
610,90000,BE35,Provincie Namen,Garot,101
610,90000,BE35,Provincie Namen,Hennuy,101
610,90000,BE35,Provincie Namen,Lobet,101
610,90000,BE35,Provincie Namen,Quertinmont,101
610,90000,BE35,Provincie Namen,Vanderlinden,101
619,90000,BE35,Provincie Namen,Demazy,100
619,90000,BE35,Provincie Namen,Dethy,100
619,90000,BE35,Provincie Namen,Detienne,100
619,90000,BE35,Provincie Namen,Dhyne,100
619,90000,BE35,Provincie Namen,Doneux,100
619,90000,BE35,Provincie Namen,Flament,100
619,90000,BE35,Provincie Namen,Libion,100
619,90000,BE35,Provincie Namen,Lizen,100
619,90000,BE35,Provincie Namen,Malotaux,100
619,90000,BE35,Provincie Namen,Pinchart,100
619,90000,BE35,Provincie Namen,Rossion,100
619,90000,BE35,Provincie Namen,Valentin,100
